{"success":15,"failed":0,"internships":[{"url":"/internship/detail/full-stack-development-web-application-development-work-from-home-job-internship-at-aero2astro1667545957","name":"Full Stack Development/Web Application Development","company":"Aero2Astro","location":"Work From Home","duration":"3 Months","stipend":"10,000 lump sum","applications":"64 applicants","skills":["Amazon Web Server (AWS)","Amazon Web Services (AWS)","AngularJS","C++ Programming","DigitalOcean","Django","Express.js","JavaScript","LARAVEL","Linux","Node.js","Python","ReactJS","React Native","Spring MVC","Tailwind CSS","User Interface (UI) Development","Windows Mobile Application Development"],"perks":["Certificate","Letter of recommendation"],"openings":"6"},{"url":"/internship/detail/net-development-work-from-home-job-internship-at-vdoit-technologies-private-limited1667544427","name":".NET Development","company":"vDoIT Technologies Private Limited","location":"Work From Home","duration":"6 Months","stipend":"8,000 /month","applications":"Be an early applicant","skills":[".NET","ASP.NET","C#","CSS","HTML","Microsoft Azure","Model View Controller(MVC)","MS SQL Server","REST API"],"perks":["Certificate","Letter of recommendation"],"openings":"2"},{"url":"/internship/detail/net-development-internship-in-nagpur-at-cyberathon1667468512","name":".NET Development","company":"Cyberathon","location":"Nagpur","duration":"6 Months","stipend":"3,000 /month","applications":"Be an early applicant","skills":["ASP.NET","CSS","HTML","JavaScript"],"perks":["Certificate","Job offer"],"openings":"10"},{"url":"/internship/detail/aspnet-development-internship-in-pune-at-quadwave-consulting1667471722","name":"ASP.NET Development","company":"Quadwave Consulting","location":"Pune","duration":"6 Months","stipend":"10,000-15,000 /month","applications":"Be an early applicant","skills":[".NET","Angular 7.0","ASP.NET","Bootstrap","C#.NET","CSS","HTML","JavaScript","jQuery","MS SQL Server"],"perks":["Certificate","Letter of recommendation","Informal dress code","5 days a week","Free snacks & beverages","Job offer"],"openings":"10"},{"url":"/internship/detail/net-development-part-time-job-internship-at-multiple-locations-in-the-digi-jugad1667471207","name":".NET Development","company":"The Digi Jugad","location":"Bhilai","duration":"3 Months","stipend":"2,000-5,000 /month","applications":"Be an early applicant","skills":[".NET","ASP.NET","Bootstrap","C#","C#.NET","CSS","HTML","JavaScript","jQuery","Model View Controller(MVC)","MS SQL Server","MySQL","Node.js","PHP","ReactJS","Search Engine Optimization (SEO)","SQL","WordPress"],"perks":["Certificate","Letter of recommendation"],"openings":"4"},{"url":"/internship/detail/aspnet-development-work-from-home-job-internship-at-wizorbit-softwares-private-limited1667463749","name":"ASP.NET Development","company":"Wizorbit Softwares Private Limited","location":"Work From Home","duration":"6 Months","stipend":"2,000 /month","applications":"Be an early applicant","skills":[".NET","ASP.NET","C#","C#.NET","HTML","JavaScript","jQuery","Model View Controller(MVC)","MS SQL Server","SQL"],"perks":["Certificate","Letter of recommendation","Flexible work hours","5 days a week","Job offer"],"openings":"4"},{"url":"/internship/detail/aspnet-mvc-development-internship-in-mumbai-at-trium-info-solutions-private-limited1667460352","name":"ASP.NET MVC Development","company":"Trium Info Solutions Private Limited","location":"Mumbai","duration":"6 Months","stipend":"8,000 /month","applications":"Be an early applicant","skills":["AJAX","ASP.NET","Bootstrap","C#","CSS","HTML","JavaScript","jQuery","Model View Controller(MVC)","MS SQL Server"],"perks":["Certificate","Letter of recommendation","Job offer"],"openings":"5"},{"url":"/internship/detail/aspnet-development-internship-in-chennai-at-artha-systems-private-limited1667375381","name":"ASP.NET Development","company":"Artha Systems Private Limited","location":"Chennai","duration":"3 Months","stipend":"2,000-5,000 /month","applications":"Be an early applicant","skills":[".NET","ASP.NET","C#","C#.NET","HTML","JavaScript","jQuery","Model View Controller(MVC)","MS SQL Server","SQL"],"perks":[],"openings":"4"},{"url":"/internship/detail/net-development-work-from-home-job-internship-at-caarya1667299511","name":".NET Development","company":"Caarya","location":"Work From Home","duration":"2 Months","stipend":"10,000 /month","applications":"53 applicants","skills":[".NET","Angular 2.0","Angular 7.0","AngularJS","ASP.NET","C#","C#.NET","CSS","HTML","JavaScript","Model View Controller(MVC)","MS SQL Server","SQL"],"perks":["Certificate","Letter of recommendation","Flexible work hours"],"openings":"4"},{"url":"/internship/detail/net-development-internship-in-chandigarh-mohali-at-itechserv1667298809","name":".NET Development","company":"ITechServ","location":"Chandigarh","duration":"6 Months","stipend":"7,000 /month","applications":"Be an early applicant","skills":[".NET","AngularJS","ASP.NET","C#","CSS","HTML","jQuery"],"perks":["Certificate","Letter of recommendation","Flexible work hours","Informal dress code","5 days a week","Free snacks & beverages"],"openings":"1"},{"url":"/internship/detail/net-development-work-from-home-job-internship-at-servolution-systems-private-limited1667276908","name":".NET Development","company":"Servolution Systems Private Limited","location":"Work From Home","duration":"3 Months","stipend":"10,000 /month","applications":"37 applicants","skills":[],"perks":["Certificate","Letter of recommendation","Job offer"],"openings":"5"},{"url":"/internship/detail/aspnet-development-internship-in-surat-at-perfecthire1667220724","name":"ASP.NET Development","company":"PerfectHire","location":"Surat","duration":"6 Months","stipend":"20,000 /month","applications":"Be an early applicant","skills":[".NET","AJAX","ASP.NET","C#","C#.NET","CSS","HTML","JavaScript","jQuery","Model View Controller(MVC)","MS SQL Server","SQL"],"perks":[],"openings":"1"},{"url":"/internship/detail/windows-development-work-from-home-job-internship-at-webskyne-private-limited1667193122","name":"Windows Development","company":"Webskyne Private Limited","location":"Work From Home","duration":"3 Months","stipend":"6,000 /month + Incentives","applications":"32 applicants","skills":[".NET","C#"],"perks":["Certificate","Letter of recommendation"],"openings":"1"},{"url":"/internship/detail/net-development-internship-in-akurdi-at-goodwill-software1667017409","name":".NET Development","company":"Goodwill Software","location":"Akurdi","duration":"4 Months","stipend":"7,000 /month","applications":"Be an early applicant","skills":[".NET","C#","C#.NET","Flutter","Model View Controller(MVC)"],"perks":["Certificate","Letter of recommendation","Informal dress code","Free snacks & beverages","Job offer"],"openings":"2"},{"url":"/internship/detail/net-development-internship-in-navi-mumbai-at-inquizity1666883610","name":".NET Development","company":"Inquizity","location":"Navi Mumbai","duration":"6 Months","stipend":"15,000 /month","applications":"Be an early applicant","skills":[".NET","ASP.NET","C#","C#.NET","CSS"],"perks":["Certificate","Letter of recommendation","5 days a week"],"openings":"2"}]}