{"success":12,"failed":0,"internships":[{"url":"/internship/detail/mechanical-engineering-3d-scanning-internship-in-chennai-at-esse-3d-technologies-private-limited1667580688","name":"Mechanical Engineering/3D Scanning","company":"Esse 3D Technologies Private Limited","location":"Chennai","duration":"6 Months","stipend":"5,000 /month","applications":"Be an early applicant","skills":["Catia","NX Siemens (formerly Unigraphics NX)","PTC Creo","SolidWorks"],"perks":["Certificate","Letter of recommendation","Informal dress code"],"openings":"2"},{"url":"/internship/detail/product-design-work-from-home-job-internship-at-calm-sleep1667558151","name":"Product Design","company":"Calm Sleep","location":"Work From Home","duration":"3 Months","stipend":"5,000 /month","applications":"Be an early applicant","skills":[],"perks":["Certificate","Letter of recommendation","5 days a week"],"openings":"3"},{"url":"/internship/detail/mechatronics-engineering-internship-in-bangalore-at-yolabs1667542526","name":"Mechatronics Engineering","company":"Yolabs","location":"Bangalore","duration":"6 Months","stipend":"11,000-15,000 /month","applications":"Be an early applicant","skills":["Arduino","Autodesk Fusion 360","Blender 3D","C++ Programming","Circuit Design","CNC Programming","Embedded Systems","Python","Raspberry Pi","Robotics","Unity 3D"],"perks":["Certificate","Letter of recommendation","Flexible work hours","Informal dress code","Free snacks & beverages","Job offer"],"openings":"3"},{"url":"/internship/detail/additive-manufacturing-fdm-internship-in-lucknow-bangalore-at-instantpost1667404667","name":"Additive Manufacturing (FDM)","company":"InstantPost","location":"Lucknow","duration":"6 Months","stipend":"2,000-6,000 /month","applications":"Be an early applicant","skills":["English Proficiency (Spoken)","English Proficiency (Written)"],"perks":["Certificate","Flexible work hours"],"openings":"1"},{"url":"/internship/detail/mechanical-engineering-3d-printing-internship-in-hyderabad-at-garuda3d1667288588","name":"Mechanical Engineering (3D Printing)","company":"Garuda3d","location":"Hyderabad","duration":"6 Months","stipend":"7,500 /month","applications":"Be an early applicant","skills":["AutoCAD","Autodesk Fusion 360","Rapid Prototyping","SolidWorks"],"perks":["Certificate","Letter of recommendation","Free snacks & beverages"],"openings":"1"},{"url":"/internship/detail/robotics-innovations-engineering-internship-in-noida-delhi-at-robospecies-technologies-private-limited1667219015","name":"Robotics/Innovations Engineering","company":"Robospecies Technologies Private Limited","location":"Noida","duration":"3 Months","stipend":"5,000 /month","applications":"28 applicants","skills":["Arduino","C++ Programming","Raspberry Pi","Robotics"],"perks":["Certificate","Letter of recommendation","Informal dress code","Job offer"],"openings":"5"},{"url":"/internship/detail/3d-mechanical-design-internship-in-delhi-at-3d-paradise1667042018","name":"3D Mechanical Design","company":"3D Paradise","location":"Delhi","duration":"6 Months","stipend":"6,000-10,000 /month","applications":"38 applicants","skills":["AutoCAD","Autodesk Fusion 360","SolidWorks"],"perks":["Certificate","Letter of recommendation","Flexible work hours","Informal dress code","Job offer"],"openings":"1"},{"url":"/internship/detail/3d-printing-internship-in-multiple-locations-at-protomont-technologies-llp1667025055","name":"3D Printing","company":"Protomont Technologies LLP","location":"Thane","duration":"3 Months","stipend":"4,000 /month","applications":"Be an early applicant","skills":["Autodesk Fusion 360","Rapid Prototyping","SolidWorks"],"perks":["Certificate","Letter of recommendation","Informal dress code"],"openings":"3"},{"url":"/internship/detail/3d-modelling-work-from-home-job-internship-at-light-verse-private-limited1666930710","name":"3D Modelling","company":"Light Verse Private Limited","location":"Work From Home","duration":"1 Month","stipend":"1,000 /month + Incentives","applications":"40 applicants","skills":["Autodesk Maya","Blender 3D"],"perks":["Certificate"],"openings":"1"},{"url":"/internship/detail/3d-modeling-and-texturing-part-time-job-internship-at-multiple-locations-in-shop3d1666276461","name":"3D Modeling and Texturing","company":"Shop3D","location":"Dehradun","duration":"2 Months","stipend":"10,000 /month","applications":"90 applicants","skills":["Blender 3D"],"perks":["Certificate","Job offer"],"openings":"1"},{"url":"/internship/detail/3d-art-internship-in-chennai-at-srushty1666847857","name":"3D Art","company":"Srushty","location":"Chennai","duration":"6 Months","stipend":"10,000-12,000 /month","applications":"Be an early applicant","skills":["Adobe After Effects","Adobe Photoshop","Adobe Premiere Pro","Blender 3D"],"perks":["Certificate"],"openings":"4"},{"url":"/internship/detail/graphic-design-work-from-home-job-internship-at-gemseason1666698047","name":"Graphic Design","company":"GemSeason","location":"Work From Home","duration":"2 Months","stipend":"3,000 /month","applications":"58 applicants","skills":["Blender 3D"],"perks":["Certificate","Flexible work hours"],"openings":"1"}]}