{"success":9,"failed":0,"internships":[{"url":"/internship/detail/mimicry-art-internship-in-delhi-at-unimonks1667458136","name":"Mimicry Art","company":"Unimonks","location":"Delhi","duration":"1 Month","stipend":"3,000-8,000 /month","applications":"Be an early applicant","skills":["Voice-over artist"],"perks":["Certificate","Letter of recommendation","Flexible work hours"],"openings":"2"},{"url":"/internship/detail/anchoring-acting-content-creation-internship-in-gurgaon-delhi-at-everstylish-lifestyle-private-limited1667364333","name":"Anchoring/Acting/Content Creation","company":"Everstylish Lifestyle Private Limited","location":"Gurgaon","duration":"3 Months","stipend":"5,000-15,000 /month","applications":"34 applicants","skills":["Acting Audition","Acting technique","Content Marketing","Social Media Marketing","Video Making"],"perks":["Certificate","Letter of recommendation"],"openings":"3"},{"url":"/internship/detail/video-content-creation-work-from-home-job-internship-at-unfiltr1667471718","name":"Video Content Creation","company":"Unfiltr","location":"Work From Home","duration":"2 Months","stipend":"5,000 /month","applications":"Be an early applicant","skills":["Content Writing","Video Editing","Video Making"],"perks":["Certificate","Letter of recommendation","Flexible work hours"],"openings":"5"},{"url":"/internship/detail/acting-work-from-home-job-internship-at-croxaint-digital-private-limited1667287304","name":"Acting","company":"CroXaint Digital Private Limited","location":"Work From Home","duration":"2 Months","stipend":"2,000 /month","applications":"38 applicants","skills":["Acting technique","English Proficiency (Spoken)","Social Media Marketing"],"perks":["Certificate","Letter of recommendation","Flexible work hours"],"openings":"3"},{"url":"/internship/detail/youtube-acting-internship-in-ludhiani-at-cryptic-media-opc-private-limited1667288521","name":"YouTube Acting","company":"Cryptic Media (OPC) Private Limited","location":"Ludhiani","duration":"4 Months","stipend":"5,000-7,000 /month","applications":"Be an early applicant","skills":["Acting Audition"],"perks":[],"openings":"10"},{"url":"/internship/detail/acting-work-from-home-job-internship-at-hapinee-solutions-private-limited1667215764","name":"Acting","company":"Hapinee Solutions Private Limited","location":"Work From Home","duration":"2 Months","stipend":"1,000 /month","applications":"Be an early applicant","skills":["Acting Audition","Acting technique","Hindi Proficiency (Spoken)","Voice-over artist","Voiceover"],"perks":["Certificate","Flexible work hours"],"openings":"2"},{"url":"/internship/detail/anchoring-and-handling-channel-internship-in-delhi-at-masti-matic-fashion-ocean1667196072","name":"Anchoring and Handling Channel","company":"Masti Matic Fashion Ocean","location":"Delhi","duration":"3 Months","stipend":"3,000-15,000 /month","applications":"Be an early applicant","skills":["Acting Audition","Anchoring","Hindi Proficiency (Spoken)"],"perks":["Certificate","Letter of recommendation","Flexible work hours","Informal dress code","5 days a week"],"openings":"1"},{"url":"/internship/detail/content-creation-work-from-home-job-internship-at-united-well-being-foundation1666956437","name":"Content Creation","company":"United-Well Being Foundation","location":"Work From Home","duration":"3 Months","stipend":"Unpaid","applications":"Be an early applicant","skills":[],"perks":["Certificate","Letter of recommendation","Flexible work hours","5 days a week"],"openings":"5"},{"url":"/internship/detail/acting-work-from-home-job-internship-at-vtor-labs1666873233","name":"Acting","company":"Vtor Labs","location":"Work From Home","duration":"3 Months","stipend":"2,000-5,000 /month","applications":"54 applicants","skills":["Acting Audition","Acting technique","Content Writing","Creative Writing","Social Media Marketing","Video Making"],"perks":["Certificate","Letter of recommendation","Flexible work hours"],"openings":"2"}]}