{"success":3,"failed":0,"internships":[{"url":"/internship/detail/agricultural-sciences-and-practices-internship-in-delhi-parbhani-at-indo-german-energy-forum-support-office1667284668","name":"Agricultural Sciences And Practices","company":"Indo-German Energy Forum Support Office","location":"Delhi","duration":"6 Months","stipend":"18,000 /month","applications":"29 applicants","skills":["Mathematics","MS-Excel","MS-Word","Report Writing"],"perks":["Certificate","5 days a week"],"openings":"1"},{"url":"/internship/detail/agriculture-food-engineering-internship-in-bangalore-at-way2agribusiness-india-private-limited1667287213","name":"Agriculture & Food Engineering","company":"Way2Agribusiness India Private Limited","location":"Bangalore","duration":"3 Months","stipend":"5,000 /month","applications":"26 applicants","skills":[],"perks":["Certificate","Letter of recommendation","Flexible work hours","Informal dress code"],"openings":"3"},{"url":"/internship/detail/agri-consulting-work-from-home-job-internship-at-kindbeings1666701845","name":"Agri Consulting","company":"KindBeings","location":"Work From Home","duration":"2 Months","stipend":"1,000 /month","applications":"141 applicants","skills":["English Proficiency (Spoken)","English Proficiency (Written)","MS-Office","MS-PowerPoint","Report Writing"],"perks":["Certificate","Letter of recommendation","Flexible work hours"],"openings":"2"}]}