{"success":40,"failed":0,"internships":[{"url":"/internship/detail/business-analytics-and-development-work-from-home-job-internship-at-eminent-technologies-solutions1667570598","name":"Business Analytics And Development","company":"Eminent Technologies Solutions","location":"Work From Home","duration":"1 Month","stipend":"1,000 /month","applications":"97 applicants","skills":["Business Research","Machine Learning","Research and Analytics"],"perks":["Certificate","Letter of recommendation","Flexible work hours"],"openings":"2"},{"url":"/internship/detail/finance-internship-in-mumbai-at-chtrbox1667566727","name":"Finance","company":"Chtrbox","location":"Mumbai","duration":"3 Months","stipend":"5,000-12,000 /month","applications":"30 applicants","skills":["Data Analytics","MS-Excel","Tally"],"perks":["Certificate","Letter of recommendation","Informal dress code"],"openings":"3"},{"url":"/internship/detail/facebook-marketing-internship-in-multiple-locations-at-the-digi-jugad1667472573","name":"Facebook Marketing","company":"The Digi Jugad","location":"Bhilai","duration":"3 Months","stipend":"4,000-8,000 /month","applications":"Be an early applicant","skills":["Facebook Marketing"],"perks":["Certificate","Letter of recommendation"],"openings":"4"},{"url":"/internship/detail/environmental-social-governance-internship-in-delhi-at-vmc-management-consulting-private-limited1667554033","name":"Environmental Social Governance","company":"VMC Management Consulting Private Limited","location":"Delhi","duration":"6 Months","stipend":"15,000 /month","applications":"Be an early applicant","skills":[],"perks":["Certificate"],"openings":"2"},{"url":"/internship/detail/equity-trading-research-analysis-internship-in-multiple-locations-at-tstock-mantra-investments1667548980","name":"Equity Trading & Research Analysis","company":"TStock Mantra Investments","location":"Thane","duration":"3 Months","stipend":"7,000-9,000 /month","applications":"Be an early applicant","skills":["Research and Analytics","Stock Trading"],"perks":["Certificate","Flexible work hours","Informal dress code","Job offer"],"openings":"5"},{"url":"/internship/detail/market-research-internship-in-mumbai-at-karmann1667460584","name":"Market Research","company":"Karmann","location":"Mumbai","duration":"3 Months","stipend":"7,500-10,000 /month","applications":"Be an early applicant","skills":["English Proficiency (Spoken)","English Proficiency (Written)","MS-Excel","MS-Office","MS-Word","Research and Analytics"],"perks":[],"openings":"1"},{"url":"/internship/detail/product-analysis-internship-in-bangalore-at-reward360-global-services-private-limited1667545252","name":"Product Analysis","company":"Reward360 Global Services Private Limited","location":"Bangalore","duration":"6 Months","stipend":"30,000 /month","applications":"39 applicants","skills":["Data Analytics","Deep Learning","Natural Language Processing (NLP)","Power BI","SAS","SQL","Tableau"],"perks":["Certificate","Informal dress code"],"openings":"4"},{"url":"/internship/detail/data-analytics-work-from-home-job-internship-at-leverage-edu1667457735","name":"Data Analytics","company":"Leverage Edu","location":"Work From Home","duration":"3 Months","stipend":"5,000 /month","applications":"137 applicants","skills":["Data Analytics","Research and Analytics"],"perks":["Flexible work hours"],"openings":"7"},{"url":"/internship/detail/research-development-work-from-home-job-internship-at-findem1667541674","name":"Research Development","company":"Findem","location":"Work From Home","duration":"6 Months","stipend":"8,000-10,000 /month","applications":"60 applicants","skills":["MS-Excel","Research and Analytics"],"perks":["Certificate","Letter of recommendation","Flexible work hours","5 days a week"],"openings":"2"},{"url":"/internship/detail/growth-hacking-internship-in-multiple-locations-at-expertrons1667537382","name":"Growth Hacking","company":"Expertrons","location":"Palghar","duration":"3 Months","stipend":"7,000-10,000 /month","applications":"28 applicants","skills":[],"perks":["Certificate","Letter of recommendation","Informal dress code","Free snacks & beverages","Job offer"],"openings":"3"},{"url":"/internship/detail/research-analyst-work-from-home-job-internship-at-virtue-market-research1667534862","name":"Research Analyst","company":"Virtue Market Research","location":"Work From Home","duration":"6 Months","stipend":"7,000 /month","applications":"68 applicants","skills":["Business Research","Content Writing","English Proficiency (Spoken)","English Proficiency (Written)","Research and Analytics"],"perks":["Certificate","Letter of recommendation","Flexible work hours","5 days a week","Job offer"],"openings":"10"},{"url":"/internship/detail/business-analytics-internship-in-multiple-locations-at-probyto-ai1667504748","name":"Business Analytics","company":"Probyto AI","location":"Delhi","duration":"6 Months","stipend":"10,000 /month","applications":"Be an early applicant","skills":["Business Analysis","Business Research","Data Analytics","English Proficiency (Written)","MS-Excel"],"perks":["Certificate","Letter of recommendation"],"openings":"2"},{"url":"/internship/detail/data-analytics-internship-in-jaipur-at-nexus-waters1667480843","name":"Data Analytics","company":"Nexus Waters","location":"Jaipur","duration":"3 Months","stipend":"3,000 /month","applications":"Be an early applicant","skills":["Data Analytics"],"perks":["Certificate","Letter of recommendation"],"openings":"4"},{"url":"/internship/detail/data-analytics-internship-in-chennai-at-positive-integers1667470313","name":"Data Analytics","company":"Positive Integers","location":"Chennai","duration":"4 Months","stipend":"10,000-12,000 /month","applications":"59 applicants","skills":[],"perks":["Certificate","Letter of recommendation","Informal dress code","5 days a week"],"openings":"2"},{"url":"/internship/detail/finance-analytics-internship-in-mumbai-at-credence-analytics1667461255","name":"Finance Analytics","company":"Credence Analytics","location":"Mumbai","duration":"6 Months","stipend":"15,000 /month","applications":"75 applicants","skills":["Financial literacy","MS-Excel","Python","SQL"],"perks":["Certificate","Letter of recommendation","Flexible work hours","Informal dress code","5 days a week"],"openings":"10"},{"url":"/internship/detail/management-training-sales-marketing-work-from-home-job-internship-at-plan-my-health1667460717","name":"Management Training (Sales Marketing)","company":"Plan My Health","location":"Work From Home","duration":"4 Months","stipend":"3,000-5,000 /month","applications":"27 applicants","skills":["Accounting","Data Analytics","MS-Excel","MS-Office"],"perks":["Certificate","Letter of recommendation","Flexible work hours"],"openings":"5"},{"url":"/internship/detail/financial-analysis-internship-in-multiple-locations-at-ruby-capital1667386822","name":"Financial Analysis","company":"Ruby Capital","location":"Pune","duration":"3 Months","stipend":"10,000 /month","applications":"82 applicants","skills":[],"perks":["Certificate","Flexible work hours","5 days a week"],"openings":"4"},{"url":"/internship/detail/content-research-work-from-home-job-internship-at-therightdoctors1667378522","name":"Content Research","company":"TheRightDoctors","location":"Work From Home","duration":"6 Months","stipend":"5,000 /month","applications":"42 applicants","skills":[],"perks":["Certificate","Flexible work hours"],"openings":"2"},{"url":"/internship/detail/financial-analysis-internship-in-multiple-locations-at-realval-private-limited1667456145","name":"Financial Analysis","company":"Realval Private Limited","location":"Faridabad","duration":"2 Months","stipend":"10,000 /month","applications":"53 applicants","skills":["Financial Modeling","MS-Excel","MS-PowerPoint"],"perks":["Certificate","Letter of recommendation","5 days a week","Job offer"],"openings":"1"},{"url":"/internship/detail/data-analytics-internship-in-indore-at-cast-india1667385971","name":"Data Analytics","company":"Cast India","location":"Indore","duration":"3 Months","stipend":"6,000 /month","applications":"108 applicants","skills":["Data Analytics","Google Analytics","MS-Excel","Python"],"perks":["Certificate","Letter of recommendation","Flexible work hours","Informal dress code","5 days a week","Free snacks & beverages"],"openings":"2"},{"url":"/internship/detail/business-analytics-internship-in-jaipur-at-techno-derivation1667453842","name":"Business Analytics","company":"Techno Derivation","location":"Jaipur","duration":"3 Months","stipend":"6,000 /month","applications":"Be an early applicant","skills":["English Proficiency (Spoken)","English Proficiency (Written)","MS-Excel","Research and Analytics"],"perks":["Certificate"],"openings":"5"},{"url":"/internship/detail/business-analyst-internship-in-mumbai-at-route-to-smile-healthcare-private-limited1667382591","name":"Business Analyst","company":"Route To Smile Healthcare Private Limited","location":"Mumbai","duration":"6 Months","stipend":"5,000-12,000 /month","applications":"Be an early applicant","skills":["Accounting","Business Analysis","Business Research","English Proficiency (Spoken)","English Proficiency (Written)","MS-Excel","MS-Office","MS-PowerPoint","MS-Word","Recruitment","Sales and Marketing","Social Media Marketing","Tally"],"perks":["Certificate","Letter of recommendation","Flexible work hours","Informal dress code"],"openings":"2"},{"url":"/internship/detail/marketing-internship-in-kolkata-at-quantta-analytics1667377350","name":"Marketing","company":"Quantta Analytics","location":"Kolkata","duration":"3 Months","stipend":"8,000 /month","applications":"Be an early applicant","skills":["Digital Marketing","Email Marketing","MS-Office","Sales and Marketing","Social Media Marketing"],"perks":["Certificate","Flexible work hours","Informal dress code"],"openings":"1"},{"url":"/internship/detail/business-analysis-internship-in-gurgaon-at-dynamic-orbits-consultants-private-limited1667388270","name":"Business Analysis","company":"Dynamic Orbits Consultants Private Limited","location":"Gurgaon","duration":"3 Months","stipend":"8,000-15,000 /month","applications":"70 applicants","skills":["Financial Modeling","MS-Excel","MS-PowerPoint"],"perks":["Certificate","Letter of recommendation","Flexible work hours","Informal dress code","5 days a week","Job offer"],"openings":"2"},{"url":"/internship/detail/operations-internship-in-jaipur-nagpur-at-urban-company1667365367","name":"Operations","company":"Urban Company","location":"Jaipur","duration":"6 Months","stipend":"18,000-22,000 /month","applications":"41 applicants","skills":["MS-Excel"],"perks":["Certificate","Informal dress code"],"openings":"2"},{"url":"/internship/detail/marketing-internship-in-mumbai-at-ace-proton-communications-digital-media-private-limited1667296174","name":"Marketing","company":"Ace Proton Communications & Digital Media Private Limited","location":"Mumbai","duration":"6 Months","stipend":"7,000 /month","applications":"Be an early applicant","skills":["Email Marketing","English Proficiency (Spoken)","English Proficiency (Written)","Hindi Proficiency (Spoken)","Social Media Marketing"],"perks":["Certificate","Letter of recommendation","Flexible work hours","Informal dress code","Job offer"],"openings":"2"},{"url":"/internship/detail/analysis-internship-in-navi-mumbai-mumbai-at-inquizity1667357683","name":"Analysis","company":"Inquizity","location":"Navi Mumbai","duration":"6 Months","stipend":"15,000 /month","applications":"205 applicants","skills":["Linear Programming","SQL"],"perks":["Certificate","5 days a week","Job offer"],"openings":"2"},{"url":"/internship/detail/business-analytics-internship-in-mumbai-at-reark-digital-preservation-private-limited1667306852","name":"Business Analytics","company":"Reark Digital Preservation Private Limited","location":"Mumbai","duration":"1 Month","stipend":"6,000-12,000 /month","applications":"78 applicants","skills":[],"perks":["Certificate","Letter of recommendation","5 days a week"],"openings":"1"},{"url":"/internship/detail/zoho-analytics-development-excel-mis-reports-internship-in-mumbai-at-resitex1667303843","name":"Zoho Analytics Development & Excel MIS Reports","company":"Resitex","location":"Mumbai","duration":"2 Months","stipend":"15,000-30,000 /month","applications":"132 applicants","skills":["Business Analysis","Data Analytics","MS-Excel"],"perks":["Letter of recommendation","Flexible work hours"],"openings":"1"},{"url":"/internship/detail/web-development-work-from-home-job-internship-at-chris-barton1667252346","name":"Web Development","company":"Chris Barton","location":"Work From Home","duration":"2 Months","stipend":"4,000 /month","applications":"103 applicants","skills":["Google AdWords","Google Analytics","HTML","JavaScript","Search Engine Optimization (SEO)","WordPress"],"perks":["Letter of recommendation","Flexible work hours","5 days a week"],"openings":"2"},{"url":"/internship/detail/business-analysis-pre-post-sales-internship-in-jaipur-at-gohashinclude-private-limited1667298187","name":"Business Analysis (Pre-Post Sales)","company":"Gohashinclude Private Limited","location":"Jaipur","duration":"2 Months","stipend":"10,000 /month","applications":"Be an early applicant","skills":["Digital Marketing","English Proficiency (Spoken)","English Proficiency (Written)","HTML","MS-Excel","MS-Office","PHP","Social Media Marketing"],"perks":["Certificate","Letter of recommendation","Flexible work hours","Informal dress code","5 days a week","Free snacks & beverages"],"openings":"4"},{"url":"/internship/detail/atal-tinkering-lab-management-data-analyst-internship-in-multiple-locations-at-scicomm1667296521","name":"Atal Tinkering Lab Management/Data Analyst","company":"SciComm","location":"Faridabad","duration":"6 Months","stipend":"20,000 /month","applications":"97 applicants","skills":["Arduino","C++ Programming","ElectronJS","Python"],"perks":["Certificate","Letter of recommendation"],"openings":"10"},{"url":"/internship/detail/business-analytics-work-from-home-job-internship-at-vayuz-technologies-private-limited1667293645","name":"Business Analytics","company":"Vayuz Technologies Private Limited","location":"Work From Home","duration":"6 Months","stipend":"7,000-10,000 /month","applications":"293 applicants","skills":[],"perks":["Certificate","Letter of recommendation","5 days a week"],"openings":"2"},{"url":"/internship/detail/marketing-research-part-time-job-internship-at-mumbai-in-quanto-agroworld-private-limited1667218813","name":"Marketing Research","company":"Quanto Agroworld Private Limited","location":"Mumbai","duration":"3 Months","stipend":"5,000 /month","applications":"Be an early applicant","skills":[],"perks":["5 days a week"],"openings":"2"},{"url":"/internship/detail/digital-marketing-internship-in-bangalore-at-etc-india-management-services-private-limited1667219587","name":"Digital Marketing","company":"ETC India Management Services Private Limited","location":"Bangalore","duration":"3 Months","stipend":"15,000-20,000 /month","applications":"58 applicants","skills":["Creative Writing","Digital Marketing","Social Media Marketing"],"perks":["Certificate","5 days a week"],"openings":"2"},{"url":"/internship/detail/digital-marketing-work-from-home-job-internship-at-trivent-soft-services1667203544","name":"Digital Marketing","company":"Trivent Soft Services","location":"Work From Home","duration":"6 Months","stipend":"5,000-8,000 /month","applications":"95 applicants","skills":["Digital Marketing","Email Marketing","English Proficiency (Written)","Search Engine Optimization (SEO)","Social Media Marketing"],"perks":["Certificate","Letter of recommendation","5 days a week","Job offer"],"openings":"2"},{"url":"/internship/detail/business-analysis-internship-in-gurgaon-at-virtubox-infotech-private-limited1667218078","name":"Business Analysis","company":"VirtuBox Infotech Private Limited","location":"Gurgaon","duration":"6 Months","stipend":"7,000 /month","applications":"Be an early applicant","skills":["Adobe Photoshop","Business Analysis","Client Relationship","CSS","HTML","JavaScript","MS-Excel","MS-PowerPoint"],"perks":["Certificate","Letter of recommendation","5 days a week","Job offer"],"openings":"1"},{"url":"/internship/detail/sustainability-and-esg-environment-social-governance-internship-in-delhi-at-vmc-management-consulting-private-limited1667209554","name":"Sustainability And ESG (Environment & Social Governance)","company":"VMC Management Consulting Private Limited","location":"Delhi","duration":"2 Months","stipend":"5,000 /month","applications":"Be an early applicant","skills":[],"perks":["Certificate","Letter of recommendation"],"openings":"2"},{"url":"/internship/detail/research-data-internship-in-delhi-at-idreamcareer1667204053","name":"Research Data","company":"IDreamCareer","location":"Delhi","duration":"6 Months","stipend":"7,000 /month","applications":"82 applicants","skills":["MS-Excel","SQL"],"perks":["Certificate","Informal dress code","5 days a week"],"openings":"1"},{"url":"/internship/detail/social-media-content-research-work-from-home-job-internship-at-hith-yoga1667201687","name":"Social Media Content Research","company":"Hith Yoga","location":"Work From Home","duration":"3 Months","stipend":"5,000 /month","applications":"87 applicants","skills":["Content Marketing","Content Writing","Research and Analytics"],"perks":["Certificate","Letter of recommendation","Flexible work hours","Job offer"],"openings":"1"}]}