{"success":18,"failed":0,"internships":[{"url":"/internship/detail/anchoring-internship-in-mumbai-at-medius-technologies-private-limited1665583749","name":"Anchoring","company":"Medius Technologies Private Limited","location":"Mumbai","duration":"6 Months","stipend":"6,000 /month","applications":"39 applicants","skills":[],"perks":[],"openings":"3"},{"url":"/internship/detail/anchoring-news-presentation-internship-in-delhi-at-unimonks1667386333","name":"Anchoring - News Presentation","company":"Unimonks","location":"Delhi","duration":"3 Months","stipend":"3,000-6,000 /month","applications":"27 applicants","skills":["Anchoring"],"perks":["Certificate","Letter of recommendation"],"openings":"3"},{"url":"/internship/detail/anchoring-acting-content-creation-internship-in-gurgaon-delhi-at-everstylish-lifestyle-private-limited1667364333","name":"Anchoring/Acting/Content Creation","company":"Everstylish Lifestyle Private Limited","location":"Gurgaon","duration":"3 Months","stipend":"5,000-15,000 /month","applications":"34 applicants","skills":["Acting Audition","Acting technique","Content Marketing","Social Media Marketing","Video Making"],"perks":["Certificate","Letter of recommendation"],"openings":"3"},{"url":"/internship/detail/desk-field-reporting-internship-in-mumbai-at-true-hunt1667020326","name":"Desk & Field Reporting","company":"True Hunt","location":"Mumbai","duration":"3 Months","stipend":"4,000 /month","applications":"Be an early applicant","skills":[],"perks":["Certificate","Informal dress code"],"openings":"2"},{"url":"/internship/detail/journalism-news-anchoring-part-time-job-internship-at-delhi-in-unimonks1667552975","name":"Journalism News Anchoring","company":"Unimonks","location":"Delhi","duration":"3 Months","stipend":"3,000-8,000 /month","applications":"33 applicants","skills":["Anchoring"],"perks":["Certificate","Letter of recommendation"],"openings":"3"},{"url":"/internship/detail/video-content-creation-work-from-home-job-internship-at-unfiltr1667471718","name":"Video Content Creation","company":"Unfiltr","location":"Work From Home","duration":"2 Months","stipend":"5,000 /month","applications":"Be an early applicant","skills":["Content Writing","Video Editing","Video Making"],"perks":["Certificate","Letter of recommendation","Flexible work hours"],"openings":"5"},{"url":"/internship/detail/live-news-anchoring-hindi-work-from-home-job-internship-at-zeeshan-shaikh-training-system1667380533","name":"Live News Anchoring (Hindi)","company":"Zeeshan Shaikh Training System","location":"Work From Home","duration":"5 Months","stipend":"1,000 /month","applications":"Be an early applicant","skills":["English Proficiency (Spoken)","English Proficiency (Written)","Hindi Proficiency (Spoken)","Hindi Proficiency (Written)"],"perks":["Certificate","Letter of recommendation"],"openings":"3"},{"url":"/internship/detail/anchoring-work-from-home-job-internship-at-cits-worldwide1667382120","name":"Anchoring","company":"CITS Worldwide","location":"Work From Home","duration":"6 Months","stipend":"5,000 /month","applications":"50 applicants","skills":["Acting technique","Anchoring","English Proficiency (Spoken)","Hindi Proficiency (Spoken)"],"perks":["Certificate","Letter of recommendation","Flexible work hours"],"openings":"1"},{"url":"/internship/detail/journalism-and-news-anchoring-work-from-home-job-internship-at-udaan-the-center-of-theatre-art-child-development1667292529","name":"Journalism And News Anchoring","company":"UDAAN - The Center Of Theatre Art & Child Development","location":"Work From Home","duration":"2 Months","stipend":"Unpaid","applications":"Be an early applicant","skills":["Creative Writing","Digital Marketing","MS-Word","Report Writing"],"perks":["Certificate"],"openings":"10"},{"url":"/internship/detail/video-presentation-anchoring-part-time-job-internship-at-noida-in-tfi-media-private-limited1667281740","name":"Video Presentation/Anchoring","company":"TFI Media Private Limited","location":"Noida","duration":"3 Months","stipend":"8,000 /month","applications":"Be an early applicant","skills":[],"perks":["Certificate","Letter of recommendation","Free snacks & beverages"],"openings":"1"},{"url":"/internship/detail/video-content-representation-work-from-home-job-internship-at-classic-peoples1667217091","name":"Video Content Representation","company":"Classic Peoples","location":"Work From Home","duration":"2 Months","stipend":"2,500 /month","applications":"28 applicants","skills":[],"perks":["Certificate","Flexible work hours"],"openings":"2"},{"url":"/internship/detail/anchoring-and-handling-channel-internship-in-delhi-at-masti-matic-fashion-ocean1667196072","name":"Anchoring and Handling Channel","company":"Masti Matic Fashion Ocean","location":"Delhi","duration":"3 Months","stipend":"3,000-15,000 /month","applications":"Be an early applicant","skills":["Acting Audition","Anchoring","Hindi Proficiency (Spoken)"],"perks":["Certificate","Letter of recommendation","Flexible work hours","Informal dress code","5 days a week"],"openings":"1"},{"url":"/internship/detail/news-anchoring-work-from-home-job-internship-at-chandra-times1667065259","name":"News Anchoring","company":"Chandra Times","location":"Work From Home","duration":"5 Months","stipend":"1,000 /month","applications":"45 applicants","skills":["Anchoring"],"perks":["Certificate","Letter of recommendation","Flexible work hours","5 days a week"],"openings":"5"},{"url":"/internship/detail/news-anchoring-and-reporting-internship-in-bhopal-at-pase-solutions-private-limited1666957901","name":"News Anchoring and Reporting","company":"Pase Solutions Private Limited","location":"Bhopal","duration":"1 Month","stipend":"5,000-10,000 /month","applications":"Be an early applicant","skills":[],"perks":["Certificate","Letter of recommendation","Flexible work hours","Informal dress code","Job offer"],"openings":"4"},{"url":"/internship/detail/anchoring-journalism-work-from-home-job-internship-at-science-of-space1666902264","name":"Anchoring & Journalism","company":"Science Of Space","location":"Work From Home","duration":"3 Months","stipend":"1,000-3,000 /month","applications":"51 applicants","skills":["Anchoring","English Proficiency (Written)","Hindi Proficiency (Spoken)","Voiceover"],"perks":["Flexible work hours","5 days a week"],"openings":"2"},{"url":"/internship/detail/live-news-anchoring-internship-in-ahmedabad-at-zeeshan-shaikh-training-system1666871162","name":"Live News Anchoring","company":"Zeeshan Shaikh Training System","location":"Ahmedabad","duration":"5 Months","stipend":"20,000 /month","applications":"Be an early applicant","skills":["English Proficiency (Spoken)","English Proficiency (Written)","Hindi Proficiency (Spoken)","Hindi Proficiency (Written)"],"perks":["Certificate","Letter of recommendation"],"openings":"2"},{"url":"/internship/detail/anchoring-work-from-home-job-internship-at-kamavibesco1666853525","name":"Anchoring","company":"Kamavibes.Co","location":"Work From Home","duration":"1 Week","stipend":"400 /week","applications":"87 applicants","skills":["English Proficiency (Spoken)"],"perks":[],"openings":"10"},{"url":"/internship/detail/video-journalism-show-hosting-work-from-home-job-internship-at-uff-foods-private-limited1665657462","name":"Video Journalism/Show Hosting","company":"UFF Foods Private Limited","location":"Work From Home","duration":"3 Months","stipend":"8,000 /month","applications":"135 applicants","skills":["English Proficiency (Spoken)","Hindi Proficiency (Spoken)"],"perks":["Certificate","Flexible work hours","Job offer"],"openings":"1"}]}