{"success":8,"failed":0,"internships":[{"url":"/internship/detail/front-end-angular-development-part-time-job-internship-at-hyderabad-in-dapplogix-software-private-limited1667461735","name":"Front-End (Angular) Development","company":"Dapplogix Software Private Limited","location":"Hyderabad","duration":"3 Months","stipend":"3,000-10,000 /month","applications":"Be an early applicant","skills":["Angular 7.0","Bootstrap","CSS","HTML","JavaScript"],"perks":["Certificate","Letter of recommendation"],"openings":"3"},{"url":"/internship/detail/angular-development-internship-in-vadodara-at-webbybutter-technologies1667458089","name":"Angular Development","company":"Webbybutter Technologies","location":"Vadodara","duration":"6 Months","stipend":"5,000 /month","applications":"Be an early applicant","skills":["Angular 2.0","Angular 7.0","AngularJS","JavaScript"],"perks":["Certificate","Letter of recommendation","Flexible work hours","Informal dress code","5 days a week"],"openings":"3"},{"url":"/internship/detail/front-end-development-angular-internship-in-bangalore-at-tesquirel-solutions-private-limited1667384021","name":"Front End Development (Angular)","company":"TesQuirel Solutions Private Limited","location":"Bangalore","duration":"6 Months","stipend":"8,000 /month","applications":"Be an early applicant","skills":["AJAX","Angular 7.0","Bootstrap","CSS","HTML","JavaScript","jQuery","TypeScript"],"perks":["Certificate","Job offer"],"openings":"2"},{"url":"/internship/detail/angular-javascript-web-development-internship-in-pune-at-real-it-solutions1667107173","name":"Angular Javascript Web Development","company":"Real IT Solutions","location":"Pune","duration":"6 Months","stipend":"5,000 /month","applications":"Be an early applicant","skills":["AJAX","Angular 7.0","Bootstrap","CSS","JavaScript","jQuery","UI & UX Design","User Interface (UI) Development"],"perks":["Certificate","Letter of recommendation"],"openings":"2"},{"url":"/internship/detail/angularjs-development-work-from-home-job-internship-at-allianz-exports1666951330","name":"Angular.js Development","company":"Allianz Exports","location":"Work From Home","duration":"1 Month","stipend":"10,000 /month","applications":"72 applicants","skills":["AngularJS"],"perks":["Certificate","Letter of recommendation","Flexible work hours","5 days a week"],"openings":"1"},{"url":"/internship/detail/django-and-angular-development-work-from-home-job-internship-at-shikhar-agrawal1666891160","name":"Django And Angular Development","company":"Shikhar Agrawal","location":"Work From Home","duration":"3 Months","stipend":"4,000-8,000 /month","applications":"85 applicants","skills":["Angular 2.0","Angular 7.0","AngularJS","CSS","Django","HTML","JavaScript","PostgreSQL","Python","REST API","TypeScript"],"perks":["Certificate","Letter of recommendation","Flexible work hours"],"openings":"1"},{"url":"/internship/detail/angular-development-work-from-home-job-internship-at-iesoft-technologies-private-limited1666787770","name":"Angular Development","company":"IESoft Technologies Private Limited","location":"Work From Home","duration":"6 Months","stipend":"20,000 /month","applications":"170 applicants","skills":["Angular 2.0","Bootstrap","CSS","JavaScript"],"perks":["Certificate","Letter of recommendation"],"openings":"4"},{"url":"/internship/detail/web-development-work-from-home-job-internship-at-intellect-select-private-limited1666354910","name":"Web Development","company":"Intellect Select Private Limited","location":"Work From Home","duration":"3 Months","stipend":"10,000 /month","applications":"189 applicants","skills":["Angular 7.0"],"perks":["Letter of recommendation"],"openings":"2"}]}