{"success":40,"failed":0,"internships":[{"url":"/internship/detail/software-design-internship-in-mumbai-at-star-india1666875001","name":"Software Design","company":"Star India","location":"Mumbai","duration":"3 Months","stipend":"20,000 /month","applications":"48 applicants","skills":["Blender 3D","UI & UX Design","Unity 3D","Unity Engine","Unreal Engine"],"perks":[],"openings":"1"},{"url":"/internship/detail/3d-animation-internship-in-gurgaon-at-experiencesdigital1666930576","name":"3D Animation","company":"Experiences.digital","location":"Gurgaon","duration":"3 Months","stipend":"8,000 /month","applications":"Be an early applicant","skills":["3ds Max","Unity 3D"],"perks":[],"openings":"4"},{"url":"/internship/detail/3d-2d-animation-internship-in-noida-at-curinnov-services-private-limited1667564510","name":"3D/2D Animation","company":"Curinnov Services Private Limited","location":"Noida","duration":"3 Months","stipend":"12,000 /month","applications":"Be an early applicant","skills":[],"perks":["Letter of recommendation","Informal dress code"],"openings":"1"},{"url":"/internship/detail/animation-work-from-home-job-internship-at-freelancer-it-services1667469449","name":"Animation","company":"Freelancer IT Services","location":"Work From Home","duration":"3 Months","stipend":"5,000-10,000 /month","applications":"Be an early applicant","skills":["Animation","Video Editing","Video Making"],"perks":["Certificate","Letter of recommendation","Flexible work hours","5 days a week"],"openings":"1"},{"url":"/internship/detail/2d-animation-internship-in-chandigarh-mohali-at-vr-xpert1667463487","name":"2D Animation","company":"VR Xpert","location":"Chandigarh","duration":"6 Months","stipend":"8,000-12,000 /month","applications":"Be an early applicant","skills":["Adobe Flash","Adobe Illustrator","Adobe Photoshop","Animation","Sketching"],"perks":["Certificate","Letter of recommendation","Informal dress code","5 days a week"],"openings":"2"},{"url":"/internship/detail/animation-work-from-home-job-internship-at-protonx-media1667368797","name":"Animation","company":"ProtonX Media","location":"Work From Home","duration":"2 Months","stipend":"3,000 /month","applications":"Be an early applicant","skills":["3ds Max","Adobe After Effects","Animation","Autodesk Revit","Blender 3D"],"perks":["Certificate","Letter of recommendation","Flexible work hours"],"openings":"1"},{"url":"/internship/detail/animation-internship-in-bangalore-at-peoplecom-private-limited1667304435","name":"Animation","company":"Peoplecom Private Limited","location":"Bangalore","duration":"6 Months","stipend":"6,000 /month","applications":"Be an early applicant","skills":["Adobe After Effects","Adobe Illustrator","Adobe Premiere Pro","Animation","Video Editing"],"perks":["Certificate","Letter of recommendation","Flexible work hours","Informal dress code","5 days a week","Free snacks & beverages","Job offer"],"openings":"2"},{"url":"/internship/detail/motion-graphics-internship-in-mira-bhayandar-at-vivify-solutions-private-limited1667307586","name":"Motion Graphics","company":"Vivify Solutions Private Limited","location":"Mira Bhayandar","duration":"3 Months","stipend":"10,000 /month","applications":"Be an early applicant","skills":["Adobe After Effects","Adobe Flash","Adobe Premiere Pro","Animation","English Proficiency (Spoken)","English Proficiency (Written)","MS-Excel","MS-PowerPoint","Video Editing"],"perks":["Certificate","Letter of recommendation","Informal dress code","Job offer"],"openings":"2"},{"url":"/internship/detail/video-making-editing-work-from-home-job-internship-at-ymgrad1667299467","name":"Video Making/Editing","company":"YMGrad","location":"Work From Home","duration":"6 Months","stipend":"10,000 /month","applications":"53 applicants","skills":["Adobe After Effects","Adobe Photoshop","Adobe Premiere Pro","Video Editing","Video Making"],"perks":["Certificate","Letter of recommendation","Flexible work hours","Job offer"],"openings":"2"},{"url":"/internship/detail/unity-game-development-internship-in-multiple-locations-at-todquest-enterprises-private-limited1667292368","name":"Unity Game Development","company":"Todquest Enterprises Private Limited","location":"Ghaziabad","duration":"3 Months","stipend":"10,000-15,000 /month","applications":"Be an early applicant","skills":["Unity 3D"],"perks":["Certificate","Flexible work hours","5 days a week","Job offer"],"openings":"1"},{"url":"/internship/detail/motion-graphics-2d-animation-work-from-home-job-internship-at-x1-race-llp1667246549","name":"Motion Graphics & 2D Animation","company":"X1 Race LLP","location":"Work From Home","duration":"2 Months","stipend":"20,000-30,000 /month","applications":"31 applicants","skills":["3ds Max","Autodesk Maya","Blender 3D","Unity 3D"],"perks":["Certificate","Letter of recommendation","Flexible work hours"],"openings":"4"},{"url":"/internship/detail/2d-animation-motion-graphics-work-from-home-job-internship-at-kloudlabz-it-solutions-private-limited1667266576","name":"2D Animation/ Motion Graphics","company":"KloudLabz IT Solutions Private Limited","location":"Work From Home","duration":"1 Month","stipend":"20,000 /month","applications":"53 applicants","skills":["Adobe After Effects","Adobe Illustrator","Adobe Photoshop","Animation"],"perks":["Job offer"],"openings":"4"},{"url":"/internship/detail/2d-motion-designing-2d-character-animation-work-from-home-job-internship-at-ocular-media1667294770","name":"2D Motion Designing/2D Character Animation","company":"Ocular Media","location":"Work From Home","duration":"3 Months","stipend":"20,000 /month","applications":"55 applicants","skills":[],"perks":["Certificate","Letter of recommendation","5 days a week"],"openings":"2"},{"url":"/internship/detail/3d-animation-work-from-home-job-internship-at-ocular-media1667294465","name":"3D Animation","company":"Ocular Media","location":"Work From Home","duration":"3 Months","stipend":"20,000 /month","applications":"47 applicants","skills":[],"perks":["Certificate","Letter of recommendation","5 days a week"],"openings":"2"},{"url":"/internship/detail/motion-graphics-video-editing-2d-3d-animation-work-from-home-job-internship-at-comic-aisle-corporation1667289727","name":"Motion Graphics/Video Editing/2D & 3D Animation","company":"Comic Aisle Corporation","location":"Work From Home","duration":"3 Months","stipend":"10,000 /month","applications":"Be an early applicant","skills":["3ds Max","Adobe After Effects","Adobe Creative Suite","Adobe Illustrator","Adobe Photoshop","Adobe Premiere Pro","Animation","Blender 3D","UI & UX Design"],"perks":["Job offer"],"openings":"1"},{"url":"/internship/detail/storyboarding-internship-in-chandigarh-mohali-at-vr-xpert1667274813","name":"Storyboarding","company":"VR Xpert","location":"Chandigarh","duration":"4 Months","stipend":"8,000-12,000 /month","applications":"Be an early applicant","skills":["Adobe Illustrator","Adobe Photoshop","Digital Art","Sketching","Storyboarding"],"perks":["Certificate","Letter of recommendation","Informal dress code","5 days a week","Free snacks & beverages"],"openings":"3"},{"url":"/internship/detail/animation-moral-stories-and-science-concepts-part-time-job-internship-at-hyderabad-in-padaayi1667230809","name":"Animation (Moral Stories And Science Concepts)","company":"Padaayi","location":"Hyderabad","duration":"2 Months","stipend":"2,000-2,500 /month","applications":"Be an early applicant","skills":["Animation","Hindi Proficiency (Spoken)","Kannada","Malayalam","Tamil Proficiency (Spoken)","Telugu Proficiency (Spoken)","Telugu Proficiency (Written)"],"perks":["Certificate","Letter of recommendation","Flexible work hours","5 days a week"],"openings":"2"},{"url":"/internship/detail/3d-modeling-and-animation-internship-in-ahmedabad-at-labh-group-of-companies1667194248","name":"3D Modeling And Animation","company":"Labh Group Of Companies","location":"Ahmedabad","duration":"2 Months","stipend":"10,000 /month","applications":"Be an early applicant","skills":["AutoCAD","Autodesk Maya","Blender 3D"],"perks":["Certificate","Letter of recommendation","Flexible work hours","Informal dress code"],"openings":"2"},{"url":"/internship/detail/graphic-design-internship-in-faridabad-gurgaon-at-papercut-events-private-limited1667056147","name":"Graphic Design","company":"Papercut Events Private Limited","location":"Faridabad","duration":"3 Months","stipend":"7,000-15,000 /month","applications":"Be an early applicant","skills":["Adobe After Effects","Adobe Illustrator","Adobe Indesign","Adobe Photoshop","Adobe Photoshop Lightroom CC","Adobe Premiere Pro","CorelDRAW","Video Editing"],"perks":["Certificate","Letter of recommendation","Flexible work hours","Informal dress code","5 days a week"],"openings":"6"},{"url":"/internship/detail/video-editing-animation-work-from-home-job-internship-at-digital-happiness1667108011","name":"Video Editing & Animation","company":"Digital Happiness","location":"Work From Home","duration":"6 Months","stipend":"5,000 /month","applications":"39 applicants","skills":["Adobe After Effects","Adobe Illustrator","Adobe Photoshop","Canva","Video Editing","Video Making"],"perks":["Certificate","Flexible work hours"],"openings":"2"},{"url":"/internship/detail/blender-animation-video-editing-internship-in-lucknow-bangalore-at-instantpost1667076775","name":"Blender Animation & Video Editing","company":"InstantPost","location":"Lucknow","duration":"6 Months","stipend":"2,000-6,000 /month","applications":"Be an early applicant","skills":["Blender 3D","English Proficiency (Spoken)","English Proficiency (Written)","GIMP","Video Editing","Video Making"],"perks":["Certificate","Flexible work hours"],"openings":"2"},{"url":"/internship/detail/2d-animation-work-from-home-job-internship-at-mr-paranormal1667068355","name":"2D Animation","company":"Mr. Paranormal","location":"Work From Home","duration":"3 Months","stipend":"8,000 /month","applications":"Be an early applicant","skills":["Animation"],"perks":["Certificate","Flexible work hours"],"openings":"5"},{"url":"/internship/detail/graphic-design-work-from-home-job-internship-at-cyberensis-infosec1666970459","name":"Graphic Design","company":"Cyberensis Infosec","location":"Work From Home","duration":"3 Months","stipend":"1,000 /month + Incentives","applications":"45 applicants","skills":["Adobe After Effects","Adobe Illustrator","Adobe Indesign","Adobe Photoshop","Adobe Photoshop Lightroom CC","Adobe Premiere Pro","UI & UX Design"],"perks":["Certificate","Letter of recommendation","Flexible work hours","5 days a week"],"openings":"2"},{"url":"/internship/detail/youtube-video-editing-work-from-home-job-internship-at-sheer-creations1667031090","name":"YouTube Video Editing","company":"Sheer Creations","location":"Work From Home","duration":"3 Months","stipend":"21,000 /month","applications":"145 applicants","skills":["Adobe After Effects","Animation","Video Editing"],"perks":["Certificate","Letter of recommendation","Flexible work hours","5 days a week"],"openings":"5"},{"url":"/internship/detail/2d-animation-work-from-home-job-internship-at-diloxy-technologies1667034022","name":"2D Animation","company":"Diloxy Technologies","location":"Work From Home","duration":"3 Months","stipend":"2,000 /month + Incentives","applications":"Be an early applicant","skills":["Adobe After Effects","Adobe Dreamweaver","Adobe Illustrator","Adobe Photoshop","Animation","Colour Theory for Designers","Design Thinking","User Interface (UI) Development"],"perks":["Certificate","Letter of recommendation","Flexible work hours"],"openings":"2"},{"url":"/internship/detail/animation-internship-in-multiple-locations-at-pinwheel-animation-studios1667033328","name":"Animation","company":"Pinwheel Animation Studios","location":"Delhi","duration":"3 Months","stipend":"6,000 /month","applications":"Be an early applicant","skills":["Adobe After Effects","Adobe Illustrator","Adobe Photoshop","Animation","Blender 3D"],"perks":["Certificate"],"openings":"5"},{"url":"/internship/detail/animation-work-from-home-job-internship-at-bhaskar-dutta1666945342","name":"Animation","company":"Bhaskar Dutta","location":"Work From Home","duration":"3 Months","stipend":"10,000 /month","applications":"Be an early applicant","skills":["Animation"],"perks":["Certificate","Flexible work hours"],"openings":"2"},{"url":"/internship/detail/communication-graphic-design-internship-in-multiple-locations-at-the-bluebeans1666965594","name":"Communication/Graphic Design","company":"The Bluebeans","location":"Delhi","duration":"3 Months","stipend":"5,000-7,000 /month","applications":"Be an early applicant","skills":["Adobe After Effects","Adobe Creative Suite","Adobe Illustrator","Adobe Indesign","Adobe Photoshop","Client Relationship","English Proficiency (Spoken)","Social Media Marketing","UI & UX Design","Video Editing"],"perks":["Certificate","Letter of recommendation","Flexible work hours","Informal dress code","5 days a week","Job offer"],"openings":"3"},{"url":"/internship/detail/3d-modelling-and-animation-internship-in-delhi-at-sakshi-media-group1666941321","name":"3D Modelling and Animation","company":"Sakshi Media Group","location":"Delhi","duration":"2 Months","stipend":"5,000 /month","applications":"Be an early applicant","skills":[],"perks":["Certificate","Letter of recommendation","Informal dress code","5 days a week"],"openings":"2"},{"url":"/internship/detail/animation-work-from-home-job-internship-at-ladder-media1666937501","name":"Animation","company":"Ladder Media","location":"Work From Home","duration":"4 Months","stipend":"10,000 /month","applications":"51 applicants","skills":["Adobe After Effects"],"perks":["Certificate","Letter of recommendation"],"openings":"4"},{"url":"/internship/detail/animation-internship-in-delhi-at-lazy-trunk1666886868","name":"Animation","company":"Lazy Trunk","location":"Delhi","duration":"3 Months","stipend":"25,000 /month","applications":"Be an early applicant","skills":["Adobe After Effects","Adobe Premiere Pro","Animation","Video Editing"],"perks":["Informal dress code","5 days a week","Job offer"],"openings":"5"},{"url":"/internship/detail/animation-work-from-home-job-internship-at-sigma-labs-betaflux1666939775","name":"Animation","company":"Sigma Labs - Betaflux","location":"Work From Home","duration":"6 Months","stipend":"7,500 /month","applications":"Be an early applicant","skills":["Adobe After Effects","Adobe Illustrator","Animation","Video Editing"],"perks":["Certificate","Letter of recommendation","5 days a week"],"openings":"1"},{"url":"/internship/detail/video-creation-animation-work-from-home-job-internship-at-vision-fulfill-digital-consulting1666778089","name":"Video Creation & Animation","company":"Vision Fulfill Digital Consulting","location":"Work From Home","duration":"6 Months","stipend":"7,500 /month","applications":"37 applicants","skills":[],"perks":["Certificate","Letter of recommendation","Flexible work hours","5 days a week"],"openings":"1"},{"url":"/internship/detail/3d-modeling-internship-in-multiple-locations-at-assist-design-automation-private-limited1666872977","name":"3D Modeling","company":"Assist Design Automation Private Limited","location":"Pune","duration":"6 Months","stipend":"8,000 /month","applications":"Be an early applicant","skills":["Blender 3D","Unity 3D","Unreal Engine"],"perks":["Certificate","Letter of recommendation","Flexible work hours","Informal dress code"],"openings":"1"},{"url":"/internship/detail/graphic-design-work-from-home-job-internship-at-wow-labz1666860380","name":"Graphic Design","company":"Wow Labz","location":"Work From Home","duration":"6 Months","stipend":"15,000-20,000 /month","applications":"109 applicants","skills":["Adobe After Effects","Adobe Illustrator","Adobe Photoshop","Adobe Premiere Pro","Social Media Marketing","Video Editing","Video Making"],"perks":["Certificate","Letter of recommendation","Flexible work hours","5 days a week"],"openings":"5"},{"url":"/internship/detail/blender-internship-in-multiple-locations-at-todquest-enterprises-private-limited1666862717","name":"Blender","company":"Todquest Enterprises Private Limited","location":"Delhi","duration":"3 Months","stipend":"10,000-15,000 /month","applications":"Be an early applicant","skills":["Blender 3D"],"perks":["Certificate","Flexible work hours","5 days a week"],"openings":"1"},{"url":"/internship/detail/motion-graphic-designer-internship-in-gurgaon-at-sparsa-digital-private-limited1666783979","name":"Motion Graphic Designer","company":"Sparsa Digital Private Limited","location":"Gurgaon","duration":"3 Months","stipend":"5,000 /month","applications":"Be an early applicant","skills":["Adobe After Effects","Adobe Photoshop","Adobe Premiere Pro","Animation","Video Editing"],"perks":["Certificate","Letter of recommendation","Informal dress code","Job offer"],"openings":"2"},{"url":"/internship/detail/video-editing-work-from-home-job-internship-at-sarika-saree-sadan1666702635","name":"Video Editing","company":"Sarika Saree Sadan","location":"Work From Home","duration":"3 Months","stipend":"1,000 lump sum + Incentives","applications":"53 applicants","skills":["Adobe Illustrator","Adobe Premiere Pro","Video Editing","Video Making"],"perks":["Certificate","Letter of recommendation","Flexible work hours","5 days a week"],"openings":"10"},{"url":"/internship/detail/2d-art-internship-in-chennai-at-fix-it-in-post-studios1666768710","name":"2D Art","company":"Fix It In Post Studios","location":"Chennai","duration":"4 Months","stipend":"7,500 /month + Incentives","applications":"Be an early applicant","skills":["Adobe After Effects","Adobe Illustrator","Adobe Photoshop","Adobe Premiere Pro"],"perks":["Certificate","Letter of recommendation","Informal dress code"],"openings":"2"},{"url":"/internship/detail/multimedia-designing-work-from-home-job-internship-at-vr-ar-mr1666765859","name":"Multimedia Designing","company":"VR AR MR","location":"Work From Home","duration":"3 Months","stipend":"2,500 /month","applications":"Be an early applicant","skills":["Adobe After Effects","Adobe Photoshop","Digital Art","Sketching","Storyboarding"],"perks":["Certificate","Letter of recommendation","Job offer"],"openings":"2"}]}