{"success":40,"failed":0,"internships":[{"url":"/internship/detail/architecture-internship-in-pune-at-lodha-workspace1667292294","name":"Architecture","company":"Lodha Workspace","location":"Pune","duration":"6 Months","stipend":"3,500-5,000 /month","applications":"Be an early applicant","skills":["Adobe Photoshop","AutoCAD","Google SketchUp","MS-Office"],"perks":["Certificate"],"openings":"2"},{"url":"/internship/detail/architecture-interior-design-internship-in-ahmedabad-at-hexaspace1667373996","name":"Architecture & Interior Design","company":"Hexaspace","location":"Ahmedabad","duration":"6 Months","stipend":"4,000 /month","applications":"Be an early applicant","skills":["3ds Max","AutoCAD","Google SketchUp"],"perks":["Certificate","Letter of recommendation","Informal dress code"],"openings":"10"},{"url":"/internship/detail/interior-design-internship-in-mumbai-at-medius-technologies-private-limited1667390311","name":"Interior Design","company":"Medius Technologies Private Limited","location":"Mumbai","duration":"6 Months","stipend":"5,000 /month","applications":"Be an early applicant","skills":["Autodesk 123D design"],"perks":[],"openings":"5"},{"url":"/internship/detail/architecture-internship-in-bangalore-at-tesor-designs1667555584","name":"Architecture","company":"Tesor Designs","location":"Bangalore","duration":"3 Months","stipend":"7,000 /month","applications":"Be an early applicant","skills":["3ds Max","AutoCAD","Autodesk Revit","MS-Office"],"perks":["Certificate","Letter of recommendation","Job offer"],"openings":"2"},{"url":"/internship/detail/civil-engineering-interior-designing-internship-in-bangalore-at-soulgoal1667580779","name":"Civil Engineering/Interior Designing","company":"Soulgoal","location":"Bangalore","duration":"6 Months","stipend":"2,000 /month","applications":"Be an early applicant","skills":["Adobe Photoshop","AutoCAD","Autodesk Revit","Autodesk SketchBook"],"perks":["Certificate","Letter of recommendation","Flexible work hours","Informal dress code"],"openings":"3"},{"url":"/internship/detail/recruitment-work-from-home-job-internship-at-archslate1667535444","name":"Recruitment","company":"ArchSlate","location":"Work From Home","duration":"6 Months","stipend":"3,000 /month","applications":"38 applicants","skills":[],"perks":["Certificate","Letter of recommendation","Flexible work hours","5 days a week"],"openings":"6"},{"url":"/internship/detail/architectural-planning-design-internship-in-mumbai-at-jiwani-construma-private-limited1667566984","name":"Architectural Planning & Design","company":"Jiwani Construma Private Limited","location":"Mumbai","duration":"6 Months","stipend":"5,000 /month","applications":"Be an early applicant","skills":["Adobe Photoshop","AutoCAD","MS-Office"],"perks":["Certificate","Letter of recommendation"],"openings":"2"},{"url":"/internship/detail/architecture-internship-in-multiple-locations-at-mag-consultancy1667543414","name":"Architecture","company":"MAG Consultancy","location":"Delhi","duration":"5 Months","stipend":"7,500-10,000 /month","applications":"Be an early applicant","skills":["Adobe Photoshop","AutoCAD","MS-Office"],"perks":["Certificate","Letter of recommendation","5 days a week"],"openings":"2"},{"url":"/internship/detail/architecture-internship-in-chennai-at-charis-constructions-private-limited1667539122","name":"Architecture","company":"Charis Constructions Private Limited","location":"Chennai","duration":"6 Months","stipend":"2,000 /month","applications":"Be an early applicant","skills":["3ds Max","Adobe Illustrator","Adobe Photoshop","AutoCAD","Autodesk Revit","MS-Office"],"perks":["Certificate","Letter of recommendation","Job offer"],"openings":"3"},{"url":"/internship/detail/traditional-architecture-work-from-home-job-internship-at-vaidarbhi-foods1667489758","name":"Traditional Architecture","company":"Vaidarbhi Foods","location":"Work From Home","duration":"2 Weeks","stipend":"250 /week","applications":"Be an early applicant","skills":["3ds Max","AutoCAD","Autodesk SketchBook"],"perks":["Certificate","Letter of recommendation","Flexible work hours","Job offer"],"openings":"1"},{"url":"/internship/detail/architecture-internship-in-ahmedabad-at-jag-designers-private-limited1667547017","name":"Architecture","company":"JAG Designers Private Limited","location":"Ahmedabad","duration":"6 Months","stipend":"3,000-6,000 /month","applications":"Be an early applicant","skills":["Adobe Photoshop","AutoCAD","Autodesk Revit"],"perks":["Certificate","Letter of recommendation"],"openings":"6"},{"url":"/internship/detail/architecture-internship-in-nagpur-at-ankit-sunder-goglani1667540630","name":"Architecture","company":"Ankit Sunder Goglani","location":"Nagpur","duration":"6 Months","stipend":"2,500 /month + Incentives","applications":"Be an early applicant","skills":["AutoCAD"],"perks":["Certificate","Letter of recommendation","Flexible work hours","Informal dress code"],"openings":"2"},{"url":"/internship/detail/architecture-internship-in-hubli-at-carboncraft1667540407","name":"Architecture","company":"CarbonCraft","location":"Hubli","duration":"6 Months","stipend":"5,000 /month","applications":"Be an early applicant","skills":[],"perks":["Informal dress code"],"openings":"1"},{"url":"/internship/detail/architecture-and-interior-designing-internship-in-ahmedabad-at-raw-project1667538747","name":"Architecture and Interior Designing","company":"Raw Project","location":"Ahmedabad","duration":"6 Months","stipend":"5,000-7,000 /month","applications":"Be an early applicant","skills":["Adobe Illustrator","Adobe Indesign","Adobe Photoshop","AutoCAD","Google SketchUp","Sketching"],"perks":["Certificate","Letter of recommendation","Informal dress code","Free snacks & beverages"],"openings":"2"},{"url":"/internship/detail/architecture-internship-in-bangalore-at-kod-architects1667533725","name":"Architecture","company":"KOD Architects","location":"Bangalore","duration":"6 Months","stipend":"3,000 /month","applications":"Be an early applicant","skills":["3ds Max","Adobe Photoshop","AutoCAD","Autodesk Revit","MS-Office"],"perks":["Certificate","Letter of recommendation"],"openings":"3"},{"url":"/internship/detail/interior-design-internship-in-delhi-at-manglam-interiors1667453005","name":"Interior Design","company":"Manglam Interiors","location":"Delhi","duration":"3 Months","stipend":"4,000 /month","applications":"Be an early applicant","skills":["3ds Max","AutoCAD","Autodesk Inventor","Autodesk Revit"],"perks":["Certificate","Letter of recommendation","Flexible work hours","Informal dress code"],"openings":"4"},{"url":"/internship/detail/architecture-work-from-home-job-internship-at-raiseclick-online-solutions-private-limited1667461460","name":"Architecture","company":"RaiseClick Online Solutions Private Limited","location":"Work From Home","duration":"2 Months","stipend":"2,000 /month","applications":"Be an early applicant","skills":["3ds Max","Adobe Photoshop","AutoCAD","Autodesk Revit","STAAD.Pro"],"perks":["Certificate","Letter of recommendation","Flexible work hours"],"openings":"2"},{"url":"/internship/detail/interior-design-architect-internship-in-ahmedabad-at-jm-architects1667460823","name":"Interior Design/Architect","company":"JM Architects","location":"Ahmedabad","duration":"6 Months","stipend":"5,000 /month + Incentives","applications":"Be an early applicant","skills":["AutoCAD","Google SketchUp"],"perks":["Flexible work hours","Informal dress code"],"openings":"2"},{"url":"/internship/detail/architecture-part-time-job-internship-at-indore-in-locus-design-works1667458879","name":"Architecture","company":"Locus Design Works","location":"Indore","duration":"6 Months","stipend":"3,000-5,000 /month","applications":"Be an early applicant","skills":["Adobe Photoshop","AutoCAD","Autodesk Revit"],"perks":["Certificate","Letter of recommendation","Flexible work hours","Informal dress code"],"openings":"1"},{"url":"/internship/detail/interior-design-internship-in-multiple-locations-at-asia-interiors-exteriors1667448309","name":"Interior Design","company":"Asia Interiors & Exteriors","location":"Ajmer","duration":"6 Months","stipend":"2,000 /month","applications":"Be an early applicant","skills":["3ds Max","Adobe Photoshop","AutoCAD","Autodesk Revit","Autodesk SketchBook"],"perks":["Certificate","Letter of recommendation","Flexible work hours","5 days a week","Free snacks & beverages","Job offer"],"openings":"6"},{"url":"/internship/detail/sales-cum-interior-designing-internship-in-multiple-locations-at-greatworks-interiors-private-limited1667371408","name":"Sales Cum Interior Designing","company":"Greatworks Interiors Private Limited","location":"Chennai","duration":"6 Months","stipend":"5,000 /month","applications":"Be an early applicant","skills":["AutoCAD","Client Relationship","Estimation (estimating)"],"perks":[],"openings":"1"},{"url":"/internship/detail/architecture-internship-in-gurgaon-at-studio-materium1667376616","name":"Architecture","company":"Studio Materium","location":"Gurgaon","duration":"6 Months","stipend":"10,000 /month","applications":"Be an early applicant","skills":["3ds Max","AutoCAD","Autodesk Revit"],"perks":["Certificate","Letter of recommendation"],"openings":"2"},{"url":"/internship/detail/interior-design-internship-in-delhi-at-home-developers-llp1667376588","name":"Interior Design","company":"Home Developers LLP","location":"Delhi","duration":"3 Months","stipend":"6,000-10,000 /month","applications":"30 applicants","skills":["3ds Max","Adobe Photoshop","AutoCAD"],"perks":["Certificate","Letter of recommendation","Flexible work hours","Free snacks & beverages","Job offer"],"openings":"2"},{"url":"/internship/detail/architecture-internship-in-delhi-at-indo-fusion-interiors-pvt-ltd1667369600","name":"Architecture","company":"Indo Fusion Interiors Pvt Ltd","location":"Delhi","duration":"6 Months","stipend":"5,000-10,000 /month","applications":"Be an early applicant","skills":["Adobe Photoshop","AutoCAD","MS-Office"],"perks":["Certificate","Letter of recommendation","Informal dress code","Job offer"],"openings":"2"},{"url":"/internship/detail/architecture-content-and-social-media-marketing-work-from-home-job-internship-at-archslate1667313227","name":"Architecture (Content And Social Media Marketing)","company":"ArchSlate","location":"Work From Home","duration":"6 Months","stipend":"3,000 /month + Incentives","applications":"Be an early applicant","skills":[],"perks":["Certificate","Letter of recommendation","Flexible work hours","5 days a week"],"openings":"4"},{"url":"/internship/detail/interior-design-internship-in-multiple-locations-at-living-balconies1667294241","name":"Interior Design","company":"Living Balconies","location":"Gurgaon","duration":"6 Months","stipend":"3,000 /month","applications":"Be an early applicant","skills":["MS-Excel","MS-Word"],"perks":["Certificate","Letter of recommendation","Informal dress code","5 days a week","Free snacks & beverages"],"openings":"4"},{"url":"/internship/detail/interior-design-internship-in-bangalore-at-evolve-architects1667289405","name":"Interior Design","company":"Evolve Architects","location":"Bangalore","duration":"6 Months","stipend":"5,000 /month","applications":"Be an early applicant","skills":["AutoCAD"],"perks":["Certificate","Letter of recommendation"],"openings":"2"},{"url":"/internship/detail/architecture-internship-in-delhi-at-rsms-architects1667303557","name":"Architecture","company":"RSMS Architects","location":"Delhi","duration":"6 Months","stipend":"7,000 /month","applications":"Be an early applicant","skills":["3ds Max","AutoCAD","Autodesk Revit"],"perks":["Certificate","Letter of recommendation","Informal dress code","5 days a week"],"openings":"5"},{"url":"/internship/detail/architecture-interior-design-internship-in-mumbai-at-zalani-architects1667299349","name":"Architecture & Interior Design","company":"Zalani Architects","location":"Mumbai","duration":"6 Months","stipend":"3,000-5,000 /month","applications":"Be an early applicant","skills":["3ds Max","Adobe Photoshop","AutoCAD"],"perks":["Certificate","Letter of recommendation","Informal dress code"],"openings":"2"},{"url":"/internship/detail/interior-design-internship-in-delhi-gurgaon-at-idesign-market1667283984","name":"Interior Design","company":"IDesign Market","location":"Delhi","duration":"6 Months","stipend":"5,000-8,000 /month","applications":"Be an early applicant","skills":["3ds Max","AutoCAD"],"perks":[],"openings":"2"},{"url":"/internship/detail/architecture-designing-internship-in-noida-at-jadooz-media-solution-private-limited1667281709","name":"Architecture Designing","company":"Jadooz Media Solution Private Limited","location":"Noida","duration":"6 Months","stipend":"15,000 /month","applications":"Be an early applicant","skills":["3ds Max","Adobe Photoshop","AutoCAD"],"perks":["Certificate","Letter of recommendation","Job offer"],"openings":"1"},{"url":"/internship/detail/interior-design-internship-in-mumbai-at-staging-spaces-design1667228993","name":"Interior Design","company":"Staging Spaces Design","location":"Mumbai","duration":"6 Months","stipend":"10,000 /month","applications":"27 applicants","skills":["AutoCAD"],"perks":["Certificate","Letter of recommendation"],"openings":"1"},{"url":"/internship/detail/interior-and-architecture-design-internship-in-pune-at-risha-tyagi1663827419","name":"Interior And Architecture Design","company":"Risha Tyagi","location":"Pune","duration":"6 Months","stipend":"8,000-12,000 /month","applications":"26 applicants","skills":["Adobe Photoshop","AutoCAD","Google SketchUp","MS-Excel"],"perks":["Certificate","Letter of recommendation"],"openings":"2"},{"url":"/internship/detail/interior-design-internship-in-gurgaon-at-srizo1667284652","name":"Interior Design","company":"Srizo","location":"Gurgaon","duration":"6 Months","stipend":"12,000 /month","applications":"Be an early applicant","skills":["3ds Max","Adobe Photoshop","AutoCAD","Autodesk Revit"],"perks":["Certificate","Letter of recommendation","Flexible work hours","Informal dress code","Job offer"],"openings":"5"},{"url":"/internship/detail/interior-design-work-from-home-job-internship-at-sunny-overseas1667202932","name":"Interior Design","company":"Sunny Overseas","location":"Work From Home","duration":"6 Months","stipend":"15,000 /month","applications":"206 applicants","skills":["3ds Max","AutoCAD","Sketch"],"perks":[],"openings":"2"},{"url":"/internship/detail/architecture-internship-in-multiple-locations-at-nirvaana-constructions-co1667202828","name":"Architecture","company":"Nirvaana Constructions Co.","location":"Thane","duration":"6 Months","stipend":"5,000-20,000 /month","applications":"32 applicants","skills":["Adobe Photoshop","AutoCAD","Google SketchUp","MS-Office"],"perks":["Certificate","Letter of recommendation"],"openings":"10"},{"url":"/internship/detail/interior-design-internship-in-pune-at-area-planz1667200930","name":"Interior Design","company":"Area Planz","location":"Pune","duration":"6 Months","stipend":"5,000-10,000 /month","applications":"Be an early applicant","skills":["3ds Max","AutoCAD","Google SketchUp"],"perks":["Certificate","Letter of recommendation","Informal dress code"],"openings":"5"},{"url":"/internship/detail/architectural-design-internship-in-gurgaon-at-direct-create1667194980","name":"Architectural Design","company":"Direct Create","location":"Gurgaon","duration":"6 Months","stipend":"6,000 /month","applications":"Be an early applicant","skills":["Adobe Illustrator","Adobe Indesign","Adobe Photoshop","AutoCAD","Autodesk Revit","MS-Office","Rhino","Sketching"],"perks":["Certificate","Letter of recommendation"],"openings":"2"},{"url":"/internship/detail/architecture-internship-in-delhi-at-trekmunk-private-limited1667146835","name":"Architecture","company":"Trekmunk Private Limited","location":"Delhi","duration":"2 Months","stipend":"4,000-5,000 /month","applications":"Be an early applicant","skills":["3ds Max","Adobe Photoshop","AutoCAD","Google SketchUp"],"perks":["Certificate","Letter of recommendation","Flexible work hours"],"openings":"2"},{"url":"/internship/detail/architecture-work-from-home-job-internship-at-ravionics1667137453","name":"Architecture","company":"Ravionics","location":"Work From Home","duration":"3 Months","stipend":"1,000 /month","applications":"48 applicants","skills":["AutoCAD","Autodesk SketchBook","BIM (Building Information Modeling)","MS-Excel"],"perks":["Certificate"],"openings":"2"}]}