{"success":40,"failed":0,"internships":[{"url":"/internship/detail/software-development-ai-ml-product-group-internship-in-noida-at-constems-ai-systems-private-limited1667563351","name":"Software Development (AI/ML Product Group)","company":"Constems-AI Systems Private Limited","location":"Noida","duration":"6 Months","stipend":"10,000 /month","applications":"Be an early applicant","skills":["Algorithms","Computer Vision","Data Structures","Deep Learning","Linux","Python"],"perks":["Certificate","Letter of recommendation","Informal dress code","Job offer"],"openings":"4"},{"url":"/internship/detail/image-and-signal-processing-internship-in-bangalore-at-euphotic-labs-private-limited1667486041","name":"Image And Signal Processing","company":"Euphotic Labs Private Limited","location":"Bangalore","duration":"6 Months","stipend":"15,000-25,000 /month","applications":"Be an early applicant","skills":["Computer Vision","Digital Signal Processing","Image Processing","OpenCV","Python"],"perks":["Certificate","Letter of recommendation","Flexible work hours","Informal dress code","Free snacks & beverages"],"openings":"1"},{"url":"/internship/detail/machine-learning-internship-in-bangalore-hyderabad-at-newgen-creations-private-limited1667582908","name":"Machine Learning","company":"Newgen Creations Private Limited","location":"Bangalore","duration":"2 Months","stipend":"2,000 /month","applications":"Be an early applicant","skills":["Machine Learning"],"perks":["Certificate","Letter of recommendation","Flexible work hours","Informal dress code","5 days a week","Free snacks & beverages"],"openings":"2"},{"url":"/internship/detail/big-data-data-engineering-internship-in-bangalore-at-verse-innovation-private-limited1667565025","name":"Big Data/Data Engineering","company":"VerSe’ Innovation Private Limited","location":"Bangalore","duration":"6 Months","stipend":"30,000 /month","applications":"97 applicants","skills":["Data Structures","Java","Machine Learning"],"perks":["Flexible work hours","5 days a week","Free snacks & beverages"],"openings":"2"},{"url":"/internship/detail/research-training-robotics-ai-work-from-home-job-internship-at-wingfotech-private-limited1667538491","name":"Research & Training (Robotics & AI)","company":"Wingfotech Private Limited","location":"Work From Home","duration":"3 Months","stipend":"5,000-12,000 /month","applications":"66 applicants","skills":["Android","Arduino","Atmel AVR","Data Science","English Proficiency (Spoken)","HTML","Internet of Things (IoT)","Machine Learning","MS-PowerPoint","Python"],"perks":["Certificate","Letter of recommendation","Flexible work hours","Job offer"],"openings":"3"},{"url":"/internship/detail/data-validation-internship-in-mumbai-at-accrete-llc1667560927","name":"Data Validation","company":"Accrete LLC","location":"Mumbai","duration":"3 Months","stipend":"10,000 /month","applications":"27 applicants","skills":["English Proficiency (Spoken)"],"perks":["Letter of recommendation","Flexible work hours","Informal dress code","5 days a week"],"openings":"6"},{"url":"/internship/detail/data-science-machine-learning-part-time-job-internship-at-coimbatore-in-techvolt-software-private-limited1667555456","name":"Data Science (Machine Learning)","company":"Techvolt Software Private Limited","location":"Coimbatore","duration":"2 Months","stipend":"4,000 /month","applications":"Be an early applicant","skills":["C++ Programming","English Proficiency (Spoken)","Python"],"perks":["Certificate","Letter of recommendation","Flexible work hours","Job offer"],"openings":"10"},{"url":"/internship/detail/fullstack-development-ai-ml-work-from-home-job-internship-at-cybranex1667496918","name":"Fullstack Development (AI/ML)","company":"CybraneX","location":"Work From Home","duration":"3 Months","stipend":"2,500-3,500 /month","applications":"63 applicants","skills":["Computer Vision","CSS","Django","Git","HTML","Java","JavaScript","Natural Language Processing (NLP)","PHP","Python","ReactJS"],"perks":["Certificate","Letter of recommendation","Flexible work hours"],"openings":"2"},{"url":"/internship/detail/electronics-engineering-iot-internship-in-multiple-locations-at-experiencesdigital1667458527","name":"Electronics Engineering - IOT","company":"Experiences.digital","location":"Chennai","duration":"6 Months","stipend":"10,000 /month","applications":"42 applicants","skills":["Python"],"perks":["Certificate","5 days a week"],"openings":"2"},{"url":"/internship/detail/computer-vision-work-from-home-job-internship-at-volmo-private-limited1667502405","name":"Computer Vision","company":"VOLMO Private Limited","location":"Work From Home","duration":"6 Months","stipend":"1,000 /month","applications":"27 applicants","skills":["Computer Vision","Deep Learning","Image Processing","Machine Learning","OpenCV","Python"],"perks":["Letter of recommendation","Flexible work hours"],"openings":"1"},{"url":"/internship/detail/artificial-neural-networks-work-from-home-job-internship-at-frugalx1667394773","name":"Artificial Neural Networks","company":"FrugalX","location":"Work From Home","duration":"4 Months","stipend":"Unpaid","applications":"27 applicants","skills":["Computer Vision","JavaScript","Neural Networks","Python"],"perks":["Certificate","Letter of recommendation","Flexible work hours","5 days a week"],"openings":"5"},{"url":"/internship/detail/machine-learning-work-from-home-job-internship-at-feynn-labs1667472123","name":"Machine Learning","company":"Feynn Labs","location":"Work From Home","duration":"2 Months","stipend":"5,000 lump sum","applications":"192 applicants","skills":["Data Analytics","Data Science","Deep Learning","Machine Learning","Python"],"perks":["Certificate","Letter of recommendation","Flexible work hours"],"openings":"20"},{"url":"/internship/detail/robotics-course-creation-work-from-home-job-internship-at-iirwu-education-private-limited1667460458","name":"Robotics Course Creation","company":"IIRWU Education Private Limited","location":"Work From Home","duration":"3 Months","stipend":"3,000 /month","applications":"Be an early applicant","skills":["Arduino","Circuit Design","Robotics"],"perks":["Certificate","Flexible work hours"],"openings":"1"},{"url":"/internship/detail/computer-vision-work-from-home-job-internship-at-wobot-intelligence-private-limited1667455819","name":"Computer Vision","company":"Wobot Intelligence Private Limited","location":"Work From Home","duration":"6 Months","stipend":"12,500 /month","applications":"324 applicants","skills":["OpenCV","Python"],"perks":["Certificate","5 days a week","Job offer"],"openings":"6"},{"url":"/internship/detail/unreal-development-internship-in-chennai-at-hexr-factory1667451273","name":"Unreal Development","company":"HEXR Factory","location":"Chennai","duration":"3 Months","stipend":"12,000 /month","applications":"Be an early applicant","skills":["C++ Programming","Unreal Engine"],"perks":["Certificate","Letter of recommendation","Informal dress code","Free snacks & beverages","Job offer"],"openings":"7"},{"url":"/internship/detail/artificial-intelligence-ai-work-from-home-job-internship-at-alpar-pty-limited1667391896","name":"Artificial Intelligence (AI)","company":"Alpar Pty. Limited","location":"Work From Home","duration":"3 Months","stipend":"5,000 /month","applications":"Be an early applicant","skills":["Amazon Web Server (AWS)","Artificial Intelligence","Data Science","Data Structures","Deep Learning","Machine Learning","Natural Language Processing (NLP)","Neural Networks","Python"],"perks":["Certificate","Letter of recommendation","Flexible work hours","5 days a week"],"openings":"1"},{"url":"/internship/detail/ai-engineering-internship-in-bangalore-at-signzy1667387884","name":"AI Engineering","company":"Signzy","location":"Bangalore","duration":"6 Months","stipend":"35,000 /month","applications":"112 applicants","skills":["Computer Vision","Deep Learning","Python"],"perks":["Certificate","Letter of recommendation","Flexible work hours","5 days a week","Free snacks & beverages"],"openings":"1"},{"url":"/internship/detail/artificial-intelligence-ai-internship-in-bangalore-at-euphotic-labs-private-limited1667301441","name":"Artificial Intelligence (AI)","company":"Euphotic Labs Private Limited","location":"Bangalore","duration":"6 Months","stipend":"15,000-25,000 /month","applications":"68 applicants","skills":["Computer Vision","Deep Learning","Image Processing","OpenCV","Python"],"perks":["Certificate","Letter of recommendation","Flexible work hours","Informal dress code","Free snacks & beverages","Job offer"],"openings":"1"},{"url":"/internship/detail/ai-engineering-internship-in-modinagar-at-vigyantram1667377200","name":"AI Engineering","company":"VIGYANTRAM","location":"Modinagar","duration":"6 Months","stipend":"15,000 /month","applications":"Be an early applicant","skills":["English Proficiency (Spoken)","Robotics","Teaching"],"perks":["Certificate","Letter of recommendation","Flexible work hours","Informal dress code","Job offer"],"openings":"4"},{"url":"/internship/detail/computer-vision-internship-in-hyderabad-at-zestiot-technologies-private-limited1667366783","name":"Computer Vision","company":"ZestIOT Technologies Private Limited","location":"Hyderabad","duration":"6 Months","stipend":"10,000 /month","applications":"Be an early applicant","skills":["C Programming","Linux","Machine Learning","OpenCV","Python"],"perks":["Certificate","Letter of recommendation","Job offer"],"openings":"2"},{"url":"/internship/detail/data-engineering-internship-in-multiple-locations-at-go-digital-technology-consulting1667207710","name":"Data Engineering","company":"Go Digital Technology Consulting","location":"Pune","duration":"3 Months","stipend":"14,000 /month","applications":"606 applicants","skills":["Python","SQL"],"perks":["Certificate","Letter of recommendation","Informal dress code","5 days a week","Job offer"],"openings":"5"},{"url":"/internship/detail/machine-learning-work-from-home-job-internship-at-otakukart1667146171","name":"Machine Learning","company":"OtakuKart","location":"Work From Home","duration":"2 Months","stipend":"3,000 lump sum + Incentives","applications":"610 applicants","skills":["Data Analytics","Data Science","Deep Learning","Machine Learning","Natural Language Processing (NLP)","Python","R Programming"],"perks":["Certificate","Letter of recommendation","Flexible work hours"],"openings":"4"},{"url":"/internship/detail/data-science-nlp-research-and-analytics-work-from-home-job-internship-at-igurus-consultancy-services-llp1667117786","name":"Data Science (NLP Research and Analytics)","company":"IGurus Consultancy Services LLP","location":"Work From Home","duration":"3 Months","stipend":"1,000 /month","applications":"214 applicants","skills":["Artificial Intelligence","Data Science","Deep Learning","Django","Flask","Machine Learning","Natural Language Processing (NLP)","Python","Research and Analytics"],"perks":["Certificate","Letter of recommendation","Flexible work hours","5 days a week"],"openings":"3"},{"url":"/internship/detail/computer-vision-internship-in-pune-at-vasundharaa-geo-technologies-private-limited1667100255","name":"Computer Vision","company":"Vasundharaa Geo Technologies Private Limited","location":"Pune","duration":"3 Months","stipend":"10,000 /month","applications":"55 applicants","skills":["Computer Vision","Deep Learning","Embedded Systems","Flask","Mathematics","MATLAB","OpenCV"],"perks":["Certificate","Letter of recommendation","Informal dress code","5 days a week","Job offer"],"openings":"4"},{"url":"/internship/detail/machine-learning-computer-vision-internship-in-bangalore-at-modaka-technologies-private-limited1667056920","name":"Machine Learning (Computer Vision)","company":"Modaka Technologies Private Limited","location":"Bangalore","duration":"3 Months","stipend":"12,000 /month","applications":"132 applicants","skills":["Computer Vision","Deep Learning","JavaScript","Machine Learning","OpenCV","Python"],"perks":["Certificate","Job offer"],"openings":"1"},{"url":"/internship/detail/backend-ml-development-internship-in-chennai-at-cosgrid-systems-private-limited1666979652","name":"Backend & ML Development","company":"COSGrid Systems Private Limited","location":"Chennai","duration":"5 Months","stipend":"15,000-25,000 /month","applications":"204 applicants","skills":["Django","GitHub","Linux","Python","REST API"],"perks":["Certificate","Letter of recommendation","Flexible work hours","Informal dress code","5 days a week","Free snacks & beverages","Job offer"],"openings":"2"},{"url":"/internship/detail/machine-learning-work-from-home-job-internship-at-kukbit-software-lab1667018887","name":"Machine Learning","company":"KUKbit Software Lab","location":"Work From Home","duration":"3 Months","stipend":"4,000 /month","applications":"474 applicants","skills":["Data Science","Deep Learning","Machine Learning","Python","R Programming"],"perks":["Certificate","Letter of recommendation","Flexible work hours","5 days a week"],"openings":"3"},{"url":"/internship/detail/artificial-intelligence-ai-work-from-home-job-internship-at-4heals1666950413","name":"Artificial Intelligence (AI)","company":"4heals","location":"Work From Home","duration":"6 Weeks","stipend":"6,000 lump sum + Incentives","applications":"296 applicants","skills":["Amazon Web Server (AWS)","Computer Vision","Google Cloud Computing","Machine Learning","Python","ReactJS"],"perks":[],"openings":"2"},{"url":"/internship/detail/artificial-neural-networks-work-from-home-job-internship-at-utkarshini-edutech1666943614","name":"Artificial Neural Networks","company":"Utkarshini Edutech","location":"Work From Home","duration":"3 Months","stipend":"Unpaid","applications":"124 applicants","skills":["Data Science","Deep Learning","Machine Learning","Natural Language Processing (NLP)","Neural Networks","Python"],"perks":["Certificate","Letter of recommendation","Flexible work hours","5 days a week"],"openings":"10"},{"url":"/internship/detail/artificial-intelligence-ai-internship-in-noida-at-oxygen-to-innovation1666847139","name":"Artificial Intelligence (AI)","company":"Oxygen To Innovation","location":"Noida","duration":"6 Months","stipend":"15,000 /month","applications":"30 applicants","skills":["Neural Networks","Python"],"perks":["Certificate","Letter of recommendation","Informal dress code"],"openings":"2"},{"url":"/internship/detail/artificial-intelligence-development-internship-in-noida-at-indigenous-robotics-unmanned-systems-private-limited1666873007","name":"Artificial Intelligence Development","company":"Indigenous Robotics Unmanned Systems Private Limited","location":"Noida","duration":"6 Months","stipend":"20,000 /month","applications":"59 applicants","skills":["C#","Unity 3D"],"perks":["Letter of recommendation","Informal dress code"],"openings":"3"},{"url":"/internship/detail/automation-internship-in-surat-at-pratsware-technologies-private-limited-botbaba1666864980","name":"Automation","company":"Pratsware Technologies Private Limited (Botbaba)","location":"Surat","duration":"6 Months","stipend":"5,000-10,000 /month","applications":"Be an early applicant","skills":[],"perks":["Certificate","Letter of recommendation","Flexible work hours","Informal dress code","Job offer"],"openings":"2"},{"url":"/internship/detail/computer-vision-image-video-processing-deep-learning-convolution-neural-network-work-from-home-job-internship-at-intellytix-technosolutions-llp1666845578","name":"Computer Vision (Image & Video Processing) & Deep Learning (Convolution Neural Network)","company":"Intellytix Technosolutions LLP","location":"Work From Home","duration":"6 Months","stipend":"5,000 /month","applications":"274 applicants","skills":["Amazon Web Server (AWS)","Computer Vision","Deep Learning","GitHub","Image Processing","Jira","Machine Learning","Neural Networks","OpenCV","Python","Robotics"],"perks":["Certificate","Letter of recommendation","Flexible work hours"],"openings":"6"},{"url":"/internship/detail/artificial-intelligence-ai-work-from-home-job-internship-at-ig-drones1666795471","name":"Artificial Intelligence (AI)","company":"IG Drones","location":"Work From Home","duration":"6 Months","stipend":"7,000 /month","applications":"207 applicants","skills":["Deep Learning","Machine Learning","Natural Language Processing (NLP)","Neural Networks","Python"],"perks":[],"openings":"1"},{"url":"/internship/detail/teaching-robotics-work-from-home-job-internship-at-skyfi-education-labs-private-limited1666788873","name":"Teaching (Robotics)","company":"Skyfi Education Labs Private Limited","location":"Work From Home","duration":"6 Months","stipend":"15,000 /month","applications":"139 applicants","skills":[],"perks":["Certificate"],"openings":"10"},{"url":"/internship/detail/annotation-work-from-home-job-internship-at-ab-manpower-and-recruitment-services1666688680","name":"Annotation","company":"AB Manpower And Recruitment Services","location":"Work From Home","duration":"6 Months","stipend":"1,000 /month + Incentives","applications":"86 applicants","skills":["English Proficiency (Spoken)","English Proficiency (Written)"],"perks":["Certificate","Letter of recommendation","Flexible work hours"],"openings":"50"},{"url":"/internship/detail/robotics-uipath-work-from-home-job-internship-at-sarvadigi-digital-media1666682980","name":"Robotics- UIPath","company":"SarvaDigi Digital Media","location":"Work From Home","duration":"2 Months","stipend":"2,000 /month","applications":"49 applicants","skills":["MS-Excel","Robotics","UiPath"],"perks":["Certificate","Letter of recommendation","Flexible work hours"],"openings":"4"},{"url":"/internship/detail/artificial-intelligence-ai-work-from-home-job-internship-at-secquraise-technologies-private-limited1666662848","name":"Artificial Intelligence (AI)","company":"SecqurAIse Technologies Private Limited","location":"Work From Home","duration":"6 Months","stipend":"10,000 /month","applications":"171 applicants","skills":["C++ Programming","Machine Learning","OpenCV","Python"],"perks":["Certificate","Letter of recommendation","Flexible work hours","Job offer"],"openings":"2"},{"url":"/internship/detail/artificial-neural-networks-work-from-home-job-internship-at-xcite-org1666575314","name":"Artificial Neural Networks","company":"Xcite Org","location":"Work From Home","duration":"3 Months","stipend":"Unpaid","applications":"152 applicants","skills":["Artificial Intelligence","Data Science","Data Structures","Deep Learning","JavaScript","Machine Learning","Natural Language Processing (NLP)","Neural Networks","Python"],"perks":["Certificate","Letter of recommendation","Flexible work hours","5 days a week"],"openings":"20"},{"url":"/internship/detail/artificial-intelligence-ai-work-from-home-job-internship-at-buddha-education-association-incorporation1666507070","name":"Artificial Intelligence (AI)","company":"Buddha Education Association Incorporation","location":"Work From Home","duration":"1 Month","stipend":"12,000 /month","applications":"1000+ applicants","skills":["Data Science","Data Structures","Python"],"perks":["Certificate","Letter of recommendation","5 days a week"],"openings":"10"}]}