{"success":5,"failed":0,"internships":[{"url":"/internship/detail/aspnet-development-internship-in-pune-at-quadwave-consulting1667471722","name":"ASP.NET Development","company":"Quadwave Consulting","location":"Pune","duration":"6 Months","stipend":"10,000-15,000 /month","applications":"Be an early applicant","skills":[".NET","Angular 7.0","ASP.NET","Bootstrap","C#.NET","CSS","HTML","JavaScript","jQuery","MS SQL Server"],"perks":["Certificate","Letter of recommendation","Informal dress code","5 days a week","Free snacks & beverages","Job offer"],"openings":"10"},{"url":"/internship/detail/aspnet-development-work-from-home-job-internship-at-wizorbit-softwares-private-limited1667463749","name":"ASP.NET Development","company":"Wizorbit Softwares Private Limited","location":"Work From Home","duration":"6 Months","stipend":"2,000 /month","applications":"Be an early applicant","skills":[".NET","ASP.NET","C#","C#.NET","HTML","JavaScript","jQuery","Model View Controller(MVC)","MS SQL Server","SQL"],"perks":["Certificate","Letter of recommendation","Flexible work hours","5 days a week","Job offer"],"openings":"4"},{"url":"/internship/detail/aspnet-mvc-development-internship-in-mumbai-at-trium-info-solutions-private-limited1667460352","name":"ASP.NET MVC Development","company":"Trium Info Solutions Private Limited","location":"Mumbai","duration":"6 Months","stipend":"8,000 /month","applications":"Be an early applicant","skills":["AJAX","ASP.NET","Bootstrap","C#","CSS","HTML","JavaScript","jQuery","Model View Controller(MVC)","MS SQL Server"],"perks":["Certificate","Letter of recommendation","Job offer"],"openings":"5"},{"url":"/internship/detail/aspnet-development-internship-in-chennai-at-artha-systems-private-limited1667375381","name":"ASP.NET Development","company":"Artha Systems Private Limited","location":"Chennai","duration":"3 Months","stipend":"2,000-5,000 /month","applications":"Be an early applicant","skills":[".NET","ASP.NET","C#","C#.NET","HTML","JavaScript","jQuery","Model View Controller(MVC)","MS SQL Server","SQL"],"perks":[],"openings":"4"},{"url":"/internship/detail/aspnet-development-internship-in-surat-at-perfecthire1667220724","name":"ASP.NET Development","company":"PerfectHire","location":"Surat","duration":"6 Months","stipend":"20,000 /month","applications":"Be an early applicant","skills":[".NET","AJAX","ASP.NET","C#","C#.NET","CSS","HTML","JavaScript","jQuery","Model View Controller(MVC)","MS SQL Server","SQL"],"perks":[],"openings":"1"}]}