{"success":19,"failed":0,"internships":[{"url":"/internship/detail/voiceover-artist-internship-in-mumbai-at-neulife-digital-media-entertainment-llp1664870189","name":"Voiceover Artist","company":"Neulife Digital Media Entertainment LLP","location":"Mumbai","duration":"3 Months","stipend":"5,000 /month","applications":"57 applicants","skills":[],"perks":["Certificate","Letter of recommendation","Informal dress code"],"openings":"1"},{"url":"/internship/detail/audio-editing-podcast-work-from-home-job-internship-at-viivek-mehata1667569568","name":"Audio Editing (Podcast)","company":"Viivek Mehata","location":"Work From Home","duration":"3 Months","stipend":"1,000-2,000 /month","applications":"Be an early applicant","skills":[],"perks":["Certificate","Letter of recommendation","Flexible work hours"],"openings":"1"},{"url":"/internship/detail/law-legal-work-from-home-job-internship-at-apaizers1667402392","name":"Law/Legal","company":"Apaizers","location":"Work From Home","duration":"6 Months","stipend":"10,000 /month","applications":"Be an early applicant","skills":["Audacity","Audio Editing","Audio Making","Canva","Digital Marketing","Hindi Proficiency (Spoken)","MS-PowerPoint","Social Media Marketing","Video Editing","Video Making"],"perks":["Certificate","Job offer"],"openings":"1"},{"url":"/internship/detail/voice-over-art-part-time-job-internship-at-delhi-in-unimonks1667458326","name":"Voice Over Art","company":"Unimonks","location":"Delhi","duration":"2 Months","stipend":"3,000-8,000 /month","applications":"79 applicants","skills":["Voice-over artist"],"perks":["Certificate","Letter of recommendation","Flexible work hours"],"openings":"3"},{"url":"/internship/detail/video-audio-editing-work-from-home-job-internship-at-qa-solvers1667390994","name":"Video & Audio Editing","company":"QA Solvers","location":"Work From Home","duration":"6 Months","stipend":"5,000-8,000 /month","applications":"75 applicants","skills":["Adobe Audition","Adobe Illustrator","Adobe Photoshop","Adobe Premiere Pro"],"perks":["Certificate","Letter of recommendation"],"openings":"5"},{"url":"/internship/detail/video-editing-work-from-home-job-internship-at-mechatron-robotics1667453405","name":"Video Editing","company":"Mechatron Robotics","location":"Work From Home","duration":"6 Months","stipend":"5,000-7,000 /month","applications":"Be an early applicant","skills":["Adobe After Effects","Adobe Premiere Pro","Canva"],"perks":["Certificate","Letter of recommendation"],"openings":"2"},{"url":"/internship/detail/anchoring-work-from-home-job-internship-at-cits-worldwide1667382120","name":"Anchoring","company":"CITS Worldwide","location":"Work From Home","duration":"6 Months","stipend":"5,000 /month","applications":"50 applicants","skills":["Acting technique","Anchoring","English Proficiency (Spoken)","Hindi Proficiency (Spoken)"],"perks":["Certificate","Letter of recommendation","Flexible work hours"],"openings":"1"},{"url":"/internship/detail/marketing-work-from-home-job-internship-at-sygrace-solutions-private-limited1667375560","name":"Marketing","company":"Sygrace Solutions Private Limited","location":"Work From Home","duration":"6 Months","stipend":"5,000 /month","applications":"Be an early applicant","skills":["English Proficiency (Spoken)","English Proficiency (Written)","Social Media Marketing"],"perks":["Certificate","Letter of recommendation","Flexible work hours"],"openings":"3"},{"url":"/internship/detail/video-content-representation-work-from-home-job-internship-at-classic-peoples1667217091","name":"Video Content Representation","company":"Classic Peoples","location":"Work From Home","duration":"2 Months","stipend":"2,500 /month","applications":"28 applicants","skills":[],"perks":["Certificate","Flexible work hours"],"openings":"2"},{"url":"/internship/detail/podcast-creation-work-from-home-job-internship-at-withstartupscom1667121944","name":"Podcast Creation","company":"WithStartups.com","location":"Work From Home","duration":"2 Months","stipend":"3,000 /month","applications":"Be an early applicant","skills":[],"perks":["Certificate","Letter of recommendation","Flexible work hours","5 days a week"],"openings":"2"},{"url":"/internship/detail/content-development-science-arts-commerce-work-from-home-job-internship-at-sunokitaab-education1667037451","name":"Content Development (Science-Arts-Commerce)","company":"Sunokitaab Education","location":"Work From Home","duration":"2 Months","stipend":"1,500 /month + Incentives","applications":"109 applicants","skills":["Biology","Chemistry","Physics","Voice-over artist"],"perks":["Certificate","Flexible work hours"],"openings":"10"},{"url":"/internship/detail/music-composition-electronic-work-from-home-job-internship-at-bollygrad-studioz1667042490","name":"Music Composition (Electronic)","company":"Bollygrad Studioz","location":"Work From Home","duration":"6 Months","stipend":"5,000 /month","applications":"44 applicants","skills":["English Proficiency (Spoken)","FL Studio (formerly known as FruityLoops)","Hindi Proficiency (Spoken)"],"perks":["Certificate","Letter of recommendation"],"openings":"3"},{"url":"/internship/detail/youtube-management-video-editing-work-from-home-job-internship-at-hunger-cycle-foods1666947953","name":"YouTube Management & Video Editing","company":"Hunger Cycle Foods","location":"Work From Home","duration":"3 Months","stipend":"6,000 /month","applications":"68 applicants","skills":["Audio Editing","Video Editing"],"perks":["Certificate","Letter of recommendation","Flexible work hours"],"openings":"2"},{"url":"/internship/detail/anchoring-journalism-work-from-home-job-internship-at-science-of-space1666902264","name":"Anchoring & Journalism","company":"Science Of Space","location":"Work From Home","duration":"3 Months","stipend":"1,000-3,000 /month","applications":"51 applicants","skills":["Anchoring","English Proficiency (Written)","Hindi Proficiency (Spoken)","Voiceover"],"perks":["Flexible work hours","5 days a week"],"openings":"2"},{"url":"/internship/detail/financial-video-content-creation-work-from-home-job-internship-at-pepcorns-llp1666693212","name":"Financial Video Content Creation","company":"Pepcorns LLP","location":"Work From Home","duration":"3 Months","stipend":"12,000 /month","applications":"85 applicants","skills":["Anchoring","Articulate Storyline","Audio Making","Economics","Financial literacy","Investing","Storyboarding","Video Making"],"perks":["Certificate","Letter of recommendation","Flexible work hours","5 days a week","Job offer"],"openings":"2"},{"url":"/internship/detail/voiceover-tamil-work-from-home-job-internship-at-motives-media1666585399","name":"Voiceover (Tamil)","company":"Motives Media","location":"Work From Home","duration":"6 Months","stipend":"3,000 /month + Incentives","applications":"30 applicants","skills":["Audio Editing","Tamil Proficiency (Spoken)","Tamil Proficiency (Written)","Voiceover"],"perks":["Certificate","Flexible work hours"],"openings":"4"},{"url":"/internship/detail/voice-over-scripting-work-from-home-job-internship-at-pregamate-limited1666502538","name":"Voice Over & Scripting","company":"Pregamate Limited","location":"Work From Home","duration":"2 Months","stipend":"2,000 /month","applications":"104 applicants","skills":["Audacity","Voice-over artist","Voiceover"],"perks":["Certificate","Letter of recommendation","Flexible work hours"],"openings":"4"},{"url":"/internship/detail/voice-over-art-us-uk-accent-work-from-home-job-internship-at-a-m-graphical-productions1666467954","name":"Voice Over Art (US/UK Accent)","company":"A & M Graphical Productions","location":"Work From Home","duration":"2 Months","stipend":"10,000 /month","applications":"211 applicants","skills":["American English","British English","Voiceover"],"perks":["Certificate","Letter of recommendation","Flexible work hours"],"openings":"2"},{"url":"/internship/detail/podcasting-internship-in-mumbai-at-medius-technologies-private-limited1665638642","name":"Podcasting","company":"Medius Technologies Private Limited","location":"Mumbai","duration":"6 Months","stipend":"8,000 /month","applications":"195 applicants","skills":[],"perks":[],"openings":"4"}]}