{"success":2,"failed":0,"internships":[{"url":"/internship/detail/automobile-engineering-internship-in-bangalore-at-niroj-ranjan-das1667563600","name":"Automobile Engineering","company":"Niroj Ranjan Das","location":"Bangalore","duration":"3 Months","stipend":"15,000 /month","applications":"Be an early applicant","skills":["ANSYS","Autodesk Fusion 360","Catia"],"perks":["Certificate","Flexible work hours","Informal dress code"],"openings":"3"},{"url":"/internship/detail/automobile-service-engineering-internship-in-mumbai-at-crest-ev1666779109","name":"Automobile Service Engineering","company":"CREST EV","location":"Mumbai","duration":"3 Months","stipend":"2,000-4,000 /month","applications":"Be an early applicant","skills":[],"perks":["Certificate","Letter of recommendation"],"openings":"4"}]}