{"success":40,"failed":0,"internships":[{"url":"/internship/detail/python-development-work-from-home-job-internship-at-dknsb-medical-device-consultants1667576274","name":"Python Development","company":"DKNSB Medical Device Consultants","location":"Work From Home","duration":"2 Months","stipend":"20,000 /month","applications":"Be an early applicant","skills":["Django","HTML","Machine Learning","Python"],"perks":["Certificate","Letter of recommendation","Flexible work hours","5 days a week"],"openings":"2"},{"url":"/internship/detail/web-development-work-from-home-job-internship-at-revoir1667487286","name":"Web Development","company":"Revoir","location":"Work From Home","duration":"3 Months","stipend":"1,500 /month + Incentives","applications":"83 applicants","skills":["Golang","ReactJS"],"perks":["Flexible work hours","5 days a week"],"openings":"1"},{"url":"/internship/detail/php-development-internship-in-delhi-at-weskilled1667581543","name":"PHP Development","company":"WeSkilled","location":"Delhi","duration":"3 Months","stipend":"2,000 /month","applications":"Be an early applicant","skills":["PHP"],"perks":["Flexible work hours"],"openings":"10"},{"url":"/internship/detail/teaching-python-machine-learning-work-from-home-job-internship-at-sure-trust1667575521","name":"Teaching (Python & Machine Learning)","company":"SURE Trust","location":"Work From Home","duration":"4 Months","stipend":"Unpaid","applications":"69 applicants","skills":["Machine Learning","Python"],"perks":["Certificate","Letter of recommendation","Flexible work hours"],"openings":"2"},{"url":"/internship/detail/nodejs-development-internship-in-multiple-locations-at-marksdzyn1667563009","name":"Node.js Development","company":"MarksDzyn","location":"Delhi","duration":"3 Months","stipend":"5,000-15,000 /month","applications":"Be an early applicant","skills":["Node.js"],"perks":["Certificate","Letter of recommendation","Flexible work hours","Informal dress code","Job offer"],"openings":"4"},{"url":"/internship/detail/backend-development-work-from-home-job-internship-at-ready-accountant1667557829","name":"Backend Development","company":"Ready Accountant","location":"Work From Home","duration":"5 Months","stipend":"15,000-18,000 /month","applications":"Be an early applicant","skills":["Amazon Web Server (AWS)","Django","Docker","MongoDB","Nginx","Node.js","PostgreSQL","Python","REST API"],"perks":["Certificate","Letter of recommendation"],"openings":"5"},{"url":"/internship/detail/nodejs-development-work-from-home-job-internship-at-addictive-media1667556801","name":"Node.js Development","company":"Addictive Media","location":"Work From Home","duration":"6 Months","stipend":"15,000-20,000 /month","applications":"197 applicants","skills":["HTML","JavaScript","Node.js"],"perks":["5 days a week","Job offer"],"openings":"1"},{"url":"/internship/detail/python-development-internship-in-mumbai-at-flymax-multi-services-private-limited1667555807","name":"Python Development","company":"Flymax Multi Services Private Limited","location":"Mumbai","duration":"6 Months","stipend":"6,000 /month","applications":"Be an early applicant","skills":[],"perks":["Certificate","Letter of recommendation","Flexible work hours","Informal dress code","5 days a week","Free snacks & beverages"],"openings":"10"},{"url":"/internship/detail/mobile-app-development-work-from-home-job-internship-at-arthavedika-tech-private-limited1667537590","name":"Mobile App Development","company":"Arthavedika Tech Private Limited","location":"Work From Home","duration":"6 Months","stipend":"2,500 /month + Incentives","applications":"29 applicants","skills":["Java","React Native","REST API"],"perks":["Letter of recommendation","Flexible work hours"],"openings":"6"},{"url":"/internship/detail/backend-development-laravel-work-from-home-job-internship-at-omikron-technologies-private-limited1667552624","name":"Backend Development (Laravel)","company":"Omikron Technologies Private Limited","location":"Work From Home","duration":"3 Months","stipend":"10,000 /month","applications":"86 applicants","skills":["Git Bash","GitHub","LARAVEL","MySQL","PHP"],"perks":["Certificate","Letter of recommendation","Flexible work hours"],"openings":"3"},{"url":"/internship/detail/technical-project-management-work-from-home-job-internship-at-zansys-technologies1667550299","name":"Technical Project Management","company":"Zansys Technologies","location":"Work From Home","duration":"4 Months","stipend":"10,000 /month","applications":"38 applicants","skills":["English Proficiency (Spoken)","Software Testing"],"perks":["Certificate","Letter of recommendation","5 days a week"],"openings":"4"},{"url":"/internship/detail/flutter-development-work-from-home-job-internship-at-blackcoffer1667549620","name":"Flutter Development","company":"Blackcoffer","location":"Work From Home","duration":"6 Months","stipend":"5,000 /month","applications":"33 applicants","skills":["Firebase","Flutter","React Native"],"perks":["Certificate","Letter of recommendation","Flexible work hours"],"openings":"10"},{"url":"/internship/detail/mern-development-work-from-home-job-internship-at-possibuild-building-technologies1667549371","name":"MERN Development","company":"PossiBuild Building Technologies","location":"Work From Home","duration":"6 Months","stipend":"10,000-12,000 /month","applications":"31 applicants","skills":["MongoDB","Node.js","ReactJS"],"perks":["Certificate","5 days a week"],"openings":"2"},{"url":"/internship/detail/php-development-internship-in-jaipur-at-login2design-technologies1667478233","name":"PHP Development","company":"Login2Design Technologies","location":"Jaipur","duration":"3 Months","stipend":"3,000-5,000 /month","applications":"Be an early applicant","skills":["AJAX","CodeIgniter","jQuery","LARAVEL","PHP"],"perks":["Certificate","Letter of recommendation","Flexible work hours","Informal dress code","5 days a week","Job offer"],"openings":"2"},{"url":"/internship/detail/php-development-internship-in-delhi-at-mind-aviator-technologies-and-services-private-limited1667548647","name":"PHP Development","company":"Mind Aviator Technologies And Services Private Limited","location":"Delhi","duration":"3 Months","stipend":"8,000 /month","applications":"Be an early applicant","skills":[],"perks":["Flexible work hours","5 days a week"],"openings":"10"},{"url":"/internship/detail/java-development-internship-in-pune-at-quadwave-consulting1667471259","name":"Java Development","company":"Quadwave Consulting","location":"Pune","duration":"6 Months","stipend":"10,000-15,000 /month","applications":"77 applicants","skills":["HTML","Java","JavaScript","jQuery","JSP","MySQL","Servlets"],"perks":["Certificate","Letter of recommendation","Informal dress code","5 days a week","Free snacks & beverages","Job offer"],"openings":"10"},{"url":"/internship/detail/backend-development-work-from-home-job-internship-at-qualyval1667471206","name":"Backend Development","company":"Qualyval","location":"Work From Home","duration":"6 Months","stipend":"6,000 /month","applications":"80 applicants","skills":["MongoDB","Node.js","Python","REST API"],"perks":["Certificate","Letter of recommendation","Flexible work hours"],"openings":"2"},{"url":"/internship/detail/python-development-internship-in-multiple-locations-at-fact-wise-tech1667546356","name":"Python Development","company":"Fact Wise Tech","location":"Thane","duration":"3 Months","stipend":"7,000-15,000 /month","applications":"Be an early applicant","skills":["Django","Python"],"perks":["Letter of recommendation","Informal dress code","5 days a week","Job offer"],"openings":"2"},{"url":"/internship/detail/full-stack-development-web-application-development-work-from-home-job-internship-at-aero2astro1667545957","name":"Full Stack Development/Web Application Development","company":"Aero2Astro","location":"Work From Home","duration":"3 Months","stipend":"10,000 lump sum","applications":"64 applicants","skills":["Amazon Web Server (AWS)","Amazon Web Services (AWS)","AngularJS","C++ Programming","DigitalOcean","Django","Express.js","JavaScript","LARAVEL","Linux","Node.js","Python","ReactJS","React Native","Spring MVC","Tailwind CSS","User Interface (UI) Development","Windows Mobile Application Development"],"perks":["Certificate","Letter of recommendation"],"openings":"6"},{"url":"/internship/detail/mern-stack-development-internship-in-indore-bhopal-at-eulogik1667543984","name":"MERN Stack Development","company":"Eulogik","location":"Indore","duration":"4 Months","stipend":"6,000-8,000 /month","applications":"Be an early applicant","skills":["CSS","Express.js","HTML","JavaScript","MongoDB","Node.js","ReactJS"],"perks":["Letter of recommendation"],"openings":"2"},{"url":"/internship/detail/mechatronics-engineering-internship-in-bangalore-at-yolabs1667542526","name":"Mechatronics Engineering","company":"Yolabs","location":"Bangalore","duration":"6 Months","stipend":"11,000-15,000 /month","applications":"Be an early applicant","skills":["Arduino","Autodesk Fusion 360","Blender 3D","C++ Programming","Circuit Design","CNC Programming","Embedded Systems","Python","Raspberry Pi","Robotics","Unity 3D"],"perks":["Certificate","Letter of recommendation","Flexible work hours","Informal dress code","Free snacks & beverages","Job offer"],"openings":"3"},{"url":"/internship/detail/nodejs-development-internship-in-gurgaon-at-antino-labs-private-limited1667540699","name":"Node.js Development","company":"Antino Labs Private Limited","location":"Gurgaon","duration":"6 Months","stipend":"15,000 /month","applications":"45 applicants","skills":["Express.js","HTML","JavaScript","MongoDB","MySQL","Node.js","REST API"],"perks":["Certificate","Flexible work hours","Informal dress code","5 days a week","Free snacks & beverages"],"openings":"3"},{"url":"/internship/detail/python-development-work-from-home-job-internship-at-vaultedge-software-private-limited1667537274","name":"Python Development","company":"Vaultedge Software Private Limited","location":"Work From Home","duration":"6 Months","stipend":"30,000-35,000 /month","applications":"58 applicants","skills":[],"perks":["5 days a week","Job offer"],"openings":"2"},{"url":"/internship/detail/python-development-work-from-home-job-internship-at-relu-consultancy1667535333","name":"Python Development","company":"Relu Consultancy","location":"Work From Home","duration":"6 Months","stipend":"10,000-20,000 /month","applications":"77 applicants","skills":["Django","GitHub","JSON","MongoDB","Python","SQL"],"perks":["Certificate","Letter of recommendation","Flexible work hours"],"openings":"5"},{"url":"/internship/detail/nodejs-development-work-from-home-job-internship-at-unico-global1667504013","name":"Node.js Development","company":"Unico Global","location":"Work From Home","duration":"3 Months","stipend":"3,000-6,000 /month","applications":"39 applicants","skills":["Amazon Web Server (AWS)","Cloud Firestore","Express.js","Firebase","GitHub","Heroku","JavaScript","MEAN/MERN Stack","MongoDB","MySQL","Node.js","ReactJS","React Native","REST API"],"perks":["Certificate","Letter of recommendation","Flexible work hours","Job offer"],"openings":"1"},{"url":"/internship/detail/backend-development-internship-in-gurgaon-bangalore-at-docquity-services-private-limited1667483648","name":"Backend Development","company":"Docquity Services Private Limited","location":"Gurgaon","duration":"4 Months","stipend":"20,000 /month","applications":"54 applicants","skills":["C++ Programming","C Programming","Java","JavaScript","Node.js"],"perks":["Certificate","Informal dress code","5 days a week"],"openings":"4"},{"url":"/internship/detail/backend-php-development-internship-in-faridabad-at-luneblaze1667481206","name":"Backend PHP Development","company":"Luneblaze","location":"Faridabad","duration":"6 Months","stipend":"6,000 /month","applications":"Be an early applicant","skills":["PHP","REST API"],"perks":["Certificate","Informal dress code","Job offer"],"openings":"5"},{"url":"/internship/detail/python-development-internship-in-salem-at-elan-digital1667287725","name":"Python Development","company":"Elan Digital","location":"Salem","duration":"3 Months","stipend":"5,000-10,000 /month","applications":"Be an early applicant","skills":["CSS","Django","Flask","HTML","Python","REST API"],"perks":["Certificate","Letter of recommendation","Job offer"],"openings":"2"},{"url":"/internship/detail/backend-development-work-from-home-job-internship-at-iqgateway1667449106","name":"Backend Development","company":"IQGateway","location":"Work From Home","duration":"6 Months","stipend":"22,000 /month","applications":"111 applicants","skills":["Hibernate (Java)","Java","REST API","Spring MVC"],"perks":[],"openings":"10"},{"url":"/internship/detail/nodejs-development-internship-in-jaipur-at-kaniskep1667472336","name":"Node.js Development","company":"Kaniskep","location":"Jaipur","duration":"3 Months","stipend":"5,000 /month + Incentives","applications":"Be an early applicant","skills":["Node.js"],"perks":["Certificate","Letter of recommendation","Flexible work hours","Informal dress code","5 days a week","Free snacks & beverages","Job offer"],"openings":"5"},{"url":"/internship/detail/react-nodejs-web-ui-development-work-from-home-job-internship-at-dendriteai1667403700","name":"React/NodeJS Web/UI Development","company":"Dendrite.ai","location":"Work From Home","duration":"4 Months","stipend":"4,000 /month","applications":"94 applicants","skills":["CSS","Docker","Git","HTML","JavaScript","Node.js","ReactJS","SQL"],"perks":["Certificate","Flexible work hours"],"openings":"3"},{"url":"/internship/detail/backend-development-work-from-home-job-internship-at-tfn-enterprise-opc-private-limited1667414104","name":"Backend Development","company":"TFN Enterprise (OPC) Private Limited","location":"Work From Home","duration":"3 Months","stipend":"4,000 /month","applications":"52 applicants","skills":["GitHub","MongoDB","Node.js","NoSQL","Postman","REST API","SQL"],"perks":["Certificate","Letter of recommendation","Flexible work hours","Job offer"],"openings":"2"},{"url":"/internship/detail/firmware-development-internship-in-bangalore-at-wildly-tech-private-limited1667399478","name":"Firmware Development","company":"Wildly Tech Private Limited","location":"Bangalore","duration":"6 Months","stipend":"25,000 /month + Incentives","applications":"42 applicants","skills":["C++ Programming","C Programming","Embedded Systems","Python"],"perks":["Letter of recommendation","Informal dress code","Free snacks & beverages"],"openings":"1"},{"url":"/internship/detail/python-development-work-from-home-job-internship-at-booksiey-technologies-private-limited1667470019","name":"Python Development","company":"Booksiey Technologies Private Limited","location":"Work From Home","duration":"3 Months","stipend":"20,000 /month","applications":"286 applicants","skills":["Machine Learning","Python"],"perks":["Certificate","Letter of recommendation","Flexible work hours"],"openings":"1"},{"url":"/internship/detail/php-development-internship-in-nagpur-at-cyberathon1667468436","name":"PHP Development","company":"Cyberathon","location":"Nagpur","duration":"6 Months","stipend":"3,000 /month","applications":"Be an early applicant","skills":["CSS","HTML","JavaScript","MySQL","PHP"],"perks":["Certificate","Job offer"],"openings":"10"},{"url":"/internship/detail/python-chartjs-implementation-work-from-home-job-internship-at-pojo-software-private-limited1667467350","name":"Python/ChartJS Implementation","company":"Pojo Software Private Limited","location":"Work From Home","duration":"6 Months","stipend":"1,500-3,000 /month","applications":"93 applicants","skills":["JavaScript","Python"],"perks":["Certificate","Letter of recommendation","Flexible work hours"],"openings":"2"},{"url":"/internship/detail/web-development-internship-in-indore-at-alphawizz-technologies-private-limited1667395485","name":"Web Development","company":"Alphawizz Technologies Private Limited","location":"Indore","duration":"2 Months","stipend":"5,000 /month","applications":"27 applicants","skills":["Bootstrap","CSS","HTML","JavaScript","PHP"],"perks":["Certificate","Letter of recommendation","Informal dress code","Job offer"],"openings":"10"},{"url":"/internship/detail/php-development-work-from-home-job-internship-at-wizorbit-softwares-private-limited1667463653","name":"PHP Development","company":"Wizorbit Softwares Private Limited","location":"Work From Home","duration":"6 Months","stipend":"2,000 /month","applications":"Be an early applicant","skills":["AJAX","CSS","HTML","JavaScript","jQuery","MySQL","PHP","WordPress"],"perks":["Certificate","Letter of recommendation","Flexible work hours","5 days a week","Job offer"],"openings":"4"},{"url":"/internship/detail/web-development-internship-in-pune-at-digipeddle-technologies1667389430","name":"Web Development","company":"Digipeddle Technologies","location":"Pune","duration":"3 Months","stipend":"5,000-8,000 /month","applications":"62 applicants","skills":["CSS","HTML","JavaScript","PHP","WordPress"],"perks":["Certificate","Letter of recommendation","Job offer"],"openings":"2"},{"url":"/internship/detail/full-stack-development-internship-in-multiple-locations-at-vidyalai1667393334","name":"Full Stack Development","company":"Vidyalai","location":"Kochi","duration":"6 Months","stipend":"15,000 /month","applications":"29 applicants","skills":["CSS","HTML","JavaScript","MongoDB","Node.js","ReactJS"],"perks":["Certificate","Letter of recommendation","Informal dress code","Job offer"],"openings":"2"}]}