{"success":4,"failed":0,"internships":[{"url":"/internship/detail/java-big-data-and-devops-work-from-home-job-internship-at-softnerve-technology-private-limited1667443830","name":"Java & Big Data And DevOps","company":"Softnerve Technology Private Limited","location":"Work From Home","duration":"6 Months","stipend":"5,000 /month + Incentives","applications":"Be an early applicant","skills":["Docker","Java","Kubernetes","MongoDB","Node.js","Python","Spring MVC"],"perks":["Certificate","Letter of recommendation","Flexible work hours","5 days a week","Job offer"],"openings":"2"},{"url":"/internship/detail/data-engineering-internship-in-multiple-locations-at-go-digital-technology-consulting1667207710","name":"Data Engineering","company":"Go Digital Technology Consulting","location":"Pune","duration":"3 Months","stipend":"14,000 /month","applications":"606 applicants","skills":["Python","SQL"],"perks":["Certificate","Letter of recommendation","Informal dress code","5 days a week","Job offer"],"openings":"5"},{"url":"/internship/detail/data-engineering-work-from-home-job-internship-at-mactores1666942454","name":"Data Engineering","company":"Mactores","location":"Work From Home","duration":"3 Months","stipend":"5,000 /month","applications":"206 applicants","skills":[],"perks":["Certificate","Flexible work hours","5 days a week"],"openings":"6"},{"url":"/internship/details/internship-at-aryabhatta-research-institute-of-observational-sciences1608031717","name":"Computer Science","company":"Aryabhatta Research Institute Of Observational Sciences","location":"Nainital","duration":"5 Months","stipend":"10,000 /month","applications":"Be an early applicant","skills":[],"perks":[],"openings":"4"}]}