{"success":22,"failed":0,"internships":[{"url":"/internship/detail/sme-biology-chemistry-work-from-home-job-internship-at-vedantu-innovations-private-limited1666414568","name":"SME (Biology-Chemistry)","company":"Vedantu Innovations Private Limited","location":"Work From Home","duration":"3 Months","stipend":"12,000 /month","applications":"531 applicants","skills":["Biology","Chemistry","MS-Office"],"perks":[],"openings":"2"},{"url":"/internship/detail/content-writing-work-from-home-job-internship-at-anayesha-education-services1667582496","name":"Content Writing","company":"Anayesha Education Services","location":"Work From Home","duration":"1 Month","stipend":"5,000 /month","applications":"41 applicants","skills":["Biology","Chemistry","Mathematics","Physics"],"perks":["Certificate","Letter of recommendation","Flexible work hours"],"openings":"12"},{"url":"/internship/detail/teaching-pcmb-work-from-home-job-internship-at-retrograde-innovations-private-limited1667564972","name":"Teaching (PCMB)","company":"Retrograde Innovations Private Limited","location":"Work From Home","duration":"6 Months","stipend":"2,000-15,000 /month","applications":"48 applicants","skills":["Biology","Chemistry","Mathematics","Online Teaching","Physics","Subject Matter Expert (SME)","Teaching"],"perks":["5 days a week"],"openings":"10"},{"url":"/internship/detail/quality-analysis-biology-work-from-home-job-internship-at-qa-solvers1667548871","name":"Quality Analysis (Biology)","company":"QA Solvers","location":"Work From Home","duration":"3 Months","stipend":"12,000-15,000 /month","applications":"162 applicants","skills":["Biology","English Proficiency (Spoken)","English Proficiency (Written)"],"perks":["Letter of recommendation","Flexible work hours"],"openings":"3"},{"url":"/internship/detail/pure-hindi-video-solution-pcmb-work-from-home-job-internship-at-zee-edtech1667548784","name":"Pure Hindi Video Solution (PCMB)","company":"Zee Edtech","location":"Work From Home","duration":"1 Month","stipend":"10,000-20,000 /month","applications":"28 applicants","skills":["Biology","Chemistry","Hindi Proficiency (Spoken)","Hindi Proficiency (Written)","Mathematics","Physics"],"perks":["Certificate","Flexible work hours"],"openings":"10"},{"url":"/internship/detail/subject-matter-expert-sme-part-time-job-internship-at-multiple-locations-in-acadque1667420990","name":"Subject Matter Expert (SME)","company":"AcadQue","location":"Kota","duration":"4 Months","stipend":"8,000 /month + Incentives","applications":"Be an early applicant","skills":["Biology","Chemistry","Mathematics","Physics","Subject Matter Expert (SME)"],"perks":["Certificate","Letter of recommendation","Flexible work hours","Informal dress code","5 days a week"],"openings":"20"},{"url":"/internship/detail/subject-matter-expert-pcmb-work-from-home-job-internship-at-questta-learrning1667470469","name":"Subject Matter Expert (PCMB)","company":"Questta Learrning","location":"Work From Home","duration":"6 Months","stipend":"10,000-15,500 /month","applications":"95 applicants","skills":["Biology","Chemistry","English Proficiency (Written)","LaTeX","Mathematics","Physics"],"perks":["Certificate","Letter of recommendation","Flexible work hours"],"openings":"15"},{"url":"/internship/detail/subject-matter-expert-bio-chemistry-work-from-home-job-internship-at-solvaphile1667466315","name":"Subject Matter Expert (Bio-Chemistry)","company":"Solvaphile","location":"Work From Home","duration":"1 Month","stipend":"5,000-20,000 /month","applications":"97 applicants","skills":["Subject Matter Expert (SME)"],"perks":["Certificate","Letter of recommendation","Flexible work hours","Job offer"],"openings":"50"},{"url":"/internship/detail/teaching-pcmb-internship-in-delhi-at-unimonks1667391550","name":"Teaching PCMB","company":"Unimonks","location":"Delhi","duration":"4 Months","stipend":"8,000-16,000 /month","applications":"Be an early applicant","skills":["Online Teaching"],"perks":["Certificate","Letter of recommendation","Flexible work hours"],"openings":"4"},{"url":"/internship/detail/teaching-biology-ib-igcse-board-work-from-home-job-internship-at-auriv-learning1667409196","name":"Teaching Biology (IB/IGCSE Board)","company":"Auriv Learning","location":"Work From Home","duration":"2 Months","stipend":"10,000 /month","applications":"167 applicants","skills":[],"perks":["Certificate","Letter of recommendation","Flexible work hours","5 days a week"],"openings":"4"},{"url":"/internship/detail/content-writing-pcm-work-from-home-job-internship-at-quizzy1667376106","name":"Content Writing (PCM)","company":"Quizzy","location":"Work From Home","duration":"3 Months","stipend":"3,000-5,000 /month","applications":"126 applicants","skills":["English Proficiency (Spoken)","English Proficiency (Written)","MS-Excel","MS-Word"],"perks":["Certificate"],"openings":"20"},{"url":"/internship/detail/hindi-video-solutions-pen-tab-based-work-from-home-job-internship-at-amivo-tech-solutions1667362044","name":"Hindi Video Solutions (Pen-Tab Based)","company":"Amivo Tech Solutions","location":"Work From Home","duration":"5 Months","stipend":"30,000 /month","applications":"44 applicants","skills":["Chemistry","Hindi Proficiency (Spoken)","Hindi Proficiency (Written)","Mathematics","Physics","Subject Matter Expert (SME)"],"perks":["Flexible work hours"],"openings":"20"},{"url":"/internship/detail/teaching-pcm-work-from-home-job-internship-at-tutor-yard1667297749","name":"Teaching (PCM)","company":"Tutor Yard","location":"Work From Home","duration":"2 Months","stipend":"15,000-20,000 /month","applications":"Be an early applicant","skills":["Chemistry","Mathematics","Physics"],"perks":["Certificate"],"openings":"10"},{"url":"/internship/detail/subject-matter-expert-sme-work-from-home-job-internship-at-innovative-creaters1667205350","name":"Subject Matter Expert (SME)","company":"Innovative Creaters","location":"Work From Home","duration":"3 Months","stipend":"1,000 /month + Incentives","applications":"92 applicants","skills":[],"perks":["Certificate","Flexible work hours"],"openings":"20"},{"url":"/internship/detail/content-writing-biology-work-from-home-job-internship-at-qa-solvers1667281708","name":"Content Writing (Biology)","company":"QA Solvers","location":"Work From Home","duration":"3 Months","stipend":"15,000-20,000 /month","applications":"526 applicants","skills":["Biology","English Proficiency (Spoken)","English Proficiency (Written)","Subject Matter Expert (SME)"],"perks":["Certificate","Letter of recommendation"],"openings":"5"},{"url":"/internship/detail/teaching-biology-internship-in-karauli-at-st-xaviers-school-karauli1667288235","name":"Teaching (Biology)","company":"St Xaviers School (Karauli)","location":"Karauli","duration":"6 Months","stipend":"20,000 /month","applications":"Be an early applicant","skills":[],"perks":[],"openings":"2"},{"url":"/internship/detail/school-implementation-part-time-job-internship-at-chennai-in-pojo-software-private-limited1667023967","name":"School Implementation","company":"Pojo Software Private Limited","location":"Chennai","duration":"6 Months","stipend":"3,000 /month + Incentives","applications":"Be an early applicant","skills":[],"perks":["Certificate","Letter of recommendation","Flexible work hours"],"openings":"2"},{"url":"/internship/detail/biology-tutoring-work-from-home-job-internship-at-clavictor-academy-private-limited1666959853","name":"Biology Tutoring","company":"Clavictor Academy Private Limited","location":"Work From Home","duration":"6 Months","stipend":"3,000-9,000 /month","applications":"478 applicants","skills":["MS-Office"],"perks":["Certificate","Flexible work hours"],"openings":"12"},{"url":"/internship/detail/research-analysis-science-wing-internship-in-delhi-at-adisha-foundation1666964150","name":"Research Analysis (Science Wing)","company":"Adisha Foundation","location":"Delhi","duration":"2 Months","stipend":"15,000 /month","applications":"100 applicants","skills":["English Proficiency (Spoken)","English Proficiency (Written)","Research and Analytics","Subject Matter Expert (SME)"],"perks":["Certificate","Letter of recommendation","Job offer"],"openings":"1"},{"url":"/internship/detail/subject-matter-expert-sme-pcbm-work-from-home-job-internship-at-miwo-eduserve1666957609","name":"Subject Matter Expert (SME) - PCBM","company":"Miwo Eduserve","location":"Work From Home","duration":"2 Months","stipend":"5,000 /month","applications":"282 applicants","skills":["Biology","Biostatistics","Chemistry","Mathematics","Molecular Biology Techniques","Physics"],"perks":["Certificate","Letter of recommendation"],"openings":"5"},{"url":"/internship/detail/digital-sketch-doodle-art-work-from-home-job-internship-at-mathongo1666838751","name":"Digital Sketch/Doodle Art","company":"Mathongo","location":"Work From Home","duration":"1 Month","stipend":"3,500 /month","applications":"67 applicants","skills":[],"perks":["Certificate","Letter of recommendation","Flexible work hours"],"openings":"4"},{"url":"/internship/detail/biomedical-internship-in-ahmedabad-at-sri-laxmi-kravia-techlabs-private-limited1666860809","name":"Biomedical","company":"Sri Laxmi Kravia Techlabs Private Limited","location":"Ahmedabad","duration":"3 Months","stipend":"3,000-5,000 /month","applications":"Be an early applicant","skills":["Research and Analytics"],"perks":["Certificate","Letter of recommendation","Informal dress code"],"openings":"3"}]}