{"success":2,"failed":0,"internships":[{"url":"/internship/detail/chemistry-biotechnology-internship-in-multiple-locations-at-mpower-energy-company-private-limited1667365665","name":"Chemistry & Biotechnology","company":"Mpower Energy Company Private Limited","location":"Pune","duration":"6 Months","stipend":"2,500 /month + Incentives","applications":"32 applicants","skills":[],"perks":["Certificate"],"openings":"6"},{"url":"/internship/detail/biomedical-internship-in-ahmedabad-at-sri-laxmi-kravia-techlabs-private-limited1666860809","name":"Biomedical","company":"Sri Laxmi Kravia Techlabs Private Limited","location":"Ahmedabad","duration":"3 Months","stipend":"3,000-5,000 /month","applications":"26 applicants","skills":["Research and Analytics"],"perks":["Certificate","Letter of recommendation","Informal dress code"],"openings":"3"}]}