{"success":7,"failed":0,"internships":[{"url":"/internship/detail/blockchain-development-work-from-home-job-internship-at-happax-vr1667562579","name":"Blockchain Development","company":"Happax VR","location":"Work From Home","duration":"3 Months","stipend":"10,000 /month","applications":"Be an early applicant","skills":["Blockchain","C++ Programming","Ethereum","Hyperledger","Java","JavaScript","Node.js","Python","ReactJS","React Native"],"perks":["Certificate","Letter of recommendation","Flexible work hours"],"openings":"2"},{"url":"/internship/detail/content-writing-blockchain-web3-work-from-home-job-internship-at-confederation-of-global-innovators1667546704","name":"Content Writing (Blockchain/Web3)","company":"Confederation Of Global Innovators","location":"Work From Home","duration":"2 Months","stipend":"7,500-10,000 /month","applications":"28 applicants","skills":["Blockchain","Ethereum","Solidity"],"perks":["Certificate","Letter of recommendation","5 days a week"],"openings":"1"},{"url":"/internship/detail/blockchain-development-work-from-home-job-internship-at-confederation-of-global-innovators1667298057","name":"Blockchain Development","company":"Confederation Of Global Innovators","location":"Work From Home","duration":"2 Months","stipend":"20,000 /month","applications":"91 applicants","skills":["Blockchain","Ethereum","Hyperledger","JavaScript"],"perks":["Certificate","Letter of recommendation","5 days a week"],"openings":"1"},{"url":"/internship/detail/blockchain-development-work-from-home-job-internship-at-oneobit1667122342","name":"Blockchain Development","company":"OneOBit","location":"Work From Home","duration":"2 Months","stipend":"10,000-15,000 /month","applications":"223 applicants","skills":["Blockchain","Ethereum","JavaScript","Node.js","ReactJS"],"perks":["Certificate","Letter of recommendation","Flexible work hours","5 days a week"],"openings":"2"},{"url":"/internship/detail/blockchain-cryptocurrency-work-from-home-job-internship-at-sahil-kapoor1667115442","name":"Blockchain Cryptocurrency","company":"Sahil Kapoor","location":"Work From Home","duration":"1 Month","stipend":"10,000-18,000 /month","applications":"101 applicants","skills":["Blockchain"],"perks":[],"openings":"2"},{"url":"/internship/detail/blockchain-development-work-from-home-job-internship-at-buddha-education-association-incorporation1666835206","name":"Blockchain Development","company":"Buddha Education Association Incorporation","location":"Work From Home","duration":"2 Months","stipend":"18,000 /month","applications":"708 applicants","skills":["Blockchain","C++ Programming","Ethereum","Hyperledger","Java","JavaScript","Node.js","Python","ReactJS"],"perks":["Certificate","Letter of recommendation","5 days a week","Job offer"],"openings":"8"},{"url":"/internship/detail/solidity-development-work-from-home-job-internship-at-yebelo-technology1666767176","name":"Solidity Development","company":"Yebelo Technology","location":"Work From Home","duration":"6 Months","stipend":"20,000-30,000 /month","applications":"162 applicants","skills":["Angular 7.0","Blockchain","Git","Solidity"],"perks":["Job offer"],"openings":"2"}]}