{"success":40,"failed":0,"internships":[{"url":"/internship/detail/digital-event-marketing-internship-in-delhi-at-stirring-minds1667413031","name":"Digital Event Marketing","company":"Stirring Minds","location":"Delhi","duration":"3 Months","stipend":"5,000-7,000 /month","applications":"Be an early applicant","skills":["Digital Marketing","Email Marketing","English Proficiency (Written)","Social Media Marketing"],"perks":["Certificate","Informal dress code","Free snacks & beverages"],"openings":"4"},{"url":"/internship/detail/content-writing-internship-in-mumbai-at-id8-media-solutions-private-limited1667459612","name":"Content Writing","company":"id8 Media Solutions Private Limited","location":"Mumbai","duration":"3 Months","stipend":"5,000 /month","applications":"Be an early applicant","skills":["Creative Writing","Digital Marketing","English Proficiency (Spoken)","English Proficiency (Written)","Social Media Marketing"],"perks":["Certificate","5 days a week"],"openings":"5"},{"url":"/internship/detail/blog-writing-internship-in-bangalore-at-pereyan-llp1667194922","name":"Blog Writing","company":"Pereyan LLP","location":"Bangalore","duration":"6 Months","stipend":"5,000-15,000 /month","applications":"Be an early applicant","skills":["Blogging"],"perks":[],"openings":"1"},{"url":"/internship/detail/blogging-work-from-home-job-internship-at-lawtech1667636859","name":"Blogging","company":"Lawtech","location":"Work From Home","duration":"4 Months","stipend":"7,000-10,000 /month","applications":"74 applicants","skills":["Content Writing","English Proficiency (Written)","Search Engine Optimization (SEO)","Social Media Marketing"],"perks":["Certificate","Letter of recommendation"],"openings":"4"},{"url":"/internship/detail/academic-content-writing-finance-management-work-from-home-job-internship-at-legacy-research-solutions1667587658","name":"Academic Content Writing (Finance & Management)","company":"LEGACY Research Solutions","location":"Work From Home","duration":"3 Months","stipend":"10,000 /month","applications":"26 applicants","skills":["Accounting","English Proficiency (Written)","Financial Modeling","MS-Excel","MS-Office","MS-PowerPoint","MS-Word"],"perks":["Certificate","Letter of recommendation","Flexible work hours","Job offer"],"openings":"12"},{"url":"/internship/detail/content-writing-work-from-home-job-internship-at-wrencho1667553627","name":"Content Writing","company":"Wrencho","location":"Work From Home","duration":"3 Months","stipend":"1,000 /month + Incentives","applications":"36 applicants","skills":["Blogging","Creative Writing","English Proficiency (Written)","Search Engine Optimization (SEO)"],"perks":["Certificate","Letter of recommendation","Flexible work hours","5 days a week"],"openings":"2"},{"url":"/internship/detail/content-writing-work-from-home-job-internship-at-apna-chai-wala1667539359","name":"Content Writing","company":"Apna Chai Wala","location":"Work From Home","duration":"6 Months","stipend":"3,000 /month","applications":"98 applicants","skills":["Creative Writing","English Proficiency (Spoken)","English Proficiency (Written)"],"perks":["Certificate","Letter of recommendation","Flexible work hours","5 days a week"],"openings":"2"},{"url":"/internship/detail/content-writing-internship-in-chennai-at-magzter-digital-private-limited1667542449","name":"Content Writing","company":"Magzter Digital Private Limited","location":"Chennai","duration":"2 Months","stipend":"5,000 /month","applications":"Be an early applicant","skills":["Creative Writing","English Proficiency (Spoken)","English Proficiency (Written)"],"perks":["Certificate","5 days a week","Free snacks & beverages"],"openings":"2"},{"url":"/internship/detail/content-writing-work-from-home-job-internship-at-indian-great-deals1667500964","name":"Content Writing","company":"Indian Great Deals","location":"Work From Home","duration":"3 Months","stipend":"4,000 /month","applications":"73 applicants","skills":["Blogging","Creative Writing","English Proficiency (Written)","Hindi Proficiency (Written)"],"perks":["Certificate","Letter of recommendation","Flexible work hours","5 days a week"],"openings":"7"},{"url":"/internship/detail/content-writing-internship-in-multiple-locations-at-celestial-earrings-store1667508690","name":"Content Writing","company":"Celestial Earrings Store","location":"Delhi","duration":"1 Month","stipend":"2,000 /month","applications":"Be an early applicant","skills":["Blogging","Creative Writing","English Proficiency (Spoken)","English Proficiency (Written)","Search Engine Optimization (SEO)"],"perks":["Certificate","Letter of recommendation"],"openings":"2"},{"url":"/internship/detail/content-writing-internship-in-navi-mumbai-at-reach-here-private-limited1667478961","name":"Content Writing","company":"Reach Here Private Limited","location":"Navi Mumbai","duration":"3 Months","stipend":"8,000-15,000 /month","applications":"Be an early applicant","skills":["Blogging","Creative Writing","Digital Marketing","English Proficiency (Spoken)","English Proficiency (Written)","Social Media Marketing"],"perks":["Certificate","Flexible work hours"],"openings":"1"},{"url":"/internship/detail/content-writing-internship-in-multiple-locations-at-brand-guru-insights-private-limited1667482960","name":"Content Writing","company":"Brand Guru Insights Private Limited","location":"Kollam","duration":"3 Months","stipend":"7,000 /month","applications":"Be an early applicant","skills":["Blogging","Creative Writing","English Proficiency (Written)","Social Media Marketing"],"perks":[],"openings":"1"},{"url":"/internship/detail/content-writing-part-time-job-internship-at-bangalore-in-propelld1667454886","name":"Content Writing","company":"Propelld","location":"Bangalore","duration":"3 Months","stipend":"10,000 /month","applications":"Be an early applicant","skills":["Blogging","Copywriting","Creative Writing","Digital Marketing","English Proficiency (Spoken)","English Proficiency (Written)","Search Engine Optimization (SEO)","Social Media Marketing"],"perks":["Certificate","Letter of recommendation","Free snacks & beverages"],"openings":"2"},{"url":"/internship/detail/content-writing-internship-in-gurgaon-at-jollee1667464267","name":"Content Writing","company":"Jollee","location":"Gurgaon","duration":"1 Month","stipend":"12,000-18,000 /month","applications":"Be an early applicant","skills":["Blogging","Creative Writing","English Proficiency (Spoken)","English Proficiency (Written)","Social Media Marketing"],"perks":["Certificate","Letter of recommendation","Informal dress code"],"openings":"2"},{"url":"/internship/detail/content-writing-work-from-home-job-internship-at-kushel-digi-solutions1667395737","name":"Content Writing","company":"Kushel Digi Solutions","location":"Work From Home","duration":"3 Months","stipend":"5,000 lump sum + Incentives","applications":"80 applicants","skills":["Creative Writing","English Proficiency (Written)"],"perks":["Certificate","Letter of recommendation","Flexible work hours"],"openings":"1"},{"url":"/internship/detail/content-writing-work-from-home-job-internship-at-fidency-india-llp1667475562","name":"Content Writing","company":"Fidency India LLP","location":"Work From Home","duration":"2 Months","stipend":"5,000 lump sum","applications":"105 applicants","skills":["Blogging","Content Writing","English Proficiency (Written)"],"perks":["Certificate","Letter of recommendation","Flexible work hours","5 days a week","Job offer"],"openings":"3"},{"url":"/internship/detail/digital-marketing-internship-in-bhopal-at-rankfrog-solutions-private-limited1667409660","name":"Digital Marketing","company":"Rankfrog Solutions Private Limited","location":"Bhopal","duration":"3 Months","stipend":"3,000-5,000 /month","applications":"Be an early applicant","skills":["Digital Marketing","English Proficiency (Written)","Instagram Marketing","Search Engine Optimization (SEO)","Social Media Marketing"],"perks":["Certificate","Letter of recommendation","Job offer"],"openings":"4"},{"url":"/internship/detail/content-writing-work-from-home-job-internship-at-simmi-foundation-organization1667415152","name":"Content Writing","company":"Simmi Foundation Organization","location":"Work From Home","duration":"3 Months","stipend":"Unpaid","applications":"31 applicants","skills":[],"perks":["Certificate","Letter of recommendation","Flexible work hours","5 days a week"],"openings":"3"},{"url":"/internship/detail/creative-writing-work-from-home-job-internship-at-the-bulletin-boards1667418224","name":"Creative Writing","company":"The Bulletin Boards","location":"Work From Home","duration":"6 Months","stipend":"2,100-2,200 /month","applications":"44 applicants","skills":["English Proficiency (Spoken)","English Proficiency (Written)"],"perks":["Certificate","Letter of recommendation","Job offer"],"openings":"4"},{"url":"/internship/detail/content-writing-work-from-home-job-internship-at-trawhale1667391093","name":"Content Writing","company":"Trawhale","location":"Work From Home","duration":"3 Months","stipend":"5,000 /month","applications":"40 applicants","skills":["Creative Writing","English Proficiency (Spoken)","English Proficiency (Written)","Hindi Proficiency (Spoken)","Hindi Proficiency (Written)","Search Engine Optimization (SEO)","Translation"],"perks":["Letter of recommendation","Flexible work hours"],"openings":"1"},{"url":"/internship/detail/content-writing-and-web-stories-creation-english-work-from-home-job-internship-at-crazeenews1667455553","name":"Content Writing And Web Stories Creation (English)","company":"Crazeenews","location":"Work From Home","duration":"3 Months","stipend":"1,500 /month","applications":"Be an early applicant","skills":["Blogging","Content Writing","Search Engine Optimization (SEO)","WordPress"],"perks":["Certificate","Letter of recommendation"],"openings":"10"},{"url":"/internship/detail/content-writing-internship-in-bangalore-at-mrstudybuddy1667385705","name":"Content Writing","company":"MrStudyBuddy","location":"Bangalore","duration":"3 Months","stipend":"7,000-10,000 /month","applications":"Be an early applicant","skills":["Blogging","Creative Writing","English Proficiency (Spoken)","English Proficiency (Written)"],"perks":["Certificate","Letter of recommendation","Informal dress code","Free snacks & beverages"],"openings":"10"},{"url":"/internship/detail/content-writing-part-time-job-internship-at-pune-in-kridaz-sgv-sports-private-limited1667241045","name":"Content Writing","company":"KRIDAZ SGV SPORTS PRIVATE LIMITED","location":"Pune","duration":"4 Months","stipend":"3,000 /month + Incentives","applications":"Be an early applicant","skills":["Creative Writing","Digital Marketing","Email Marketing","English Proficiency (Written)","Facebook Marketing","Instagram Marketing","Search Engine Marketing (SEM)","Search Engine Optimization (SEO)","Social Media Marketing"],"perks":["Certificate","Letter of recommendation","Flexible work hours","Informal dress code"],"openings":"3"},{"url":"/internship/detail/content-writing-internship-in-multiple-locations-at-lm-technologies1667386385","name":"Content Writing","company":"LM Technologies","location":"Chennai","duration":"1 Month","stipend":"12,000 /month","applications":"Be an early applicant","skills":["Blogging","Creative Writing","Digital Marketing","English Proficiency (Spoken)","English Proficiency (Written)","Search Engine Optimization (SEO)","Social Media Marketing"],"perks":["Certificate","Letter of recommendation","Informal dress code","5 days a week","Free snacks & beverages"],"openings":"2"},{"url":"/internship/detail/copywriting-internship-in-multiple-locations-at-brand-mechanic-communications1667377254","name":"Copywriting","company":"Brand Mechanic Communications","location":"Delhi","duration":"3 Months","stipend":"7,000-10,000 /month","applications":"Be an early applicant","skills":[],"perks":["Certificate","Letter of recommendation","Informal dress code"],"openings":"2"},{"url":"/internship/detail/content-writing-internship-in-indore-at-msgclub1667450896","name":"Content Writing","company":"MsgClub","location":"Indore","duration":"3 Months","stipend":"5,000 /month","applications":"Be an early applicant","skills":["Blogging","Creative Writing","English Proficiency (Written)"],"perks":["Certificate"],"openings":"6"},{"url":"/internship/detail/content-writing-work-from-home-job-internship-at-green-gain-financial-services-llp1666859639","name":"Content Writing","company":"GREEN GAIN FINANCIAL SERVICES LLP","location":"Work From Home","duration":"6 Months","stipend":"5,000 /month + Incentives","applications":"Be an early applicant","skills":["Blogging","Creative Writing","Digital Marketing","English Proficiency (Spoken)","English Proficiency (Written)","Search Engine Optimization (SEO)","Social Media Marketing"],"perks":["Certificate"],"openings":"1"},{"url":"/internship/detail/content-writing-part-time-job-internship-at-ahmedabad-in-quick-bang-media1667215524","name":"Content Writing","company":"Quick Bang Media","location":"Ahmedabad","duration":"3 Months","stipend":"7,000 /month","applications":"Be an early applicant","skills":[],"perks":["Certificate","Letter of recommendation","Flexible work hours","Informal dress code","Free snacks & beverages"],"openings":"2"},{"url":"/internship/detail/content-writing-and-virtual-assistance-work-from-home-job-internship-at-palak-kumar1667391781","name":"Content Writing and Virtual Assistance","company":"Palak Kumar","location":"Work From Home","duration":"3 Months","stipend":"2,000 /month + Incentives","applications":"41 applicants","skills":["Creative Writing","English Proficiency (Spoken)","English Proficiency (Written)","Social Media Marketing"],"perks":["Certificate","Letter of recommendation","Flexible work hours"],"openings":"1"},{"url":"/internship/detail/law-legal-work-from-home-job-internship-at-rahul-kolge1667370083","name":"Law/Legal","company":"Rahul Kolge","location":"Work From Home","duration":"6 Months","stipend":"5,000-10,000 /month","applications":"58 applicants","skills":["Content Writing","Search Engine Optimization (SEO)","WordPress"],"perks":["Certificate","Letter of recommendation","Flexible work hours","5 days a week"],"openings":"3"},{"url":"/internship/detail/content-writing-part-time-job-internship-at-hyderabad-in-natural-hege1667364557","name":"Content Writing","company":"Natural Hege","location":"Hyderabad","duration":"3 Months","stipend":"25,000 /month","applications":"33 applicants","skills":["Blogging","Creative Writing","English Proficiency (Spoken)","English Proficiency (Written)"],"perks":["Certificate","Letter of recommendation","Flexible work hours","Informal dress code","Free snacks & beverages"],"openings":"4"},{"url":"/internship/detail/content-writing-work-from-home-job-internship-at-pristine-smiles-dental-care1666865826","name":"Content Writing","company":"Pristine Smiles Dental Care","location":"Work From Home","duration":"1 Month","stipend":"2,500 /month","applications":"96 applicants","skills":["Blogging","Creative Writing","English Proficiency (Written)","Search Engine Optimization (SEO)"],"perks":["Letter of recommendation","Flexible work hours","5 days a week"],"openings":"1"},{"url":"/internship/detail/content-writing-internship-in-bangalore-at-enercent-technologies-private-limited1667372091","name":"Content Writing","company":"Enercent Technologies Private Limited","location":"Bangalore","duration":"1 Month","stipend":"15,000 /month","applications":"50 applicants","skills":["Blogging","Creative Writing","Digital Marketing","English Proficiency (Written)","Social Media Marketing"],"perks":["Certificate","Flexible work hours","5 days a week"],"openings":"3"},{"url":"/internship/detail/content-writing-internship-in-delhi-at-coursenator1667287724","name":"Content Writing","company":"Coursenator","location":"Delhi","duration":"4 Months","stipend":"20,000 /month","applications":"Be an early applicant","skills":["Creative Writing","English Proficiency (Spoken)","English Proficiency (Written)","Search Engine Optimization (SEO)"],"perks":["Certificate","Letter of recommendation","Flexible work hours","Job offer"],"openings":"1"},{"url":"/internship/detail/social-media-marketing-work-from-home-job-internship-at-myrevue1667207389","name":"Social Media Marketing","company":"Myrevue","location":"Work From Home","duration":"2 Months","stipend":"2,000 /month","applications":"32 applicants","skills":["Creative Writing","Digital Marketing","Social Media Marketing"],"perks":["Certificate","5 days a week"],"openings":"20"},{"url":"/internship/detail/digital-marketing-work-from-home-job-internship-at-myrevue1667207286","name":"Digital Marketing","company":"Myrevue","location":"Work From Home","duration":"2 Months","stipend":"2,000 /month","applications":"Be an early applicant","skills":["Creative Writing","Digital Marketing","Search Engine Optimization (SEO)"],"perks":["Certificate","5 days a week"],"openings":"20"},{"url":"/internship/detail/digital-marketing-work-from-home-job-internship-at-roadside-awareness-private-limited1667297393","name":"Digital Marketing","company":"Roadside Awareness Private Limited","location":"Work From Home","duration":"3 Months","stipend":"5,000 /month","applications":"Be an early applicant","skills":["Creative Writing","Digital Marketing","Search Engine Optimization (SEO)"],"perks":["Certificate","Letter of recommendation","Flexible work hours","Job offer"],"openings":"2"},{"url":"/internship/detail/content-writing-work-from-home-job-internship-at-cv-guys1667218667","name":"Content Writing","company":"CV GUYS","location":"Work From Home","duration":"2 Months","stipend":"4,000 /month","applications":"89 applicants","skills":["Creative Writing","English Proficiency (Spoken)","English Proficiency (Written)"],"perks":["Certificate","Letter of recommendation","Flexible work hours"],"openings":"2"},{"url":"/internship/detail/content-writing-internship-in-mumbai-at-foxtale1667218897","name":"Content Writing","company":"FoxTale","location":"Mumbai","duration":"3 Months","stipend":"8,000-10,000 /month","applications":"Be an early applicant","skills":["Blogging","Creative Writing","English Proficiency (Written)","Search Engine Optimization (SEO)"],"perks":["Certificate","Letter of recommendation","Informal dress code","Free snacks & beverages","Job offer"],"openings":"1"},{"url":"/internship/detail/content-writing-internship-in-mumbai-at-medisage1667243158","name":"Content Writing","company":"Medisage","location":"Mumbai","duration":"2 Months","stipend":"6,000-10,000 /month","applications":"Be an early applicant","skills":["Digital Marketing","English Proficiency (Written)"],"perks":["Certificate","Letter of recommendation","Informal dress code"],"openings":"2"}]}