{"success":20,"failed":0,"internships":[{"url":"/internship/detail/creative-writing-internship-in-delhi-at-rusk-media1667519823","name":"Creative Writing","company":"Rusk Media","location":"Delhi","duration":"3 Months","stipend":"7,000 /month","applications":"Be an early applicant","skills":["Creative Writing","English Proficiency (Written)","MS-Office"],"perks":["5 days a week"],"openings":"2"},{"url":"/internship/detail/content-writing-ecommerce-internship-in-delhi-gurgaon-at-eagle-network-supply-private-limited1667451149","name":"Content Writing (eCommerce)","company":"Eagle Network Supply Private Limited","location":"Delhi","duration":"3 Months","stipend":"10,000 /month","applications":"Be an early applicant","skills":["Creative Writing","English Proficiency (Spoken)","English Proficiency (Written)","MS-Excel","Report Writing"],"perks":["Certificate","Letter of recommendation","Informal dress code","Free snacks & beverages","Job offer"],"openings":"2"},{"url":"/internship/detail/brand-management-internship-in-delhi-at-rusk-media1666677248","name":"Brand Management","company":"Rusk Media","location":"Delhi","duration":"3 Months","stipend":"7,000 /month","applications":"Be an early applicant","skills":["Creative Writing","English Proficiency (Spoken)","English Proficiency (Written)","Report Writing"],"perks":["Certificate","Letter of recommendation","5 days a week"],"openings":"1"},{"url":"/internship/detail/promotions-management-work-from-home-job-internship-at-primite-marketing1667625589","name":"Promotions Management","company":"Primite Marketing","location":"Work From Home","duration":"1 Month","stipend":"1,500 /month + Incentives","applications":"Be an early applicant","skills":["Facebook Marketing","Instagram Marketing","Social Media Marketing"],"perks":["Certificate","Letter of recommendation","Flexible work hours","5 days a week"],"openings":"20"},{"url":"/internship/detail/digital-marketing-internship-in-bangalore-at-harab-rasheed1667538000","name":"Digital Marketing","company":"Harab Rasheed","location":"Bangalore","duration":"2 Months","stipend":"10,000 /month","applications":"Be an early applicant","skills":[],"perks":["Certificate","Letter of recommendation","Informal dress code","5 days a week","Free snacks & beverages","Job offer"],"openings":"1"},{"url":"/internship/detail/brand-strategy-internship-in-mumbai-at-glassbox1667481511","name":"Brand Strategy","company":"Glassbox","location":"Mumbai","duration":"2 Months","stipend":"10,000 /month","applications":"Be an early applicant","skills":[],"perks":[],"openings":"2"},{"url":"/internship/detail/business-development-sales-internship-in-mumbai-at-fruth-foods-private-limited1667409028","name":"Business Development (Sales)","company":"Fruth Foods Private Limited","location":"Mumbai","duration":"3 Months","stipend":"2,000 /month + Incentives","applications":"Be an early applicant","skills":["Business Research","English Proficiency (Spoken)","Sales"],"perks":["Certificate","Letter of recommendation"],"openings":"1"},{"url":"/internship/detail/clothing-brand-management-internship-in-noida-at-sakshi-gupta1667467485","name":"Clothing Brand Management","company":"Sakshi Gupta","location":"Noida","duration":"6 Months","stipend":"15,000-20,000 /month","applications":"Be an early applicant","skills":["Accounting","Design Thinking","Fashion Designing","Fashion Styling","MS-Excel"],"perks":["Certificate","Letter of recommendation","Informal dress code"],"openings":"1"},{"url":"/internship/detail/brand-management-internship-in-noida-at-ilariyaa1667414287","name":"Brand Management","company":"Ilariyaa","location":"Noida","duration":"3 Months","stipend":"7,000 /month","applications":"Be an early applicant","skills":["Business Analysis","English Proficiency (Spoken)","Operations"],"perks":["Certificate","Letter of recommendation","Flexible work hours","Informal dress code"],"openings":"1"},{"url":"/internship/detail/brand-management-work-from-home-job-internship-at-olive-and-gray1667387805","name":"Brand Management","company":"Olive And Gray","location":"Work From Home","duration":"3 Months","stipend":"3,000 /month","applications":"Be an early applicant","skills":["Digital Marketing","English Proficiency (Spoken)","English Proficiency (Written)","MS-Excel","MS-Office","Social Media Marketing","WordPress"],"perks":["Certificate","Letter of recommendation","Flexible work hours","5 days a week"],"openings":"2"},{"url":"/internship/detail/branding-marketing-research-part-time-job-internship-at-mumbai-in-karan-syntex1667284512","name":"Branding & Marketing Research","company":"KARAN SYNTEX","location":"Mumbai","duration":"3 Months","stipend":"3,000-5,000 /month","applications":"Be an early applicant","skills":["MS-Office","Sales and Marketing"],"perks":["Certificate","Letter of recommendation","Flexible work hours","Informal dress code","5 days a week"],"openings":"2"},{"url":"/internship/detail/brand-management-work-from-home-job-internship-at-local-nation1667110261","name":"Brand Management","company":"Local Nation","location":"Work From Home","duration":"2 Months","stipend":"3,000-5,000 /month","applications":"27 applicants","skills":["Client Interaction","Client Relationship","English Proficiency (Spoken)","English Proficiency (Written)","MS-Excel"],"perks":["Certificate","Letter of recommendation","Job offer"],"openings":"2"},{"url":"/internship/detail/pr-marketing-operations-work-from-home-job-internship-at-angel-gifts-events1666946327","name":"PR & Marketing Operations","company":"Angel Gifts & Events","location":"Work From Home","duration":"1 Month","stipend":"1,000-4,000 /month","applications":"Be an early applicant","skills":["Digital Marketing","English Proficiency (Spoken)","Facebook Marketing","Hindi Proficiency (Spoken)","Instagram Marketing","MS-Excel","Project Management","Social Media Marketing"],"perks":["Certificate","Letter of recommendation"],"openings":"1"},{"url":"/internship/detail/artist-management-bollywood-singer-work-from-home-job-internship-at-jahnvi-shrimankar1666940924","name":"Artist Management (Bollywood Singer)","company":"Jahnvi Shrimankar","location":"Work From Home","duration":"6 Months","stipend":"6,000 /month + Incentives","applications":"114 applicants","skills":["MS-Excel"],"perks":["Certificate","Letter of recommendation","Flexible work hours"],"openings":"1"},{"url":"/internship/detail/brand-management-work-from-home-job-internship-at-karostartup1666683360","name":"Brand Management","company":"KaroStartup","location":"Work From Home","duration":"3 Months","stipend":"8,000 /month","applications":"152 applicants","skills":["Digital Marketing","English Proficiency (Spoken)"],"perks":["Certificate"],"openings":"1"},{"url":"/internship/detail/content-e-commerce-management-work-from-home-job-internship-at-karostartup1666684379","name":"Content & E-Commerce Management","company":"KaroStartup","location":"Work From Home","duration":"3 Months","stipend":"7,000 /month","applications":"283 applicants","skills":["English Proficiency (Written)"],"perks":["Certificate"],"openings":"2"},{"url":"/internship/detail/finance-content-writing-internship-in-mumbai-at-contetra-private-limited1666677403","name":"Finance Content Writing","company":"ConTeTra Private Limited","location":"Mumbai","duration":"3 Months","stipend":"8,000 /month","applications":"Be an early applicant","skills":["Creative Writing","English Proficiency (Spoken)","English Proficiency (Written)","MS-Office"],"perks":["5 days a week"],"openings":"1"},{"url":"/internship/detail/creative-writing-internship-in-mumbai-at-rusk-media1666684906","name":"Creative Writing","company":"Rusk Media","location":"Mumbai","duration":"3 Months","stipend":"7,000 /month","applications":"48 applicants","skills":["Creative Writing","English Proficiency (Written)","MS-Office"],"perks":["5 days a week"],"openings":"2"},{"url":"/internship/detail/product-executive-internship-in-delhi-at-cannarma1666604621","name":"Product Executive","company":"CANNARMA","location":"Delhi","duration":"3 Months","stipend":"5,000 /month","applications":"Be an early applicant","skills":["Business Analysis","Business Research","Content Writing","Digital Advertising","Digital Marketing","Social Media Marketing"],"perks":["Certificate","Letter of recommendation","Flexible work hours","Informal dress code","Free snacks & beverages"],"openings":"2"},{"url":"/internship/detail/agriculture-marketing-business-development-internship-in-delhi-at-ekosight-technologies-private-limited1664870643","name":"Agriculture Marketing & Business Development","company":"EkoSight Technologies Private Limited","location":"Delhi","duration":"3 Months","stipend":"10,000-20,000 /month","applications":"103 applicants","skills":["Business Research","English Proficiency (Spoken)","English Proficiency (Written)","Hindi Proficiency (Spoken)","Hindi Proficiency (Written)","MS-Office"],"perks":["Certificate","Letter of recommendation","Flexible work hours","Informal dress code","5 days a week","Free snacks & beverages"],"openings":"4"}]}