{"success":33,"failed":0,"internships":[{"url":"/internship/detail/3d-visualizer-art-work-from-home-job-internship-at-swapnil-ranjan1667548570","name":"3D Visualizer/Art","company":"Swapnil Ranjan","location":"Work From Home","duration":"3 Months","stipend":"4,000 /month","applications":"Be an early applicant","skills":["3ds Max","Blender 3D"],"perks":["Certificate","Job offer"],"openings":"3"},{"url":"/internship/detail/autocad-design-internship-in-delhi-at-ninth-feb1667553573","name":"AutoCAD Design","company":"Ninth Feb","location":"Delhi","duration":"3 Months","stipend":"10,000 /month","applications":"Be an early applicant","skills":["Adobe Creative Suite","Adobe Illustrator","AutoCAD"],"perks":["Certificate","Letter of recommendation","Flexible work hours","Informal dress code","5 days a week","Job offer"],"openings":"1"},{"url":"/internship/detail/product-design-engineering-internship-in-chakan-at-ra-global-tech-solutions-llp1667482576","name":"Product Design Engineering","company":"RA Global Tech Solutions LLP","location":"Chakan","duration":"3 Months","stipend":"2,000 /month","applications":"Be an early applicant","skills":["Blender 3D","CAD","Design Thinking"],"perks":["Certificate","Letter of recommendation","5 days a week"],"openings":"2"},{"url":"/internship/detail/architecture-and-interior-designing-internship-in-ahmedabad-at-raw-project1667538747","name":"Architecture and Interior Designing","company":"Raw Project","location":"Ahmedabad","duration":"6 Months","stipend":"5,000-7,000 /month","applications":"Be an early applicant","skills":["Adobe Illustrator","Adobe Indesign","Adobe Photoshop","AutoCAD","Google SketchUp","Sketching"],"perks":["Certificate","Letter of recommendation","Informal dress code","Free snacks & beverages"],"openings":"2"},{"url":"/internship/detail/interior-design-internship-in-delhi-at-manglam-interiors1667453005","name":"Interior Design","company":"Manglam Interiors","location":"Delhi","duration":"3 Months","stipend":"4,000 /month","applications":"Be an early applicant","skills":["3ds Max","AutoCAD","Autodesk Inventor","Autodesk Revit"],"perks":["Certificate","Letter of recommendation","Flexible work hours","Informal dress code"],"openings":"4"},{"url":"/internship/detail/design-engineering-part-time-job-internship-at-hyderabad-in-nanofusion1667475299","name":"Design Engineering","company":"NANOFUSION","location":"Hyderabad","duration":"3 Months","stipend":"6,000 /month + Incentives","applications":"Be an early applicant","skills":["ANSYS","Autodesk Fusion 360","SolidWorks"],"perks":["Certificate","Letter of recommendation","Flexible work hours","Informal dress code","5 days a week","Job offer"],"openings":"4"},{"url":"/internship/detail/mechanical-engineering-r-d-internship-in-pimpri-at-qtanea-solutions-private-limited1667473407","name":"Mechanical Engineering (R&D)","company":"Qtanea Solutions Private Limited","location":"Pimpri","duration":"3 Months","stipend":"5,000 /month","applications":"Be an early applicant","skills":["CAD","Design Thinking","Rapid Prototyping"],"perks":["Certificate","Letter of recommendation","Informal dress code"],"openings":"2"},{"url":"/internship/detail/cad-exterior-design-engineering-quality-assurance-work-from-home-job-internship-at-skyoffsite-estimate-claims1667455868","name":"CAD Exterior Design Engineering- Quality Assurance","company":"Skyoffsite [Estimate Claims]","location":"Work From Home","duration":"6 Months","stipend":"10,000-12,000 /month","applications":"63 applicants","skills":["CAD","Report Writing"],"perks":[],"openings":"4"},{"url":"/internship/detail/cad-design-production-engineering-work-from-home-job-internship-at-skyoffsite-estimate-claims1667455322","name":"CAD Design- Production Engineering","company":"Skyoffsite [Estimate Claims]","location":"Work From Home","duration":"6 Months","stipend":"10,000-12,000 /month","applications":"46 applicants","skills":["CAD","MS-Excel"],"perks":[],"openings":"20"},{"url":"/internship/detail/additive-manufacturing-fdm-internship-in-lucknow-bangalore-at-instantpost1667404667","name":"Additive Manufacturing (FDM)","company":"InstantPost","location":"Lucknow","duration":"6 Months","stipend":"2,000-6,000 /month","applications":"Be an early applicant","skills":["English Proficiency (Spoken)","English Proficiency (Written)"],"perks":["Certificate","Flexible work hours"],"openings":"1"},{"url":"/internship/detail/cad-design-internship-in-hyderabad-at-unlearners-tech-private-limited1667303302","name":"CAD Design","company":"Unlearners Tech Private Limited","location":"Hyderabad","duration":"2 Months","stipend":"7,500 /month","applications":"26 applicants","skills":["Autodesk Fusion 360","Blender 3D","KeyShot"],"perks":["Certificate","Letter of recommendation","Informal dress code","Job offer"],"openings":"1"},{"url":"/internship/detail/cad-design-part-time-job-internship-at-delhi-in-slogfy1667286490","name":"CAD Design","company":"Slogfy","location":"Delhi","duration":"3 Months","stipend":"2,000 /month + Incentives","applications":"Be an early applicant","skills":["Autodesk Fusion 360","SolidWorks"],"perks":["Certificate","Letter of recommendation","Flexible work hours","5 days a week","Free snacks & beverages"],"openings":"2"},{"url":"/internship/detail/product-design-internship-in-mumbai-at-cam-tools-industries-private-limited1667208601","name":"Product Design","company":"Cam Tools Industries Private Limited","location":"Mumbai","duration":"6 Months","stipend":"3,000 /month","applications":"Be an early applicant","skills":["Autodesk Fusion 360","Autodesk Inventor","Autodesk Revit","Catia","Rhino","SolidWorks"],"perks":["Certificate","Letter of recommendation","Flexible work hours","Informal dress code"],"openings":"5"},{"url":"/internship/detail/industrial-design-internship-in-bangalore-at-pereyan-llp1667153964","name":"Industrial Design","company":"Pereyan LLP","location":"Bangalore","duration":"6 Months","stipend":"10,000 /month","applications":"32 applicants","skills":["Adobe Illustrator","Adobe Photoshop"],"perks":["Certificate"],"openings":"2"},{"url":"/internship/detail/architectural-design-internship-in-gurgaon-at-direct-create1667194980","name":"Architectural Design","company":"Direct Create","location":"Gurgaon","duration":"6 Months","stipend":"6,000 /month","applications":"Be an early applicant","skills":["Adobe Illustrator","Adobe Indesign","Adobe Photoshop","AutoCAD","Autodesk Revit","MS-Office","Rhino","Sketching"],"perks":["Certificate","Letter of recommendation"],"openings":"2"},{"url":"/internship/detail/interior-design-work-from-home-job-internship-at-la-casa-bellisimo1667121613","name":"Interior Design","company":"La Casa Bellisimo","location":"Work From Home","duration":"2 Months","stipend":"5,000 /month","applications":"178 applicants","skills":["3ds Max","Adobe After Effects","Adobe Illustrator","Adobe Indesign","Adobe Photoshop","Adobe Photoshop Lightroom CC","Autodesk Revit"],"perks":["Certificate","Letter of recommendation"],"openings":"2"},{"url":"/internship/detail/design-engineering-3d-modeling-solidworks-part-time-job-internship-at-vadodara-in-mediscient-devices-private-limited1667110664","name":"Design Engineering (3D Modeling - SolidWorks)","company":"Mediscient Devices Private Limited","location":"Vadodara","duration":"2 Months","stipend":"3,000 /month + Incentives","applications":"Be an early applicant","skills":["AutoCAD","SolidWorks"],"perks":["Certificate","Letter of recommendation","Informal dress code","Job offer"],"openings":"4"},{"url":"/internship/detail/product-designing-internship-in-mumbai-at-inspiration-marine-private-limited1666972214","name":"Product Designing","company":"Inspiration Marine Private Limited","location":"Mumbai","duration":"3 Months","stipend":"3,000 /month","applications":"28 applicants","skills":[],"perks":["Certificate"],"openings":"1"},{"url":"/internship/detail/mechanical-design-internship-in-chennai-at-kaatru-iit-madras1666962869","name":"Mechanical Design","company":"Kaatru, IIT Madras","location":"Chennai","duration":"6 Months","stipend":"15,000-21,500 /month","applications":"80 applicants","skills":["ANSYS","Autodesk Fusion 360","SolidWorks"],"perks":["Certificate","Letter of recommendation","Flexible work hours","Informal dress code","5 days a week"],"openings":"2"},{"url":"/internship/detail/jewelery-design-work-from-home-job-internship-at-aapka-johri1666964271","name":"Jewelery Design","company":"Aapka Johri","location":"Work From Home","duration":"1 Month","stipend":"1,000 /month","applications":"66 applicants","skills":["CAD"],"perks":["Certificate","Flexible work hours"],"openings":"1"},{"url":"/internship/detail/3d-designing-internship-in-multiple-locations-at-encore-modular-furniture-private-limited1666954561","name":"3D Designing","company":"Encore Modular Furniture Private Limited","location":"Faridabad","duration":"3 Months","stipend":"10,000-15,000 /month","applications":"53 applicants","skills":["3ds Max","AutoCAD"],"perks":["Certificate","Letter of recommendation","Flexible work hours","Informal dress code","Free snacks & beverages","Job offer"],"openings":"1"},{"url":"/internship/detail/electrical-engineering-internship-in-thane-maharashtra-at-star-panels1666854159","name":"Electrical Engineering","company":"STAR PANELS","location":"Thane","duration":"6 Months","stipend":"10,000-12,000 /month","applications":"Be an early applicant","skills":["AutoCAD","Circuit Design"],"perks":[],"openings":"2"},{"url":"/internship/detail/mechanical-product-development-internship-in-bangalore-at-lazy-idli-private-limited1666871391","name":"Mechanical Product Development","company":"Lazy Idli Private Limited","location":"Bangalore","duration":"6 Months","stipend":"16,000 /month + Incentives","applications":"54 applicants","skills":["MS-Excel","SolidWorks"],"perks":["Certificate","Letter of recommendation","Flexible work hours","Informal dress code","5 days a week","Free snacks & beverages"],"openings":"2"},{"url":"/internship/detail/cad-design-internship-in-kochi-at-nuventure-connect-private-limited1666867193","name":"CAD Design","company":"Nuventure Connect Private Limited","location":"Kochi","duration":"6 Months","stipend":"10,000 /month","applications":"33 applicants","skills":["3ds Max","AutoCAD","Catia","SolidWorks"],"perks":["Informal dress code","5 days a week","Free snacks & beverages"],"openings":"2"},{"url":"/internship/detail/interior-design-internship-in-mumbai-at-tau-collective1666862319","name":"Interior Design","company":"Tau Collective","location":"Mumbai","duration":"4 Months","stipend":"2,000-5,000 /month","applications":"Be an early applicant","skills":["3ds Max","Adobe Photoshop","Canva","MS-Office"],"perks":["Certificate","Informal dress code","5 days a week","Free snacks & beverages"],"openings":"1"},{"url":"/internship/detail/product-design-internship-in-indore-at-raheja-solar-food-processing1666867762","name":"Product Design","company":"Raheja Solar Food Processing","location":"Indore","duration":"2 Months","stipend":"3,000 /month + Incentives","applications":"Be an early applicant","skills":[],"perks":["Certificate","Letter of recommendation","Flexible work hours"],"openings":"1"},{"url":"/internship/detail/product-design-internship-in-hubli-at-carboncraft1666793407","name":"Product Design","company":"CarbonCraft","location":"Hubli","duration":"6 Months","stipend":"5,000 /month","applications":"Be an early applicant","skills":[],"perks":["Informal dress code"],"openings":"2"},{"url":"/internship/detail/3d-modeling-and-texturing-part-time-job-internship-at-multiple-locations-in-shop3d1666276461","name":"3D Modeling and Texturing","company":"Shop3D","location":"Dehradun","duration":"2 Months","stipend":"10,000 /month","applications":"90 applicants","skills":["Blender 3D"],"perks":["Certificate","Job offer"],"openings":"1"},{"url":"/internship/detail/architecture-interior-design-3d-design-internship-in-delhi-at-lb-architects1666785028","name":"Architecture/Interior Design/3D Design","company":"LB Architects","location":"Delhi","duration":"6 Months","stipend":"6,000-10,000 /month","applications":"37 applicants","skills":["3ds Max","Adobe Photoshop","AutoCAD","Inkscape","MS-Office"],"perks":["Certificate","Letter of recommendation","Flexible work hours","Informal dress code","Job offer"],"openings":"2"},{"url":"/internship/detail/product-design-manufacturing-internship-in-bangalore-at-fermedicius-labs-private-limited1666782249","name":"Product Design & Manufacturing","company":"Fermedicius Labs Private Limited","location":"Bangalore","duration":"4 Months","stipend":"15,000 /month","applications":"58 applicants","skills":["Autodesk Fusion 360"],"perks":["Certificate","Letter of recommendation"],"openings":"1"},{"url":"/internship/detail/cad-exterior-design-engineering-quality-assurance-work-from-home-job-internship-at-darpan-gogia1666771639","name":"CAD Exterior Design Engineering - Quality Assurance","company":"Darpan Gogia","location":"Work From Home","duration":"6 Months","stipend":"10,000-12,000 /month","applications":"217 applicants","skills":["CAD","MS-Excel","Quality Assurance/Quality Control (QA/QC)","Report Writing"],"perks":["Job offer"],"openings":"4"},{"url":"/internship/detail/innovation-engineering-internship-in-bangalore-at-ecobloom-ev-private-limited1666356867","name":"Innovation Engineering","company":"Ecobloom EV Private Limited","location":"Bangalore","duration":"6 Months","stipend":"5,000-10,000 /month","applications":"61 applicants","skills":[],"perks":["Certificate","Flexible work hours","Informal dress code","Job offer"],"openings":"1"},{"url":"/internship/detail/operations-internship-in-hyderabad-at-hapikey1666265025","name":"Operations","company":"Hapikey","location":"Hyderabad","duration":"3 Months","stipend":"10,000-15,000 /month","applications":"81 applicants","skills":["AutoCAD","Autodesk 123D design","CAD","Engineering Drawing","SolidWorks"],"perks":["Certificate","Letter of recommendation","Flexible work hours","Informal dress code","5 days a week","Free snacks & beverages","Job offer"],"openings":"4"}]}