{"success":35,"failed":0,"internships":[{"url":"/internship/detail/campus-ambassador-programme-at-risee1667480484","name":"Campus Ambassador","company":"Risee","location":"Work From Home","duration":"3 Months","stipend":"Performance Based","applications":"Be an early applicant","skills":["Digital Marketing","English Proficiency (Spoken)","English Proficiency (Written)","Event Management","Social Media Marketing"],"perks":["Certificate","Letter of recommendation","Flexible work hours"],"openings":"2"},{"url":"/internship/detail/campus-ambassador-programme-at-putatoe-technologies-private-limited1667479297","name":"Campus Ambassador","company":"Putatoe Technologies Private Limited","location":"Work From Home","duration":"6 Months","stipend":"Performance Based","applications":"Be an early applicant","skills":["Digital Marketing","English Proficiency (Spoken)","English Proficiency (Written)","Social Media Marketing"],"perks":["Certificate","Letter of recommendation","Flexible work hours"],"openings":"5"},{"url":"/internship/detail/campus-ambassador-programme-at-toroi-technologies-private-limited1667406028","name":"Campus Ambassador","company":"TOROi Technologies Private Limited","location":"Work From Home","duration":"3 Months","stipend":"Performance Based","applications":"Be an early applicant","skills":["Digital Marketing","English Proficiency (Spoken)","English Proficiency (Written)","Social Media Marketing"],"perks":["Certificate","Letter of recommendation","Flexible work hours","5 days a week"],"openings":"10"},{"url":"/internship/detail/campus-ambassador-programme-at-pani-foods1667372922","name":"Campus Ambassador","company":"Pani Foods","location":"Work From Home","duration":"6 Months","stipend":"Performance Based","applications":"Be an early applicant","skills":["English Proficiency (Spoken)","Social Media Marketing"],"perks":["Certificate","Letter of recommendation","Flexible work hours","5 days a week"],"openings":"15"},{"url":"/internship/detail/campus-ambassador-programme-at-octaloop-technologies-private-limited1667379201","name":"Campus Ambassador","company":"Octaloop Technologies Private Limited","location":"Bangalore","duration":"3 Weeks","stipend":"Performance Based","applications":"Be an early applicant","skills":[],"perks":["Letter of recommendation"],"openings":"20"},{"url":"/internship/detail/campus-ambassador-programme-at-codee1667374992","name":"Campus Ambassador","company":"Codee","location":"Delhi","duration":"1 Month","stipend":"Performance Based","applications":"Be an early applicant","skills":["Digital Marketing","English Proficiency (Spoken)","English Proficiency (Written)","Social Media Marketing"],"perks":["Certificate","Letter of recommendation","5 days a week"],"openings":"20"},{"url":"/internship/detail/campus-ambassador-programme-at-e-cell-iit-guwahati1667331458","name":"Campus Ambassador","company":"E-cell, IIT Guwahati","location":"Work From Home","duration":"3 Months","stipend":"Performance Based","applications":"Be an early applicant","skills":["Digital Marketing","Email Marketing","Event Management","Social Media Marketing"],"perks":["Certificate","Letter of recommendation","Flexible work hours"],"openings":"1000"},{"url":"/internship/detail/campus-ambassador-programme-at-always-live-yoga1667312847","name":"Campus Ambassador","company":"Always Live Yoga","location":"Work From Home","duration":"2 Months","stipend":"Performance Based","applications":"Be an early applicant","skills":[],"perks":["Certificate","Letter of recommendation","Flexible work hours","5 days a week"],"openings":"6"},{"url":"/internship/detail/campus-ambassador-programme-at-mwoke1667306873","name":"Campus Ambassador","company":"Mwoke","location":"Work From Home","duration":"2 Months","stipend":"Performance Based","applications":"Be an early applicant","skills":[],"perks":["Certificate","Letter of recommendation","Flexible work hours"],"openings":"10"},{"url":"/internship/detail/campus-ambassador-programme-at-yatharth-ias1667285992","name":"Campus Ambassador","company":"Yatharth IAS","location":"Work From Home","duration":"1 Month","stipend":"Performance Based","applications":"Be an early applicant","skills":["English Proficiency (Spoken)","English Proficiency (Written)","Social Media Marketing"],"perks":["Certificate","Letter of recommendation","Flexible work hours","5 days a week"],"openings":"49"},{"url":"/internship/detail/campus-ambassador-programme-at-digital-health-startup1667240118","name":"Campus Ambassador","company":"Digital Health Startup","location":"Work From Home","duration":"2 Months","stipend":"Performance Based","applications":"Be an early applicant","skills":["Digital Marketing","English Proficiency (Spoken)","English Proficiency (Written)","Facebook Marketing","Instagram Marketing","MS-Excel","MS-PowerPoint","Social Media Marketing","User Interface (UI) Development"],"perks":["Certificate","Letter of recommendation"],"openings":"100"},{"url":"/internship/detail/campus-ambassador-programme-at-life-happy-media1666976940","name":"Campus Ambassador","company":"Life Happy Media","location":"Work From Home","duration":"3 Months","stipend":"Performance Based","applications":"Be an early applicant","skills":["Digital Marketing","Social Media Marketing"],"perks":["Certificate","Letter of recommendation","Flexible work hours","5 days a week"],"openings":"20"},{"url":"/internship/detail/campus-ambassador-programme-at-vitosia-healthcare-private-limited1667124121","name":"Campus Ambassador","company":"Vitosia Healthcare Private Limited","location":"Chennai","duration":"6 Months","stipend":"Performance Based","applications":"Be an early applicant","skills":[],"perks":["Certificate","Flexible work hours"],"openings":"4"},{"url":"/internship/detail/campus-ambassador-programme-at-taplingua1667207187","name":"Campus Ambassador","company":"Taplingua","location":"Work From Home","duration":"3 Months","stipend":"Performance Based","applications":"Be an early applicant","skills":["English Proficiency (Spoken)","English Proficiency (Written)","Social Media Marketing"],"perks":["Certificate","Letter of recommendation","Flexible work hours"],"openings":"4"},{"url":"/internship/detail/campus-ambassador-programme-at-legal-lock1667035153","name":"Campus Ambassador","company":"Legal Lock","location":"Work From Home","duration":"2 Months","stipend":"Performance Based","applications":"Be an early applicant","skills":["English Proficiency (Spoken)"],"perks":["Certificate"],"openings":"20"},{"url":"/internship/detail/campus-ambassador-programme-at-hillffair-nit-hamirpur1666973395","name":"Campus Ambassador","company":"Hill'ffair NIT Hamirpur","location":"Work From Home","duration":"1 Month","stipend":"Performance Based","applications":"43 applicants","skills":["English Proficiency (Spoken)","Social Media Marketing"],"perks":["Certificate","Letter of recommendation"],"openings":"100"},{"url":"/internship/detail/campus-ambassador-programme-at-iiit-delhi-odyssey1666881360","name":"Campus Ambassador","company":"IIIT-Delhi Odyssey","location":"Delhi","duration":"3 Months","stipend":"Performance Based","applications":"67 applicants","skills":["English Proficiency (Spoken)","Social Media Marketing"],"perks":["Certificate","Letter of recommendation","Flexible work hours"],"openings":"100"},{"url":"/internship/detail/campus-ambassador-programme-at-goodlives1666941496","name":"Campus Ambassador","company":"GoodLives","location":"Work From Home","duration":"6 Weeks","stipend":"Performance Based","applications":"Be an early applicant","skills":[],"perks":["Certificate","Letter of recommendation","Flexible work hours"],"openings":"10"},{"url":"/internship/detail/campus-ambassador-programme-at-desklamp-software-llp1666859879","name":"Campus Ambassador","company":"Desklamp Software LLP","location":"Work From Home","duration":"2 Months","stipend":"Performance Based","applications":"Be an early applicant","skills":["Digital Marketing","English Proficiency (Spoken)","English Proficiency (Written)"],"perks":["Certificate","Letter of recommendation","Flexible work hours"],"openings":"10"},{"url":"/internship/detail/campus-ambassador-programme-at-shikshacom1666178816","name":"Campus Ambassador","company":"Shiksha.com","location":"Work From Home","duration":"6 Months","stipend":"Performance Based","applications":"Be an early applicant","skills":["English Proficiency (Spoken)","English Proficiency (Written)"],"perks":["Certificate","Flexible work hours"],"openings":"10"},{"url":"/internship/detail/campus-ambassador-programme-at-kads-consultancy1666854061","name":"Campus Ambassador","company":"Kads Consultancy","location":"Chandigarh","duration":"2 Months","stipend":"Performance Based","applications":"Be an early applicant","skills":["Digital Marketing","English Proficiency (Spoken)","English Proficiency (Written)","Social Media Marketing"],"perks":["Certificate","Letter of recommendation","Flexible work hours"],"openings":"20"},{"url":"/internship/detail/campus-ambassador-programme-at-uniconverge-technologies-private-limited1666869825","name":"Campus Ambassador","company":"UniConverge Technologies Private Limited","location":"Work From Home","duration":"6 Months","stipend":"Performance Based","applications":"Be an early applicant","skills":["Digital Marketing","English Proficiency (Spoken)","English Proficiency (Written)","Social Media Marketing"],"perks":["Certificate","Letter of recommendation"],"openings":"10"},{"url":"/internship/detail/campus-ambassador-programme-at-yatharv-careers1666347495","name":"Campus Ambassador","company":"Yatharv Careers","location":"Work From Home","duration":"1 Month","stipend":"Performance Based","applications":"Be an early applicant","skills":["Digital Marketing","English Proficiency (Spoken)","English Proficiency (Written)","Social Media Marketing"],"perks":["Certificate","Letter of recommendation","Flexible work hours","5 days a week"],"openings":"9"},{"url":"/internship/detail/campus-ambassador-programme-at-space-chase-private-limited1664376709","name":"Campus Ambassador","company":"Space Chase Private Limited","location":"Bhubaneswar","duration":"3 Months","stipend":"Performance Based","applications":"Be an early applicant","skills":["Content Marketing","Digital Marketing","English Proficiency (Spoken)","Event Management"],"perks":["Certificate","Letter of recommendation","Flexible work hours"],"openings":"10"},{"url":"/internship/detail/campus-ambassador-programme-at-gowow-club-private-limited1666717237","name":"Campus Ambassador","company":"GoWow Club Private Limited","location":"Work From Home","duration":"2 Months","stipend":"Performance Based","applications":"Be an early applicant","skills":["Digital Marketing","English Proficiency (Spoken)","English Proficiency (Written)","Social Media Marketing"],"perks":["Certificate","Letter of recommendation","Flexible work hours"],"openings":"10"},{"url":"/internship/detail/campus-ambassador-programme-at-grabon1666675531","name":"Campus Ambassador","company":"GrabOn","location":"Work From Home","duration":"6 Weeks","stipend":"Performance Based","applications":"Be an early applicant","skills":["Digital Marketing","English Proficiency (Spoken)","English Proficiency (Written)","Social Media Marketing"],"perks":["Certificate","Letter of recommendation","Flexible work hours","5 days a week"],"openings":"35"},{"url":"/internship/detail/campus-ambassador-programme-at-cricket-bleeds1666573682","name":"Campus Ambassador","company":"Cricket Bleeds","location":"Tirupati","duration":"3 Months","stipend":"Performance Based","applications":"Be an early applicant","skills":["English Proficiency (Spoken)","English Proficiency (Written)","Social Media Marketing"],"perks":["Certificate","Letter of recommendation","Flexible work hours"],"openings":"20"},{"url":"/internship/detail/campus-ambassador-programme-at-commondove1666408654","name":"Campus Ambassador","company":"Commondove","location":"Work From Home","duration":"1 Month","stipend":"Performance Based","applications":"42 applicants","skills":[],"perks":["Certificate","Flexible work hours"],"openings":"25"},{"url":"/internship/detail/ambassadors-work-from-home-job-internship-at-kapableclub1666361328","name":"Ambassadors","company":"Kapable.club","location":"Work From Home","duration":"2 Months","stipend":"1,000-10,000 /month","applications":"114 applicants","skills":[],"perks":["Certificate","Letter of recommendation"],"openings":"20"},{"url":"/internship/detail/campus-ambassador-programme-at-atbc-technologies1666349458","name":"Campus Ambassador","company":"ATBC Technologies","location":"Work From Home","duration":"2 Months","stipend":"Performance Based","applications":"84 applicants","skills":["Social Media Marketing"],"perks":["Certificate","Letter of recommendation","Flexible work hours"],"openings":"18"},{"url":"/internship/detail/campus-ambassador-programme-at-cognizance-iit-roorkee1665494635","name":"Campus Ambassador","company":"Cognizance IIT Roorkee","location":"Work From Home","duration":"5 Months","stipend":"Performance Based","applications":"344 applicants","skills":[],"perks":["Certificate","Letter of recommendation","Flexible work hours"],"openings":"350"},{"url":"/internship/detail/campus-ambassador-programme-at-2wheelr1666199754","name":"Campus Ambassador","company":"2WheelR","location":"Pune","duration":"4 Months","stipend":"Performance Based","applications":"Be an early applicant","skills":["Copywriting","Digital Marketing","English Proficiency (Spoken)","Hindi Proficiency (Spoken)","Social Media Marketing"],"perks":["Certificate","Letter of recommendation","Flexible work hours"],"openings":"60"},{"url":"/internship/detail/campus-ambassador-programme-at-fnt-technologies-private-limited1665210350","name":"Campus Ambassador","company":"FNT Technologies Private Limited","location":"Work From Home","duration":"1 Month","stipend":"Performance Based","applications":"39 applicants","skills":["Financial literacy","Sales and Marketing"],"perks":["Certificate","Letter of recommendation","Flexible work hours"],"openings":"3"},{"url":"/internship/detail/campus-ambassador-programme-at-feeding-trends1664807826","name":"Campus Ambassador","company":"Feeding Trends","location":"Work From Home","duration":"3 Months","stipend":"Performance Based","applications":"1000+ applicants","skills":[],"perks":["Certificate","Letter of recommendation","Flexible work hours"],"openings":"15"},{"url":"/internship/detail/campus-ambassador-programme-at-bitbns1664794027","name":"Campus Ambassador","company":"Bitbns","location":"Work From Home","duration":"2 Months","stipend":"Performance Based","applications":"598 applicants","skills":["Digital Marketing","English Proficiency (Spoken)","English Proficiency (Written)","Facebook Marketing","Instagram Marketing","Social Media Marketing"],"perks":["Certificate","Letter of recommendation","Flexible work hours","5 days a week"],"openings":"60"}]}