{"success":37,"failed":0,"internships":[{"url":"/internship/detail/chartered-accountancy-ca-internship-in-mumbai-at-hamilton-housewares-private-limited-milton1667377835","name":"Chartered Accountancy (CA)","company":"Hamilton Housewares Private Limited (Milton)","location":"Mumbai","duration":"6 Months","stipend":"2,000-6,000 /month","applications":"Be an early applicant","skills":["Accounting","MS-Excel","MS-Office","MS-Word","Tally"],"perks":["Certificate","Letter of recommendation","Flexible work hours"],"openings":"5"},{"url":"/internship/detail/chartered-accountancy-ca-internship-in-mumbai-at-ceat1665982181","name":"Chartered Accountancy (CA)","company":"CEAT","location":"Mumbai","duration":"12 Months","stipend":"25,000 /month","applications":"137 applicants","skills":[],"perks":["Certificate","Flexible work hours","5 days a week"],"openings":"2"},{"url":"/internship/detail/chartered-accountancy-ca-internship-in-pitampura-at-youth-empowerment-foundation1667470340","name":"Chartered Accountancy (CA)","company":"Youth Empowerment Foundation","location":"Pitampura","duration":"6 Months","stipend":"3,000 /month","applications":"Be an early applicant","skills":[],"perks":[],"openings":"5"},{"url":"/internship/detail/chartered-accountancy-ca-internship-in-mumbai-at-reflex-realty-llp1667384681","name":"Chartered Accountancy (CA)","company":"Reflex Realty LLP","location":"Mumbai","duration":"6 Months","stipend":"8,000-12,000 /month","applications":"29 applicants","skills":["Accounting","MS-Excel","MS-Office","MS-Word","Tally"],"perks":["Letter of recommendation"],"openings":"5"},{"url":"/internship/detail/ca-inter-subject-matter-expert-for-account-and-finance--internship-in-jaipur-at-requin-solutions-private-limited1667623375","name":"CA Inter (Subject Matter Expert For Account And Finance )","company":"Requin Solutions Private Limited","location":"Jaipur","duration":"6 Months","stipend":"10,000 /month","applications":"Be an early applicant","skills":[],"perks":["Informal dress code"],"openings":"10"},{"url":"/internship/detail/equity-operations-work-from-home-job-internship-at-robocapital1667535608","name":"Equity Operations","company":"Robocapital","location":"Work From Home","duration":"6 Months","stipend":"7,000 /month","applications":"84 applicants","skills":[],"perks":["Certificate","5 days a week"],"openings":"2"},{"url":"/internship/detail/accounts-internship-in-delhi-at-indian-leather-manufacturer1667566482","name":"Accounts","company":"Indian Leather Manufacturer","location":"Delhi","duration":"3 Months","stipend":"18,000 /month","applications":"Be an early applicant","skills":["Accounting","MS-Excel","MS-Office","Tally"],"perks":["Job offer"],"openings":"1"},{"url":"/internship/detail/chartered-accountancy-ca-part-time-job-internship-at-delhi-in-garg-ashok-company1667559272","name":"Chartered Accountancy (CA)","company":"Garg Ashok & Company","location":"Delhi","duration":"6 Months","stipend":"5,000-6,000 /month","applications":"Be an early applicant","skills":["MS-Excel","Tally"],"perks":["Certificate","Letter of recommendation","Flexible work hours","Job offer"],"openings":"2"},{"url":"/internship/detail/chartered-accountancy-ca-article-assistant-internship-in-delhi-at-r-k-khanna-co1667553488","name":"Chartered Accountancy (CA) Article Assistant","company":"R K Khanna & Co","location":"Delhi","duration":"36 Months","stipend":"11,000 /month","applications":"Be an early applicant","skills":["Accounting","MS-Excel","MS-Office","Tally"],"perks":[],"openings":"3"},{"url":"/internship/detail/subject-matter-expert-sme-ca-and-commerce-work-from-home-job-internship-at-physics-wallah1667457830","name":"Subject Matter Expert (SME)- CA And Commerce","company":"Physics Wallah","location":"Work From Home","duration":"3 Months","stipend":"10,000-12,000 /month","applications":"163 applicants","skills":[],"perks":["Flexible work hours"],"openings":"10"},{"url":"/internship/detail/accountancy-internship-in-navi-mumbai-belapur-at-gamsys-tech-private-limited1667539454","name":"Accountancy","company":"GAMSYS Tech Private Limited","location":"Navi Mumbai","duration":"6 Months","stipend":"5,000-10,000 /month","applications":"Be an early applicant","skills":["Accounting","MS-Office","Tally"],"perks":["Certificate"],"openings":"2"},{"url":"/internship/detail/article-internship-in-gurgaon-at-jj-fintax-solutions-private-limited1667458536","name":"Article","company":"JJ Fintax Solutions Private Limited","location":"Gurgaon","duration":"6 Months","stipend":"10,000 /month","applications":"Be an early applicant","skills":["MS-Excel","Tally"],"perks":["Certificate","Letter of recommendation","Informal dress code"],"openings":"2"},{"url":"/internship/detail/chartered-accountancy-ca-part-time-job-internship-at-delhi-in-manisha-khanna1667487032","name":"Chartered Accountancy (CA)","company":"Manisha Khanna","location":"Delhi","duration":"6 Months","stipend":"10,000 /month + Incentives","applications":"30 applicants","skills":["Accounting","MS-Office","Statutory compliances"],"perks":["Letter of recommendation","Flexible work hours","5 days a week","Job offer"],"openings":"1"},{"url":"/internship/detail/chartered-accountancy-ca-internship-in-delhi-at-bathla-associates1667478286","name":"Chartered Accountancy (CA)","company":"Bathla & Associates","location":"Delhi","duration":"36 Months","stipend":"4,000 /month","applications":"Be an early applicant","skills":[],"perks":[],"openings":"5"},{"url":"/internship/detail/ca-articleship-internship-in-delhi-at-gm-corporate-solutions1667454475","name":"CA Articleship","company":"GM Corporate Solutions","location":"Delhi","duration":"6 Months","stipend":"10,000 /month","applications":"Be an early applicant","skills":["Accounting","MS-Office","Tally"],"perks":["Certificate","5 days a week"],"openings":"2"},{"url":"/internship/detail/chartered-accountancy-ca-internship-in-hyderabad-at-sr-gauni-fashion-apparels1667104989","name":"Chartered Accountancy (CA)","company":"SR Gauni Fashion & Apparels","location":"Hyderabad","duration":"6 Months","stipend":"5,000 /month + Incentives","applications":"Be an early applicant","skills":["Accounting","MS-Excel","MS-Office","MS-Word","Tally"],"perks":["Certificate","Letter of recommendation","Informal dress code"],"openings":"2"},{"url":"/internship/detail/ca-articleship-internship-in-ahmedabad-at-singhal-sunil-and-associates1667377708","name":"CA Articleship","company":"Singhal Sunil And Associates","location":"Ahmedabad","duration":"6 Months","stipend":"3,500 /month","applications":"Be an early applicant","skills":[],"perks":["Letter of recommendation","Flexible work hours","Informal dress code"],"openings":"7"},{"url":"/internship/detail/commercial-accounts-legal-internship-in-multiple-locations-at-mpower-energy-company-private-limited1667368632","name":"Commercial (Accounts & Legal)","company":"Mpower Energy Company Private Limited","location":"Pune","duration":"6 Months","stipend":"2,500 /month + Incentives","applications":"Be an early applicant","skills":[],"perks":["Certificate"],"openings":"6"},{"url":"/internship/detail/chartered-accountancy-ca-internship-in-mumbai-at-k-d-shah-associates-llp1667328489","name":"Chartered Accountancy (CA)","company":"K D Shah & Associates LLP","location":"Mumbai","duration":"6 Months","stipend":"3,500 /month","applications":"Be an early applicant","skills":["Accounting","English Proficiency (Written)","MS-Excel","MS-Word","Tally"],"perks":[],"openings":"3"},{"url":"/internship/detail/chartered-accountancy-ca-internship-in-mumbai-at-mitul-s-jogani-associates1667369686","name":"Chartered Accountancy (CA)","company":"Mitul S. Jogani & Associates","location":"Mumbai","duration":"6 Months","stipend":"5,000 /month","applications":"Be an early applicant","skills":["Accounting","MS-Excel","MS-Office","Tally"],"perks":["Certificate","Informal dress code"],"openings":"1"},{"url":"/internship/detail/tally-internship-in-jabalpur-at-royal-real-estate-farm-developers-private-limited1667306604","name":"Tally","company":"Royal Real Estate & Farm Developers Private Limited","location":"Jabalpur","duration":"4 Months","stipend":"10,000 /month","applications":"Be an early applicant","skills":["Accounting","English Proficiency (Spoken)","English Proficiency (Written)","MS-Excel","MS-Office","MS-Word","Tally"],"perks":["Certificate","Letter of recommendation","Flexible work hours","Informal dress code","Free snacks & beverages"],"openings":"1"},{"url":"/internship/detail/chartered-accountancy-ca-part-time-job-internship-at-mumbai-in-v-k-ashar-and-company1667354605","name":"Chartered Accountancy (CA)","company":"V K ASHAR and Company","location":"Mumbai","duration":"3 Months","stipend":"3,250-8,500 /month","applications":"Be an early applicant","skills":["Accounting","MS-Office","Tally"],"perks":["Certificate","Letter of recommendation","Flexible work hours","5 days a week","Free snacks & beverages","Job offer"],"openings":"10"},{"url":"/internship/detail/chartered-accountancy-ca-internship-in-gurgaon-at-wissen-consultants1667315192","name":"Chartered Accountancy (CA)","company":"Wissen Consultants","location":"Gurgaon","duration":"6 Months","stipend":"7,000-10,000 /month","applications":"Be an early applicant","skills":["Accounting","English Proficiency (Written)","MS-Excel","MS-PowerPoint","MS-Word"],"perks":["Certificate","Letter of recommendation","Job offer"],"openings":"2"},{"url":"/internship/detail/risk-function-management-internship-in-mumbai-at-vinod-lalwani1667310937","name":"Risk Function Management","company":"Vinod Lalwani","location":"Mumbai","duration":"6 Months","stipend":"50,000-70,000 /month","applications":"27 applicants","skills":[],"perks":["5 days a week"],"openings":"4"},{"url":"/internship/detail/chartered-accountancy-semi-qualified-dropouts-internship-in-delhi-at-dsaj-associates1667302384","name":"Chartered Accountancy (Semi-qualified/Dropouts)","company":"DSAJ & Associates","location":"Delhi","duration":"6 Months","stipend":"5,000-15,000 /month","applications":"Be an early applicant","skills":["Accounting","Tally"],"perks":[],"openings":"3"},{"url":"/internship/detail/ca-articleship-internship-in-delhi-at-khan-and-garg-chartered-accountants1667291902","name":"CA Articleship","company":"Khan And Garg (Chartered Accountants)","location":"Delhi","duration":"6 Months","stipend":"6,000 /month","applications":"Be an early applicant","skills":["English Proficiency (Spoken)","English Proficiency (Written)","MS-Excel","MS-Office","Tally"],"perks":["Certificate","Letter of recommendation","Free snacks & beverages"],"openings":"2"},{"url":"/internship/detail/accounts-internship-in-hyderabad-at-digital-pro-business-services-private-limited1667280097","name":"Accounts","company":"Digital Pro Business Services Private Limited","location":"Hyderabad","duration":"6 Months","stipend":"15,000 /month","applications":"Be an early applicant","skills":["Accounting"],"perks":[],"openings":"2"},{"url":"/internship/detail/chartered-accountancy-ca-internship-in-mumbai-at-nishant-s-mehta-co1667207624","name":"Chartered Accountancy (CA)","company":"Nishant S Mehta & Co.","location":"Mumbai","duration":"12 Months","stipend":"5,000 /month","applications":"Be an early applicant","skills":["Accounting","MS-Excel","Tally"],"perks":[],"openings":"4"},{"url":"/internship/detail/chartered-accountant-ca-internship-in-delhi-noida-at-bizadvisors-ites-private-limited1667044879","name":"Chartered Accountant (CA)","company":"Bizadvisors ITES Private Limited","location":"Delhi","duration":"6 Months","stipend":"3,000 /month","applications":"Be an early applicant","skills":["Accounting","English Proficiency (Spoken)","Financial literacy","Tally"],"perks":["Certificate","Letter of recommendation","Job offer"],"openings":"4"},{"url":"/internship/detail/accounts-taxation-internship-in-thane-mumbai-at-skpag-co1666955905","name":"Accounts & Taxation","company":"SKPAG & Co","location":"Thane","duration":"6 Months","stipend":"5,000 /month","applications":"31 applicants","skills":["MS-Office","Tally"],"perks":["Certificate","Letter of recommendation"],"openings":"2"},{"url":"/internship/detail/chartered-accountancy-ca-internship-in-gurgaon-at-finsq-professional-private-limited1666949304","name":"Chartered Accountancy (CA)","company":"FinsQ Professional Private Limited","location":"Gurgaon","duration":"24 Months","stipend":"6,000-10,000 /month","applications":"Be an early applicant","skills":["MS-Excel"],"perks":["Certificate","Flexible work hours","Informal dress code"],"openings":"7"},{"url":"/internship/detail/chartered-accountancy-ca-internship-in-gurgaon-at-lotus-feet-consulting-llp1666941247","name":"Chartered Accountancy (CA)","company":"Lotus Feet Consulting LLP","location":"Gurgaon","duration":"12 Months","stipend":"10,000-15,000 /month","applications":"Be an early applicant","skills":["Accounting","MS-Excel","MS-Office","MS-Word","Tally"],"perks":["Certificate","Informal dress code"],"openings":"2"},{"url":"/internship/detail/chartered-accountancy-ca-internship-in-mumbai-at-av-kedia-associates1666872278","name":"Chartered Accountancy (CA)","company":"AV Kedia & Associates","location":"Mumbai","duration":"6 Months","stipend":"4,500-7,500 /month","applications":"Be an early applicant","skills":["Accounting","English Proficiency (Written)","MS-Excel","MS-Word","Tally"],"perks":["Certificate"],"openings":"2"},{"url":"/internship/detail/chartered-accountancy-ca-internship-in-delhi-at-taxcellence-corporate-advisory1666864508","name":"Chartered Accountancy (CA)","company":"Taxcellence Corporate Advisory","location":"Delhi","duration":"6 Months","stipend":"4,000 /month","applications":"Be an early applicant","skills":["Accounting","MS-Excel","Tally"],"perks":["Certificate","Letter of recommendation","Flexible work hours","5 days a week"],"openings":"1"},{"url":"/internship/detail/chartered-accountancy-ca-internship-in-kolkata-at-suman-kumar-agarwal-associates1666788557","name":"Chartered Accountancy (CA)","company":"SUMAN KUMAR AGARWAL & ASSOCIATES","location":"Kolkata","duration":"12 Months","stipend":"7,500-15,000 /month","applications":"Be an early applicant","skills":["Accounting","MS-Excel","MS-Office"],"perks":["Certificate","Letter of recommendation","Job offer"],"openings":"4"},{"url":"/internship/detail/chartered-accountancy-ca-internship-in-delhi-at-bajaj-arora-company1666677518","name":"Chartered Accountancy (CA)","company":"Bajaj Arora & Company","location":"Delhi","duration":"36 Months","stipend":"4,000-5,000 /month","applications":"Be an early applicant","skills":[],"perks":["Certificate","Letter of recommendation","Flexible work hours","5 days a week","Job offer"],"openings":"20"},{"url":"/internship/detail/chartered-accountancy-ca-work-from-home-job-internship-at-youth-empowerment-foundation1666604972","name":"Chartered Accountancy (CA)","company":"Youth Empowerment Foundation","location":"Work From Home","duration":"6 Months","stipend":"Unpaid","applications":"145 applicants","skills":[],"perks":[],"openings":"5"}]}