{"success":34,"failed":0,"internships":[{"url":"/internship/detail/sme-biology-chemistry-work-from-home-job-internship-at-vedantu-innovations-private-limited1666414568","name":"SME (Biology-Chemistry)","company":"Vedantu Innovations Private Limited","location":"Work From Home","duration":"3 Months","stipend":"12,000 /month","applications":"533 applicants","skills":["Biology","Chemistry","MS-Office"],"perks":[],"openings":"2"},{"url":"/internship/detail/academic-content-expert-in-chemistry-english-part-time-job-internship-at-varanasi-in-qa-solvers1667470986","name":"Academic Content Expert in Chemistry (English)","company":"QA Solvers","location":"Varanasi","duration":"4 Months","stipend":"17,000-23,000 /month","applications":"Be an early applicant","skills":["Chemistry","Content Writing","English Proficiency (Spoken)","English Proficiency (Written)","Online Teaching","Subject Matter Expert (SME)","Teaching"],"perks":["Certificate","Letter of recommendation"],"openings":"4"},{"url":"/internship/detail/content-writing-work-from-home-job-internship-at-anayesha-education-services1667582496","name":"Content Writing","company":"Anayesha Education Services","location":"Work From Home","duration":"1 Month","stipend":"5,000 /month","applications":"81 applicants","skills":["Biology","Chemistry","Mathematics","Physics"],"perks":["Certificate","Letter of recommendation","Flexible work hours"],"openings":"12"},{"url":"/internship/detail/chemistry-tutoring-sme-work-from-home-job-internship-at-tvm-e-learning1667568416","name":"Chemistry Tutoring (SME)","company":"TVM E-Learning","location":"Work From Home","duration":"6 Months","stipend":"14,000-18,000 /month","applications":"41 applicants","skills":["MS-Excel","MS-Office","Physics","Subject Matter Expert (SME)"],"perks":["Certificate","Letter of recommendation","Flexible work hours"],"openings":"5"},{"url":"/internship/detail/teaching-pcmb-work-from-home-job-internship-at-retrograde-innovations-private-limited1667564972","name":"Teaching (PCMB)","company":"Retrograde Innovations Private Limited","location":"Work From Home","duration":"6 Months","stipend":"2,000-15,000 /month","applications":"53 applicants","skills":["Biology","Chemistry","Mathematics","Online Teaching","Physics","Subject Matter Expert (SME)","Teaching"],"perks":["5 days a week"],"openings":"10"},{"url":"/internship/detail/subject-matter-expert-sme-cds-and-nda-exam-work-from-home-job-internship-at-physics-wallah1667458154","name":"Subject Matter Expert (SME)- CDS And NDA Exam","company":"Physics Wallah","location":"Work From Home","duration":"3 Months","stipend":"10,000-12,000 /month","applications":"125 applicants","skills":[],"perks":["Flexible work hours"],"openings":"10"},{"url":"/internship/detail/pure-hindi-video-solution-pcmb-work-from-home-job-internship-at-zee-edtech1667548784","name":"Pure Hindi Video Solution (PCMB)","company":"Zee Edtech","location":"Work From Home","duration":"1 Month","stipend":"10,000-20,000 /month","applications":"28 applicants","skills":["Biology","Chemistry","Hindi Proficiency (Spoken)","Hindi Proficiency (Written)","Mathematics","Physics"],"perks":["Certificate","Flexible work hours"],"openings":"10"},{"url":"/internship/detail/quality-analysis-chemistry-work-from-home-job-internship-at-qa-solvers1667548125","name":"Quality Analysis (Chemistry)","company":"QA Solvers","location":"Work From Home","duration":"3 Months","stipend":"12,000-15,000 /month","applications":"62 applicants","skills":["Chemistry","English Proficiency (Spoken)","English Proficiency (Written)"],"perks":["Letter of recommendation","Flexible work hours"],"openings":"3"},{"url":"/internship/detail/teaching-chemistry-science-part-time-job-internship-at-bangalore-in-cadeto-india1667544446","name":"Teaching (Chemistry & Science)","company":"Cadeto India","location":"Bangalore","duration":"6 Months","stipend":"5,000-25,000 /month","applications":"Be an early applicant","skills":["Chemistry","English Proficiency (Spoken)","Physics"],"perks":["Certificate","Letter of recommendation","Job offer"],"openings":"1"},{"url":"/internship/detail/chemistry-dairy-industry-internship-in-multiple-locations-at-asha-mahila-milk-producer-company-limited1667480199","name":"Chemistry (Dairy Industry)","company":"Asha Mahila Milk Producer Company Limited","location":"Sheoganj","duration":"6 Months","stipend":"12,500 /month","applications":"Be an early applicant","skills":[],"perks":["Job offer"],"openings":"6"},{"url":"/internship/detail/teaching-chemistry-ib-igsce-board-work-from-home-job-internship-at-auriv-learning1667409382","name":"Teaching Chemistry (IB/IGSCE Board)","company":"Auriv Learning","location":"Work From Home","duration":"2 Months","stipend":"10,000 /month","applications":"39 applicants","skills":[],"perks":["Certificate","Letter of recommendation","Flexible work hours","5 days a week"],"openings":"4"},{"url":"/internship/detail/subject-matter-expert-sme-part-time-job-internship-at-multiple-locations-in-acadque1667420990","name":"Subject Matter Expert (SME)","company":"AcadQue","location":"Kota","duration":"4 Months","stipend":"8,000 /month + Incentives","applications":"Be an early applicant","skills":["Biology","Chemistry","Mathematics","Physics","Subject Matter Expert (SME)"],"perks":["Certificate","Letter of recommendation","Flexible work hours","Informal dress code","5 days a week"],"openings":"20"},{"url":"/internship/detail/subject-matter-expert-pcmb-work-from-home-job-internship-at-questta-learrning1667470469","name":"Subject Matter Expert (PCMB)","company":"Questta Learrning","location":"Work From Home","duration":"6 Months","stipend":"10,000-15,500 /month","applications":"97 applicants","skills":["Biology","Chemistry","English Proficiency (Written)","LaTeX","Mathematics","Physics"],"perks":["Certificate","Letter of recommendation","Flexible work hours"],"openings":"15"},{"url":"/internship/detail/subject-matter-expert-bio-chemistry-work-from-home-job-internship-at-solvaphile1667466315","name":"Subject Matter Expert (Bio-Chemistry)","company":"Solvaphile","location":"Work From Home","duration":"1 Month","stipend":"5,000-20,000 /month","applications":"99 applicants","skills":["Subject Matter Expert (SME)"],"perks":["Certificate","Letter of recommendation","Flexible work hours","Job offer"],"openings":"50"},{"url":"/internship/detail/teaching-pcmb-internship-in-delhi-at-unimonks1667391550","name":"Teaching PCMB","company":"Unimonks","location":"Delhi","duration":"4 Months","stipend":"8,000-16,000 /month","applications":"Be an early applicant","skills":["Online Teaching"],"perks":["Certificate","Letter of recommendation","Flexible work hours"],"openings":"4"},{"url":"/internship/detail/content-writing-pcm-work-from-home-job-internship-at-quizzy1667376106","name":"Content Writing (PCM)","company":"Quizzy","location":"Work From Home","duration":"3 Months","stipend":"3,000-5,000 /month","applications":"126 applicants","skills":["English Proficiency (Spoken)","English Proficiency (Written)","MS-Excel","MS-Word"],"perks":["Certificate"],"openings":"20"},{"url":"/internship/detail/chemistry-biotechnology-internship-in-multiple-locations-at-mpower-energy-company-private-limited1667365665","name":"Chemistry & Biotechnology","company":"Mpower Energy Company Private Limited","location":"Pune","duration":"6 Months","stipend":"2,500 /month + Incentives","applications":"32 applicants","skills":[],"perks":["Certificate"],"openings":"6"},{"url":"/internship/detail/subject-matter-expert-sme-work-from-home-job-internship-at-servon-solution-llp1667297359","name":"Subject Matter Expert (SME)","company":"Servon Solution LLP","location":"Work From Home","duration":"3 Months","stipend":"8,000-10,000 /month","applications":"105 applicants","skills":["Accounting","Chemistry","English Proficiency (Spoken)","English Proficiency (Written)","Hindi Proficiency (Spoken)","Hindi Proficiency (Written)","Mathematics","Online Teaching","Physics","Subject Matter Expert (SME)"],"perks":["Certificate","Flexible work hours"],"openings":"25"},{"url":"/internship/detail/hindi-video-solutions-pen-tab-based-work-from-home-job-internship-at-amivo-tech-solutions1667362044","name":"Hindi Video Solutions (Pen-Tab Based)","company":"Amivo Tech Solutions","location":"Work From Home","duration":"5 Months","stipend":"30,000 /month","applications":"45 applicants","skills":["Chemistry","Hindi Proficiency (Spoken)","Hindi Proficiency (Written)","Mathematics","Physics","Subject Matter Expert (SME)"],"perks":["Flexible work hours"],"openings":"20"},{"url":"/internship/detail/subject-matter-expert-chemistry-work-from-home-job-internship-at-kunduz-incorporation1667283082","name":"Subject Matter Expert (Chemistry)","company":"Kunduz Incorporation","location":"Work From Home","duration":"2 Months","stipend":"5,000-6,000 /month","applications":"53 applicants","skills":["Chemistry","Online Teaching","Subject Matter Expert (SME)"],"perks":["Flexible work hours"],"openings":"10"},{"url":"/internship/detail/video-solutions-creation-pcm-work-from-home-job-internship-at-mind-harmonics1667270679","name":"Video Solutions Creation (PCM)","company":"Mind Harmonics","location":"Work From Home","duration":"3 Months","stipend":"15,000-20,000 /month","applications":"85 applicants","skills":["Chemistry","Mathematics","Physics"],"perks":["Certificate","Letter of recommendation","Flexible work hours"],"openings":"15"},{"url":"/internship/detail/teaching-pcm-work-from-home-job-internship-at-tutor-yard1667297749","name":"Teaching (PCM)","company":"Tutor Yard","location":"Work From Home","duration":"2 Months","stipend":"15,000-20,000 /month","applications":"Be an early applicant","skills":["Chemistry","Mathematics","Physics"],"perks":["Certificate"],"openings":"10"},{"url":"/internship/detail/subject-matter-expert-sme-work-from-home-job-internship-at-innovative-creaters1667205350","name":"Subject Matter Expert (SME)","company":"Innovative Creaters","location":"Work From Home","duration":"3 Months","stipend":"1,000 /month + Incentives","applications":"92 applicants","skills":[],"perks":["Certificate","Flexible work hours"],"openings":"20"},{"url":"/internship/detail/content-writing-chemistry-work-from-home-job-internship-at-qa-solvers1667281763","name":"Content Writing (Chemistry)","company":"QA Solvers","location":"Work From Home","duration":"3 Months","stipend":"15,000-20,000 /month","applications":"200 applicants","skills":["Chemistry","English Proficiency (Spoken)","English Proficiency (Written)","Subject Matter Expert (SME)"],"perks":["Certificate","Letter of recommendation"],"openings":"5"},{"url":"/internship/detail/tutoring-chemistry-work-from-home-job-internship-at-clavictor-academy-private-limited1666954008","name":"Tutoring (Chemistry)","company":"Clavictor Academy Private Limited","location":"Work From Home","duration":"6 Months","stipend":"3,000-7,500 /month","applications":"192 applicants","skills":["MS-Office"],"perks":["Certificate","Flexible work hours"],"openings":"5"},{"url":"/internship/detail/online-doubts-solving-work-from-home-job-internship-at-mind-harmonics1667102451","name":"Online Doubts Solving","company":"Mind Harmonics","location":"Work From Home","duration":"3 Months","stipend":"5,000 /month","applications":"156 applicants","skills":["Chemistry","Physics"],"perks":["Certificate","Letter of recommendation","Flexible work hours"],"openings":"10"},{"url":"/internship/detail/subject-matter-expert-chemistry-work-from-home-job-internship-at-cloudbird-digital-private-limited1667048548","name":"Subject Matter Expert (Chemistry)","company":"CloudBird Digital Private Limited","location":"Work From Home","duration":"1 Month","stipend":"4,500-5,000 /month","applications":"222 applicants","skills":["Chemistry","English Proficiency (Written)","MS-Word","Subject Matter Expert (SME)"],"perks":["Certificate","Letter of recommendation","Flexible work hours"],"openings":"20"},{"url":"/internship/detail/school-implementation-part-time-job-internship-at-chennai-in-pojo-software-private-limited1667023967","name":"School Implementation","company":"Pojo Software Private Limited","location":"Chennai","duration":"6 Months","stipend":"3,000 /month + Incentives","applications":"Be an early applicant","skills":[],"perks":["Certificate","Letter of recommendation","Flexible work hours"],"openings":"2"},{"url":"/internship/detail/research-analysis-science-wing-internship-in-delhi-at-adisha-foundation1666964150","name":"Research Analysis (Science Wing)","company":"Adisha Foundation","location":"Delhi","duration":"2 Months","stipend":"15,000 /month","applications":"100 applicants","skills":["English Proficiency (Spoken)","English Proficiency (Written)","Research and Analytics","Subject Matter Expert (SME)"],"perks":["Certificate","Letter of recommendation","Job offer"],"openings":"1"},{"url":"/internship/detail/subject-matter-expert-sme-pcbm-work-from-home-job-internship-at-miwo-eduserve1666957609","name":"Subject Matter Expert (SME) - PCBM","company":"Miwo Eduserve","location":"Work From Home","duration":"2 Months","stipend":"5,000 /month","applications":"283 applicants","skills":["Biology","Biostatistics","Chemistry","Mathematics","Molecular Biology Techniques","Physics"],"perks":["Certificate","Letter of recommendation"],"openings":"5"},{"url":"/internship/detail/sme-video-solutions-chemistry-english-work-from-home-job-internship-at-qa-solvers1666846584","name":"SME-Video Solutions-Chemistry (English)","company":"QA Solvers","location":"Work From Home","duration":"4 Months","stipend":"10,000-12,000 /month","applications":"123 applicants","skills":["Chemistry","English Proficiency (Spoken)","English Proficiency (Written)","Online Teaching","Subject Matter Expert (SME)","Teaching"],"perks":["Certificate","Letter of recommendation"],"openings":"4"},{"url":"/internship/detail/digital-sketch-doodle-art-work-from-home-job-internship-at-mathongo1666838751","name":"Digital Sketch/Doodle Art","company":"Mathongo","location":"Work From Home","duration":"1 Month","stipend":"3,500 /month","applications":"67 applicants","skills":[],"perks":["Certificate","Letter of recommendation","Flexible work hours"],"openings":"4"},{"url":"/internship/detail/subject-matter-expert-pcm-work-from-home-job-internship-at-amivo-tech-solutions1666523387","name":"Subject Matter Expert (PCM)","company":"Amivo Tech Solutions","location":"Work From Home","duration":"5 Months","stipend":"10,000 /month","applications":"248 applicants","skills":[],"perks":["Flexible work hours"],"openings":"20"},{"url":"/internship/detail/chemistry-r-d-internship-in-delhi-at-ekosight-technologies-private-limited1664639942","name":"Chemistry R&D","company":"EkoSight Technologies Private Limited","location":"Delhi","duration":"3 Months","stipend":"10,000-20,000 /month","applications":"87 applicants","skills":["Chemistry","Subject Matter Expert (SME)"],"perks":["Flexible work hours","Informal dress code","5 days a week","Free snacks & beverages"],"openings":"2"}]}