{"success":8,"failed":0,"internships":[{"url":"/internship/detail/cinematography-internship-in-pune-at-cast-india1664801581","name":"Cinematography","company":"Cast India","location":"Pune","duration":"6 Months","stipend":"7,000 /month","applications":"28 applicants","skills":["Photography","Video Making"],"perks":["Certificate","Flexible work hours","Informal dress code","5 days a week"],"openings":"3"},{"url":"/internship/detail/cinematography-internship-in-noida-at-bomi-fortune-private-limited1667565340","name":"Cinematography","company":"Bomi Fortune Private Limited","location":"Noida","duration":"3 Months","stipend":"2,000 /month + Incentives","applications":"Be an early applicant","skills":[],"perks":["Certificate","Letter of recommendation","Informal dress code","5 days a week"],"openings":"1"},{"url":"/internship/detail/cinematography-internship-in-bangalore-at-kaalia-productions1667549992","name":"Cinematography","company":"Kaalia Productions","location":"Bangalore","duration":"6 Months","stipend":"8,000 /month","applications":"Be an early applicant","skills":["Adobe After Effects","Adobe Premiere Pro","Video Making"],"perks":["Certificate","Letter of recommendation"],"openings":"1"},{"url":"/internship/detail/assistant-director-part-time-job-internship-at-delhi-noida-in-chilsag-entertainment-network1667380503","name":"Assistant Director","company":"Chilsag Entertainment Network","location":"Delhi","duration":"1 Month","stipend":"3,000 /month","applications":"26 applicants","skills":[],"perks":["Certificate","Letter of recommendation","Flexible work hours","5 days a week"],"openings":"2"},{"url":"/internship/detail/video-making-cinematography-internship-in-delhi-at-euler-motors1667366754","name":"Video Making/Cinematography","company":"Euler Motors","location":"Delhi","duration":"3 Months","stipend":"15,000 /month","applications":"Be an early applicant","skills":["Adobe After Effects","Adobe Illustrator","Adobe Photoshop","Adobe Premiere Pro","Final Cut Pro","Video Editing","Video Making"],"perks":["Certificate","Informal dress code"],"openings":"2"},{"url":"/internship/detail/cinematography-internship-in-noida-at-nazar-battu-productions1667282109","name":"Cinematography","company":"Nazar Battu Productions","location":"Noida","duration":"6 Months","stipend":"8,000-10,000 /month","applications":"Be an early applicant","skills":[],"perks":["Certificate","Letter of recommendation","Informal dress code","Job offer"],"openings":"2"},{"url":"/internship/detail/cinematography-internship-in-multiple-locations-at-pine-lime1667053983","name":"Cinematography","company":"Pine & Lime","location":"Delhi","duration":"1 Month","stipend":"7,000 /month","applications":"Be an early applicant","skills":["Adobe After Effects","Adobe Photoshop","Adobe Premiere Pro","Photography","Video Editing","Video Making"],"perks":["Certificate","Flexible work hours"],"openings":"1"},{"url":"/internship/detail/lighting-cinematography-internship-in-delhi-at-uni-square-concepts1665908978","name":"Lighting & Cinematography","company":"Uni Square Concepts","location":"Delhi","duration":"3 Months","stipend":"3,000 /month","applications":"33 applicants","skills":["English Proficiency (Spoken)"],"perks":["Certificate","Free snacks & beverages"],"openings":"10"}]}