{"success":40,"failed":0,"internships":[{"url":"/internship/detail/business-development-sales-internship-in-delhi-at-decathlon-sports-india-private-limited1666794074","name":"Business Development (Sales)","company":"Decathlon Sports India Private Limited","location":"Delhi","duration":"2 Months","stipend":"10,000-15,000 /month","applications":"81 applicants","skills":["Client Relationship","Data Analytics","English Proficiency (Spoken)","English Proficiency (Written)","Social Media Marketing"],"perks":["Certificate","Letter of recommendation","Flexible work hours","Informal dress code","5 days a week","Job offer"],"openings":"10"},{"url":"/internship/detail/publishing-consultant-internship-in-delhi-noida-at-blue-rose-publishers1667548468","name":"Publishing Consultant","company":"Blue Rose Publishers","location":"Delhi","duration":"3 Months","stipend":"20,000 /month","applications":"Be an early applicant","skills":["Client Relationship","English Proficiency (Spoken)","English Proficiency (Written)"],"perks":["Certificate","Letter of recommendation","Informal dress code","Free snacks & beverages","Job offer"],"openings":"13"},{"url":"/internship/detail/admission-counseling-internship-in-delhi-at-unimonks1667390231","name":"Admission Counseling","company":"Unimonks","location":"Delhi","duration":"3 Months","stipend":"5,000-15,000 /month","applications":"Be an early applicant","skills":["English Proficiency (Spoken)"],"perks":["Certificate","Letter of recommendation"],"openings":"3"},{"url":"/internship/detail/brand-coordination-internship-in-noida-at-stareye-media-entertainment-private-limited1667379105","name":"Brand Coordination","company":"Stareye Media & Entertainment Private Limited","location":"Noida","duration":"2 Months","stipend":"5,000-10,000 /month","applications":"30 applicants","skills":["English Proficiency (Spoken)","MS-Excel","Product Management"],"perks":["Certificate","Flexible work hours","Informal dress code","Job offer"],"openings":"2"},{"url":"/internship/detail/user-support-internship-in-mumbai-at-faclon1667195345","name":"User Support","company":"Faclon","location":"Mumbai","duration":"3 Months","stipend":"10,000-13,000 /month","applications":"Be an early applicant","skills":["Internet of Things (IoT)","MS-Office"],"perks":["Certificate","Letter of recommendation","Job offer"],"openings":"3"},{"url":"/internship/detail/customer-care-internship-in-delhi-at-stirring-minds1667413304","name":"Customer Care","company":"Stirring Minds","location":"Delhi","duration":"3 Months","stipend":"10,000-12,000 /month","applications":"Be an early applicant","skills":[],"perks":["Certificate","Informal dress code","Free snacks & beverages","Job offer"],"openings":"5"},{"url":"/internship/detail/client-relations-internship-in-mumbai-at-uniacco1667308961","name":"Client Relations","company":"UniAcco","location":"Mumbai","duration":"6 Months","stipend":"25,000 /month","applications":"63 applicants","skills":["Client Relationship","English Proficiency (Spoken)","English Proficiency (Written)","MS-Excel"],"perks":["Certificate","Letter of recommendation","Flexible work hours","Informal dress code","5 days a week"],"openings":"20"},{"url":"/internship/detail/fashion-design-customer-support-internship-in-coimbatore-at-bassh-clothing-and-apparels1667538191","name":"Fashion Design & Customer Support","company":"BASSH Clothing And Apparels","location":"Coimbatore","duration":"3 Months","stipend":"5,000 /month","applications":"Be an early applicant","skills":["Fashion Designing","Fashion Styling"],"perks":["Certificate","Letter of recommendation"],"openings":"1"},{"url":"/internship/detail/customer-support-internship-in-delhi-at-stirring-minds1667413251","name":"Customer Support","company":"Stirring Minds","location":"Delhi","duration":"3 Months","stipend":"15,000-18,000 /month","applications":"33 applicants","skills":[],"perks":["Certificate","Informal dress code","Free snacks & beverages","Job offer"],"openings":"6"},{"url":"/internship/detail/project-coordination-internship-in-gurgaon-at-experifun-educational-solutions1665730512","name":"Project Coordination","company":"Experifun Educational Solutions","location":"Gurgaon","duration":"6 Months","stipend":"20,000-25,000 /month","applications":"39 applicants","skills":[],"perks":[],"openings":"1"},{"url":"/internship/detail/client-management-internship-in-delhi-at-rusk-media1667516871","name":"Client Management","company":"Rusk Media","location":"Delhi","duration":"3 Months","stipend":"7,000 /month","applications":"Be an early applicant","skills":["English Proficiency (Spoken)","English Proficiency (Written)","MS-Excel","MS-Office","MS-PowerPoint","MS-Word"],"perks":["Certificate","5 days a week"],"openings":"1"},{"url":"/internship/detail/client-relationship-internship-in-hyderabad-at-wemakescholars1665561390","name":"Client Relationship","company":"WeMakeScholars","location":"Hyderabad","duration":"6 Months","stipend":"15,000 /month","applications":"54 applicants","skills":["English Proficiency (Spoken)","English Proficiency (Written)","Hindi Proficiency (Spoken)","Hindi Proficiency (Written)","Sales","Sales and Marketing"],"perks":["Flexible work hours","Free snacks & beverages"],"openings":"4"},{"url":"/internship/detail/student-mentoring-commerce-work-from-home-job-internship-at-clavictor-academy-private-limited1667641782","name":"Student Mentoring (Commerce)","company":"Clavictor Academy Private Limited","location":"Work From Home","duration":"6 Months","stipend":"2,500-7,500 /month","applications":"Be an early applicant","skills":["MS-Office","Physics"],"perks":["Certificate","Letter of recommendation"],"openings":"12"},{"url":"/internship/detail/student-mentoring-arts-work-from-home-job-internship-at-clavictor-academy-private-limited1667640350","name":"Student Mentoring (Arts)","company":"Clavictor Academy Private Limited","location":"Work From Home","duration":"6 Months","stipend":"2,500-7,500 /month","applications":"35 applicants","skills":["MS-Office","Physics"],"perks":["Certificate","Letter of recommendation"],"openings":"6"},{"url":"/internship/detail/school-companion-internship-in-secunderabad-hyderabad-at-back-to-basics-learning-solutions-private-limited1667633603","name":"School Companion","company":"Back To Basics Learning Solutions Private Limited","location":"Secunderabad","duration":"6 Months","stipend":"15,000 /month","applications":"Be an early applicant","skills":["English Proficiency (Spoken)"],"perks":["Certificate","Letter of recommendation"],"openings":"3"},{"url":"/internship/detail/wedding-planning-internship-in-faridabad-at-papercut-events-private-limited1667631451","name":"Wedding Planning","company":"Papercut Events Private Limited","location":"Faridabad","duration":"6 Months","stipend":"10,000 /month","applications":"Be an early applicant","skills":["Digital Marketing","Email Marketing","English Proficiency (Spoken)","English Proficiency (Written)","MS-Excel","MS-Office","Social Media Marketing"],"perks":["Certificate","Letter of recommendation","Flexible work hours","Informal dress code"],"openings":"5"},{"url":"/internship/detail/operations-internship-in-gurgaon-at-sirphire1667563169","name":"Operations","company":"Sirphire","location":"Gurgaon","duration":"3 Months","stipend":"10,000 /month","applications":"Be an early applicant","skills":["MS-Excel"],"perks":[],"openings":"1"},{"url":"/internship/detail/operations-internship-in-pune-at-rishtey-dhaage1667523175","name":"Operations","company":"Rishtey Dhaage","location":"Pune","duration":"6 Months","stipend":"6,000-8,000 /month","applications":"Be an early applicant","skills":["English Proficiency (Spoken)","Hindi Proficiency (Spoken)","Marathi Proficiency(Spoken)","MS-Office","MS-PowerPoint"],"perks":[],"openings":"2"},{"url":"/internship/detail/client-servicing-internship-in-mumbai-at-havas-life-sorento1667554991","name":"Client Servicing","company":"Havas Life Sorento","location":"Mumbai","duration":"6 Months","stipend":"10,000 /month","applications":"Be an early applicant","skills":["Client Relationship","English Proficiency (Spoken)","English Proficiency (Written)"],"perks":["Certificate","Informal dress code","5 days a week"],"openings":"2"},{"url":"/internship/detail/business-development-sales-work-from-home-job-internship-at-wingfotech-private-limited1667538328","name":"Business Development (Sales)","company":"Wingfotech Private Limited","location":"Work From Home","duration":"2 Months","stipend":"10,000 lump sum + Incentives","applications":"Be an early applicant","skills":["Creative Writing","Digital Marketing","Email Marketing","English Proficiency (Spoken)","English Proficiency (Written)","MS-Excel","Social Media Marketing"],"perks":["Certificate","Letter of recommendation","Flexible work hours","Job offer"],"openings":"5"},{"url":"/internship/detail/proofreading-client-interaction-work-from-home-job-internship-at-internshala1667549261","name":"Proofreading & Client Interaction","company":"Internshala","location":"Work From Home","duration":"6 Months","stipend":"16,667 /month","applications":"103 applicants","skills":["English Proficiency (Spoken)","English Proficiency (Written)"],"perks":["Certificate","5 days a week"],"openings":"3"},{"url":"/internship/detail/customer-service-work-from-home-job-internship-at-epoch-automation-private-limited1667545728","name":"Customer Service","company":"Epoch Automation Private Limited","location":"Work From Home","duration":"3 Months","stipend":"5,000 /month","applications":"62 applicants","skills":[],"perks":[],"openings":"2"},{"url":"/internship/detail/equity-dealing-internship-in-delhi-at-green-gain-financial-services-llp1667544705","name":"Equity Dealing","company":"GREEN GAIN FINANCIAL SERVICES LLP","location":"Delhi","duration":"1 Month","stipend":"10,000 /month + Incentives","applications":"Be an early applicant","skills":[],"perks":["Certificate"],"openings":"1"},{"url":"/internship/detail/telecalling-internship-in-delhi-at-green-gain-financial-services-llp1667544337","name":"Telecalling","company":"GREEN GAIN FINANCIAL SERVICES LLP","location":"Delhi","duration":"1 Month","stipend":"8,000 /month","applications":"Be an early applicant","skills":[],"perks":["Certificate"],"openings":"1"},{"url":"/internship/detail/social-media-and-graphic-design-internship-in-noida-at-creative-fuel-felix1667543807","name":"Social Media And Graphic Design","company":"Creative Fuel Felix","location":"Noida","duration":"3 Months","stipend":"7,000-14,000 /month","applications":"Be an early applicant","skills":["Adobe Creative Suite","Canva","Creative Writing","Digital Marketing","English Proficiency (Spoken)","English Proficiency (Written)"],"perks":["Certificate","Letter of recommendation","Flexible work hours","Informal dress code","Free snacks & beverages","Job offer"],"openings":"2"},{"url":"/internship/detail/client-servicing-work-from-home-job-internship-at-addictive-media1667458716","name":"Client Servicing","company":"Addictive Media","location":"Work From Home","duration":"3 Months","stipend":"12,000 /month","applications":"158 applicants","skills":["English Proficiency (Spoken)","English Proficiency (Written)","MS-Office"],"perks":["5 days a week","Job offer"],"openings":"1"},{"url":"/internship/detail/business-development-sales-internship-in-multiple-locations-at-thinknest-india-private-limited1667459574","name":"Business Development (Sales)","company":"ThinkNest India Private Limited","location":"Delhi","duration":"3 Months","stipend":"5,000 /month + Incentives","applications":"Be an early applicant","skills":["Client Relationship","Email Marketing","English Proficiency (Spoken)","English Proficiency (Written)","MS-Excel","Sales and Marketing"],"perks":["Certificate","Letter of recommendation"],"openings":"6"},{"url":"/internship/detail/community-growth-internship-in-gurgaon-at-analytics-vidhya1667537593","name":"Community Growth","company":"Analytics Vidhya","location":"Gurgaon","duration":"6 Months","stipend":"20,000 /month","applications":"Be an early applicant","skills":[],"perks":["Certificate","Letter of recommendation","Flexible work hours","Informal dress code","5 days a week"],"openings":"1"},{"url":"/internship/detail/customer-support-internship-in-gurgaon-at-the-ayurveda-company1667459653","name":"Customer Support","company":"The Ayurveda Company","location":"Gurgaon","duration":"3 Months","stipend":"15,000 /month","applications":"Be an early applicant","skills":[],"perks":[],"openings":"1"},{"url":"/internship/detail/business-development-sales-internship-in-hyderabad-at-diligen-professional-solutions-private-limited1667455662","name":"Business Development (Sales)","company":"Diligen Professional Solutions Private Limited","location":"Hyderabad","duration":"3 Months","stipend":"7,000 /month","applications":"Be an early applicant","skills":["Email Marketing","English Proficiency (Spoken)","English Proficiency (Written)","MS-Excel","Social Media Marketing"],"perks":["Certificate"],"openings":"1"},{"url":"/internship/detail/social-media-marketing-internship-in-indore-at-bluhawk-marketing-agency1667463923","name":"Social Media Marketing","company":"BluHawk Marketing Agency","location":"Indore","duration":"3 Months","stipend":"5,000 /month + Incentives","applications":"Be an early applicant","skills":["Creative Writing","Digital Marketing","Email Marketing","English Proficiency (Spoken)","English Proficiency (Written)","Facebook Marketing","Instagram Marketing","Search Engine Marketing (SEM)","Search Engine Optimization (SEO)","Social Media Marketing"],"perks":["Certificate","Letter of recommendation","Flexible work hours","Informal dress code","Job offer"],"openings":"1"},{"url":"/internship/detail/collaboration-work-from-home-job-internship-at-analytical-center-of-sustainable-development-and-digital-economy1667475269","name":"Collaboration","company":"Analytical Center Of Sustainable Development And Digital Economy","location":"Work From Home","duration":"3 Months","stipend":"30,000 /month","applications":"93 applicants","skills":["Content Marketing","Content Writing","Creative Writing","Digital Marketing","Performance Management System","Product Management","Sales and Marketing"],"perks":["Certificate","Letter of recommendation","Flexible work hours","5 days a week","Job offer"],"openings":"200"},{"url":"/internship/detail/travel-tourism-internship-in-multiple-locations-at-baligotripscom1667410147","name":"Travel & Tourism","company":"Baligotrips.com","location":"Chennai","duration":"3 Months","stipend":"8,000-15,000 /month","applications":"31 applicants","skills":["English Proficiency (Spoken)","English Proficiency (Written)","MS-Excel"],"perks":["Certificate","Letter of recommendation","Job offer"],"openings":"3"},{"url":"/internship/detail/business-development-sales-internship-in-mumbai-at-fruth-foods-private-limited1667409028","name":"Business Development (Sales)","company":"Fruth Foods Private Limited","location":"Mumbai","duration":"3 Months","stipend":"2,000 /month + Incentives","applications":"Be an early applicant","skills":["Business Research","English Proficiency (Spoken)","Sales"],"perks":["Certificate","Letter of recommendation"],"openings":"1"},{"url":"/internship/detail/stall-management-auto-expo-2023-part-time-job-internship-at-multiple-locations-in-team-core1667462630","name":"Stall Management (Auto Expo 2023)","company":"Team Core","location":"Faridabad","duration":"1 Month","stipend":"15,000-25,000 /month","applications":"Be an early applicant","skills":["English Proficiency (Spoken)","Event Management","Fashion Styling","Sales and Marketing"],"perks":["Certificate","Informal dress code","Free snacks & beverages"],"openings":"10"},{"url":"/internship/detail/business-development-sales-work-from-home-job-internship-at-idensic-private-limited1667390172","name":"Business Development (Sales)","company":"Idensic Private Limited","location":"Work From Home","duration":"1 Month","stipend":"1,000-6,000 /month","applications":"Be an early applicant","skills":["English Proficiency (Spoken)","Social Media Marketing"],"perks":["Certificate","Flexible work hours"],"openings":"3"},{"url":"/internship/detail/operations-social-media-handling-internship-in-pune-at-weetaan-digital-consultancy1667461224","name":"Operations & Social Media Handling","company":"WeeTaaN Digital Consultancy","location":"Pune","duration":"3 Months","stipend":"10,000 /month","applications":"Be an early applicant","skills":["Google Suite (G Suite)","Social Media Marketing"],"perks":["Certificate","Informal dress code","5 days a week","Free snacks & beverages","Job offer"],"openings":"1"},{"url":"/internship/detail/accounts-internship-in-mumbai-at-traininginbox-edtech-private-limited1667456846","name":"Accounts","company":"TrainingInbox Edtech Private Limited","location":"Mumbai","duration":"3 Months","stipend":"6,000-10,000 /month","applications":"Be an early applicant","skills":["Accounting"],"perks":["Flexible work hours","5 days a week"],"openings":"5"},{"url":"/internship/detail/customer-success-internship-in-bangalore-at-finshakti-solutions-private-limited1667455799","name":"Customer Success","company":"FinShakti Solutions Private Limited","location":"Bangalore","duration":"6 Months","stipend":"20,000-30,000 /month","applications":"Be an early applicant","skills":["English Proficiency (Spoken)","Hindi Proficiency (Spoken)"],"perks":["Certificate","Letter of recommendation","Flexible work hours","Informal dress code","5 days a week"],"openings":"2"},{"url":"/internship/detail/operations-work-from-home-job-internship-at-gagan-patel-merchant1667454815","name":"Operations","company":"Gagan Patel Merchant","location":"Work From Home","duration":"2 Months","stipend":"3,000 /month","applications":"75 applicants","skills":["Client Relationship","MS-Excel"],"perks":["Certificate","Letter of recommendation","Flexible work hours"],"openings":"1"}]}