{"success":6,"failed":0,"internships":[{"url":"/internship/detail/devops-engineering-cloud-engineering-internship-in-visakhapatnam-at-cloudearl1667307276","name":"DevOps Engineering/Cloud Engineering","company":"CloudEarl","location":"Visakhapatnam","duration":"2 Months","stipend":"5,000 /month","applications":"80 applicants","skills":["Amazon Web Services (AWS)","C++ Programming","Cloud Computing","C Programming","Google Cloud Computing","Java","Microsoft Azure"],"perks":["Certificate","Letter of recommendation","Job offer"],"openings":"2"},{"url":"/internship/detail/cloud-data-engineering-internship-in-ahmedabad-at-squadron-technology-private-limited1667294605","name":"Cloud Data Engineering","company":"Squadron Technology Private Limited","location":"Ahmedabad","duration":"6 Months","stipend":"8,000-10,000 /month","applications":"50 applicants","skills":["Amazon Web Server (AWS)","Cloud Computing","Google Cloud Computing","Java","Microsoft Azure","Python"],"perks":["Certificate","Letter of recommendation","Flexible work hours","Informal dress code","5 days a week","Job offer"],"openings":"6"},{"url":"/internship/detail/information-technology-manualtesting-internship-in-mumbai-at-grt-global-logistics-private-limited1667027723","name":"Information Technology (ManualTesting)","company":"GRT Global Logistics Private Limited","location":"Mumbai","duration":"3 Months","stipend":"5,000 /month","applications":"48 applicants","skills":[],"perks":["Certificate","Informal dress code"],"openings":"1"},{"url":"/internship/detail/cloud-engineering-work-from-home-job-internship-at-mactores1666942492","name":"Cloud Engineering","company":"Mactores","location":"Work From Home","duration":"3 Months","stipend":"3,000-6,000 /month","applications":"252 applicants","skills":["Amazon Web Services (AWS)"],"perks":["Certificate","Flexible work hours","5 days a week"],"openings":"3"},{"url":"/internship/detail/aws-devops-engineering-work-from-home-job-internship-at-hj-infotech1666932736","name":"AWS DevOps Engineering","company":"HJ Infotech","location":"Work From Home","duration":"6 Months","stipend":"10,000 /month","applications":"298 applicants","skills":["Amazon Web Services (AWS)","CI/CD","Cloud Computing","DevOps","Docker","Kubernetes","Linux","Shell Scripting","Terraform"],"perks":["Certificate","Letter of recommendation","Flexible work hours","5 days a week"],"openings":"2"},{"url":"/internship/detail/cloudops-engineering-part-time-job-internship-at-chennai-in-cosgrid-systems-private-limited1665660314","name":"CloudOps Engineering","company":"COSGrid Systems Private Limited","location":"Chennai","duration":"3 Months","stipend":"15,000-25,000 /month","applications":"220 applicants","skills":["Amazon Web Services (AWS)","Docker","Kubernetes","Linux","Microsoft Azure","Python","Shell Scripting"],"perks":["Certificate","Flexible work hours","Informal dress code","5 days a week","Free snacks & beverages"],"openings":"1"}]}