{"success":9,"failed":0,"internships":[{"url":"/internship/detail/electronics-engineering-iot-internship-in-multiple-locations-at-experiencesdigital1667458527","name":"Electronics Engineering - IOT","company":"Experiences.digital","location":"Chennai","duration":"6 Months","stipend":"10,000 /month","applications":"45 applicants","skills":["Python"],"perks":["Certificate","5 days a week"],"openings":"2"},{"url":"/internship/detail/computer-vision-work-from-home-job-internship-at-volmo-private-limited1667502405","name":"Computer Vision","company":"VOLMO Private Limited","location":"Work From Home","duration":"6 Months","stipend":"1,000 /month","applications":"28 applicants","skills":["Computer Vision","Deep Learning","Image Processing","Machine Learning","OpenCV","Python"],"perks":["Letter of recommendation","Flexible work hours"],"openings":"1"},{"url":"/internship/detail/computer-vision-work-from-home-job-internship-at-wobot-intelligence-private-limited1667455819","name":"Computer Vision","company":"Wobot Intelligence Private Limited","location":"Work From Home","duration":"6 Months","stipend":"12,500 /month","applications":"329 applicants","skills":["OpenCV","Python"],"perks":["Certificate","5 days a week","Job offer"],"openings":"6"},{"url":"/internship/detail/artificial-intelligence-ai-internship-in-bangalore-at-euphotic-labs-private-limited1667301441","name":"Artificial Intelligence (AI)","company":"Euphotic Labs Private Limited","location":"Bangalore","duration":"6 Months","stipend":"15,000-25,000 /month","applications":"69 applicants","skills":["Computer Vision","Deep Learning","Image Processing","OpenCV","Python"],"perks":["Certificate","Letter of recommendation","Flexible work hours","Informal dress code","Free snacks & beverages","Job offer"],"openings":"1"},{"url":"/internship/detail/computer-vision-internship-in-hyderabad-at-zestiot-technologies-private-limited1667366783","name":"Computer Vision","company":"ZestIOT Technologies Private Limited","location":"Hyderabad","duration":"6 Months","stipend":"10,000 /month","applications":"Be an early applicant","skills":["C Programming","Linux","Machine Learning","OpenCV","Python"],"perks":["Certificate","Letter of recommendation","Job offer"],"openings":"2"},{"url":"/internship/detail/computer-vision-internship-in-pune-at-vasundharaa-geo-technologies-private-limited1667100255","name":"Computer Vision","company":"Vasundharaa Geo Technologies Private Limited","location":"Pune","duration":"3 Months","stipend":"10,000 /month","applications":"55 applicants","skills":["Computer Vision","Deep Learning","Embedded Systems","Flask","Mathematics","MATLAB","OpenCV"],"perks":["Certificate","Letter of recommendation","Informal dress code","5 days a week","Job offer"],"openings":"4"},{"url":"/internship/detail/machine-learning-computer-vision-internship-in-bangalore-at-modaka-technologies-private-limited1667056920","name":"Machine Learning (Computer Vision)","company":"Modaka Technologies Private Limited","location":"Bangalore","duration":"3 Months","stipend":"12,000 /month","applications":"134 applicants","skills":["Computer Vision","Deep Learning","JavaScript","Machine Learning","OpenCV","Python"],"perks":["Certificate","Job offer"],"openings":"1"},{"url":"/internship/detail/computer-vision-image-video-processing-deep-learning-convolution-neural-network-work-from-home-job-internship-at-intellytix-technosolutions-llp1666845578","name":"Computer Vision (Image & Video Processing) & Deep Learning (Convolution Neural Network)","company":"Intellytix Technosolutions LLP","location":"Work From Home","duration":"6 Months","stipend":"5,000 /month","applications":"274 applicants","skills":["Amazon Web Server (AWS)","Computer Vision","Deep Learning","GitHub","Image Processing","Jira","Machine Learning","Neural Networks","OpenCV","Python","Robotics"],"perks":["Certificate","Letter of recommendation","Flexible work hours"],"openings":"6"},{"url":"/internship/detail/stem-solutions-training-internship-in-bangalore-at-edutech-india-private-limited1666336153","name":"STEM Solutions Training","company":"Edutech India Private Limited","location":"Bangalore","duration":"4 Months","stipend":"7,500-12,000 /month","applications":"83 applicants","skills":["Computer Vision","Mathematics","Robotics"],"perks":["Certificate","5 days a week"],"openings":"2"}]}