{"success":40,"failed":0,"internships":[{"url":"/internship/detail/software-design-internship-in-mumbai-at-star-india1666875001","name":"Software Design","company":"Star India","location":"Mumbai","duration":"3 Months","stipend":"20,000 /month","applications":"48 applicants","skills":["Blender 3D","UI & UX Design","Unity 3D","Unity Engine","Unreal Engine"],"perks":[],"openings":"1"},{"url":"/internship/detail/software-project-management-work-from-home-job-internship-at-iit-bombay1666934144","name":"Software Project Management","company":"IIT Bombay","location":"Work From Home","duration":"6 Months","stipend":"1,000-2,000 /month","applications":"342 applicants","skills":["English Proficiency (Spoken)","English Proficiency (Written)","Hindi Proficiency (Spoken)","Hindi Proficiency (Written)"],"perks":["Certificate","Letter of recommendation","Flexible work hours","5 days a week"],"openings":"1"},{"url":"/internship/detail/research-assistance-automobile-electronics-internship-in-bangalore-at-iisc-bangalore-cpdm1666774880","name":"Research Assistance (Automobile Electronics)","company":"IISC Bangalore CPDM","location":"Bangalore","duration":"6 Months","stipend":"25,000 /month","applications":"103 applicants","skills":["Analog And Digital Circuits","Circuit Design","Digital Signal Processing","Python","Raspberry Pi"],"perks":["Informal dress code"],"openings":"1"},{"url":"/internship/detail/c-development-qt-creation-work-from-home-job-internship-at-iit-bombay1666585857","name":"C++ Development (QT Creation)","company":"IIT Bombay","location":"Work From Home","duration":"6 Months","stipend":"1,000-2,000 /month","applications":"854 applicants","skills":["C++ Programming","C Programming","Data Structures"],"perks":["Certificate","Letter of recommendation","Flexible work hours","5 days a week"],"openings":"2"},{"url":"/internship/detail/android-app-development-internship-in-mumbai-at-save-eat-foods-private-limited1667549134","name":"Android App Development","company":"Save Eat Foods Private Limited","location":"Mumbai","duration":"3 Months","stipend":"11,000 /month","applications":"Be an early applicant","skills":["Android","Git","Java","Kotlin"],"perks":["Certificate","Letter of recommendation","Informal dress code","Free snacks & beverages"],"openings":"2"},{"url":"/internship/detail/software-development-ai-ml-product-group-internship-in-noida-at-constems-ai-systems-private-limited1667563351","name":"Software Development (AI/ML Product Group)","company":"Constems-AI Systems Private Limited","location":"Noida","duration":"6 Months","stipend":"10,000 /month","applications":"Be an early applicant","skills":["Algorithms","Computer Vision","Data Structures","Deep Learning","Linux","Python"],"perks":["Certificate","Letter of recommendation","Informal dress code","Job offer"],"openings":"4"},{"url":"/internship/detail/network-engineering-internship-in-jaipur-at-requin-solutions-private-limited1667553911","name":"Network Engineering","company":"Requin Solutions Private Limited","location":"Jaipur","duration":"6 Months","stipend":"8,000-10,000 /month","applications":"Be an early applicant","skills":["CCNA"],"perks":["Informal dress code"],"openings":"2"},{"url":"/internship/detail/ios-app-development-work-from-home-job-internship-at-impexpro1667651306","name":"iOS App Development","company":"Impexpro","location":"Work From Home","duration":"3 Months","stipend":"6,000 /month + Incentives","applications":"Be an early applicant","skills":["Git","iOS","MEAN/MERN Stack","Node.js","REST API","Swift"],"perks":["Certificate","Letter of recommendation","Flexible work hours","5 days a week","Job offer"],"openings":"9"},{"url":"/internship/detail/mern-stack-development-work-from-home-job-internship-at-zaveri-it-solutions-llc1667651225","name":"MERN Stack Development","company":"Zaveri IT Solutions LLC","location":"Work From Home","duration":"6 Months","stipend":"5,000 /month","applications":"Be an early applicant","skills":["C++ Programming","Hibernate (Java)","Java","Node.js","SQL"],"perks":["Certificate","Letter of recommendation","Flexible work hours","5 days a week","Job offer"],"openings":"9"},{"url":"/internship/detail/ai-and-deep-learning-internship-in-roorkee-at-brainovative-labs-private-limited1667649255","name":"AI And Deep Learning","company":"Brainovative Labs Private Limited","location":"Roorkee","duration":"3 Months","stipend":"5,000 /month + Incentives","applications":"Be an early applicant","skills":["C++ Programming","Deep Learning","Machine Learning","Natural Language Processing (NLP)","Neural Networks","Python"],"perks":["Certificate","Letter of recommendation","Flexible work hours","Informal dress code"],"openings":"1"},{"url":"/internship/detail/operations-work-from-home-job-internship-at-upciti-private-limited1667571095","name":"Operations","company":"Upciti Private Limited","location":"Work From Home","duration":"6 Months","stipend":"12,000 /month","applications":"Be an early applicant","skills":["English Proficiency (Spoken)","English Proficiency (Written)","MS-Excel","MS-Office","MS-PowerPoint"],"perks":["Certificate","Letter of recommendation"],"openings":"1"},{"url":"/internship/detail/technical-assistance-work-from-home-job-internship-at-vigyantram1667573435","name":"Technical Assistance","company":"VIGYANTRAM","location":"Work From Home","duration":"3 Months","stipend":"15,000 /month","applications":"Be an early applicant","skills":["Android","Computer Vision","Machine Learning","Python","Robotics"],"perks":["Certificate","Letter of recommendation","Flexible work hours"],"openings":"5"},{"url":"/internship/detail/mobile-app-development-internship-in-multiple-locations-at-realcap-consulting1667578093","name":"Mobile App Development","company":"RealCap Consulting","location":"Delhi","duration":"3 Months","stipend":"10,000 /month","applications":"Be an early applicant","skills":["Java","Node.js","Python"],"perks":["Certificate","Letter of recommendation","Flexible work hours","Informal dress code","5 days a week","Free snacks & beverages"],"openings":"4"},{"url":"/internship/detail/android-app-development-internship-in-multiple-locations-at-possibuild-building-technologies1667562824","name":"Android App Development","company":"PossiBuild Building Technologies","location":"Secunderabad","duration":"6 Months","stipend":"10,000-12,000 /month","applications":"Be an early applicant","skills":["Android","Kotlin","REST API"],"perks":["Certificate","Informal dress code","5 days a week","Job offer"],"openings":"1"},{"url":"/internship/detail/reactjs-front-end-development-internship-in-multiple-locations-at-marksdzyn1667646520","name":"ReactJs Front End Development","company":"MarksDzyn","location":"Delhi","duration":"3 Months","stipend":"5,000-15,000 /month","applications":"Be an early applicant","skills":["ReactJS"],"perks":["Certificate","Letter of recommendation","Flexible work hours","Informal dress code","5 days a week","Job offer"],"openings":"4"},{"url":"/internship/detail/blockchain-development-work-from-home-job-internship-at-happax-vr1667562579","name":"Blockchain Development","company":"Happax VR","location":"Work From Home","duration":"3 Months","stipend":"10,000 /month","applications":"Be an early applicant","skills":["Blockchain","C++ Programming","Ethereum","Hyperledger","Java","JavaScript","Node.js","Python","ReactJS","React Native"],"perks":["Certificate","Letter of recommendation","Flexible work hours"],"openings":"2"},{"url":"/internship/detail/python-development-work-from-home-job-internship-at-dknsb-medical-device-consultants1667576274","name":"Python Development","company":"DKNSB Medical Device Consultants","location":"Work From Home","duration":"2 Months","stipend":"20,000 /month","applications":"Be an early applicant","skills":["Django","HTML","Machine Learning","Python"],"perks":["Certificate","Letter of recommendation","Flexible work hours","5 days a week"],"openings":"2"},{"url":"/internship/detail/web-development-work-from-home-job-internship-at-krishna-translations1667580567","name":"Web Development","company":"Krishna Translations","location":"Work From Home","duration":"6 Months","stipend":"2,000 /month","applications":"Be an early applicant","skills":["Adobe Illustrator","Adobe Indesign","Adobe Photoshop","Canva","Content Writing","Digital Marketing","Google Suite (G Suite)","Social Media Marketing","UI & UX Design","WordPress"],"perks":["Certificate","Letter of recommendation","Flexible work hours"],"openings":"1"},{"url":"/internship/detail/web-development-internship-in-multiple-locations-at-techasoft-private-limited1667581814","name":"Web Development","company":"Techasoft Private Limited","location":"Chandigarh","duration":"6 Months","stipend":"6,000-8,000 /month","applications":"Be an early applicant","skills":["Bootstrap","CSS","HTML","JavaScript","jQuery","MySQL","Node.js","PHP","Python","ReactJS","WordPress"],"perks":["Certificate","Flexible work hours"],"openings":"2"},{"url":"/internship/detail/web-development-internship-in-bangalore-at-phablecare1667564804","name":"Web Development","company":"Phablecare","location":"Bangalore","duration":"3 Months","stipend":"15,000 /month","applications":"Be an early applicant","skills":["CSS","HTML","JavaScript","Node.js","ReactJS"],"perks":["Certificate","Letter of recommendation","Flexible work hours","Informal dress code","5 days a week","Free snacks & beverages"],"openings":"3"},{"url":"/internship/detail/web-development-work-from-home-job-internship-at-nblik1667640813","name":"Web Development","company":"NbliK","location":"Work From Home","duration":"3 Months","stipend":"6,000 /month","applications":"32 applicants","skills":["CSS","HTML","ReactJS","Redux","REST API","TypeScript"],"perks":["Certificate","Letter of recommendation","Flexible work hours"],"openings":"1"},{"url":"/internship/detail/web-development-work-from-home-job-internship-at-milna1667567476","name":"Web Development","company":"Milna","location":"Work From Home","duration":"2 Months","stipend":"3,000 /month","applications":"Be an early applicant","skills":["CSS","HTML","PHP","SQL","WordPress"],"perks":["Certificate","Letter of recommendation","Flexible work hours","5 days a week"],"openings":"1"},{"url":"/internship/detail/web-development-work-from-home-job-internship-at-hunt-digital-media1667563542","name":"Web Development","company":"Hunt Digital Media","location":"Work From Home","duration":"2 Months","stipend":"5,000 /month","applications":"Be an early applicant","skills":[".NET","PHP"],"perks":["Certificate","Letter of recommendation","Flexible work hours","5 days a week"],"openings":"1"},{"url":"/internship/detail/web-development-work-from-home-job-internship-at-social-more1667548995","name":"Web Development","company":"Social More","location":"Work From Home","duration":"4 Months","stipend":"2,000-7,000 /month","applications":"36 applicants","skills":["Content Writing","Design Thinking","WordPress"],"perks":["Certificate","Letter of recommendation","5 days a week"],"openings":"2"},{"url":"/internship/detail/web-development-work-from-home-job-internship-at-naval-kindergarten-karanja1667313331","name":"Web Development","company":"Naval Kindergarten Karanja","location":"Work From Home","duration":"2 Weeks","stipend":"1,000 lump sum","applications":"47 applicants","skills":["CSS","HTML","Java"],"perks":["Certificate","Flexible work hours"],"openings":"1"},{"url":"/internship/detail/web-development-work-from-home-job-internship-at-stunntech-innovations-private-limited1667547907","name":"Web Development","company":"Stunntech Innovations Private Limited","location":"Work From Home","duration":"3 Months","stipend":"10,000-12,000 /month","applications":"73 applicants","skills":["JavaScript","MEAN/MERN Stack","Node.js"],"perks":["Certificate","5 days a week","Job offer"],"openings":"1"},{"url":"/internship/detail/web-development-work-from-home-job-internship-at-alphanumeric-ideas-private-limited1667633403","name":"Web Development","company":"Alphanumeric Ideas Private Limited","location":"Work From Home","duration":"2 Months","stipend":"1,500-3,000 /month","applications":"61 applicants","skills":["CSS","HTML","JavaScript","MySQL","PHP"],"perks":["Certificate","Letter of recommendation","Flexible work hours","5 days a week"],"openings":"10"},{"url":"/internship/detail/web-development-part-time-job-internship-at-jaipur-in-apstia-llp1667556008","name":"Web Development","company":"Apstia LLP","location":"Jaipur","duration":"6 Months","stipend":"7,000 /month","applications":"Be an early applicant","skills":["Bootstrap","CSS","HTML","JavaScript","jQuery"],"perks":["Certificate","Letter of recommendation","Flexible work hours","Informal dress code","Job offer"],"openings":"2"},{"url":"/internship/detail/software-development-work-from-home-job-internship-at-dupont-sustainable-solutions1667555959","name":"Software Development","company":"DuPont Sustainable Solutions","location":"Work From Home","duration":"6 Months","stipend":"25,000 /month","applications":"69 applicants","skills":[],"perks":["Certificate","5 days a week"],"openings":"2"},{"url":"/internship/detail/web-development-internship-in-kolkata-patna-at-givni-private-limited1667550288","name":"Web Development","company":"Givni Private Limited","location":"Kolkata","duration":"3 Months","stipend":"3,000 /month + Incentives","applications":"Be an early applicant","skills":["Bootstrap","CSS","Email Marketing","English Proficiency (Spoken)","HTML","JavaScript","jQuery","MS-Excel","MySQL","Node.js","PHP","ReactJS","WordPress"],"perks":["Certificate","Letter of recommendation","Flexible work hours","Informal dress code","5 days a week"],"openings":"5"},{"url":"/internship/detail/quiz-curation-content-development-work-from-home-job-internship-at-purple-tutor1667628346","name":"Quiz Curation (Content Development)","company":"Purple Tutor","location":"Work From Home","duration":"2 Months","stipend":"7,000 /month","applications":"97 applicants","skills":[],"perks":[],"openings":"2"},{"url":"/internship/detail/software-development-internship-in-pune-at-aryaman-technologies-private-limited1667627318","name":"Software Development","company":"Aryaman Technologies Private Limited","location":"Pune","duration":"6 Months","stipend":"12,000-15,000 /month","applications":"Be an early applicant","skills":[".NET","C#","C#.NET","Unity 3D"],"perks":["Certificate","Flexible work hours"],"openings":"1"},{"url":"/internship/detail/react-native-work-from-home-job-internship-at-borgfy1667553563","name":"React Native","company":"Borgfy","location":"Work From Home","duration":"2 Months","stipend":"5,000 /month","applications":"Be an early applicant","skills":["Node.js","React Native","REST API"],"perks":["Certificate","Flexible work hours"],"openings":"2"},{"url":"/internship/detail/mobile-app-development-internship-in-nagpur-at-amika-softwares1667554589","name":"Mobile App Development","company":"Amika Softwares","location":"Nagpur","duration":"6 Months","stipend":"5,000 /month","applications":"Be an early applicant","skills":["Android","Firebase","Flutter","iOS","Java","Kotlin","Node.js","ReactJS","React Native","REST API"],"perks":["Certificate","Letter of recommendation","5 days a week","Free snacks & beverages"],"openings":"4"},{"url":"/internship/detail/web-development-work-from-home-job-internship-at-risee1667623178","name":"Web Development","company":"Risee","location":"Work From Home","duration":"3 Months","stipend":"7,500 /month","applications":"81 applicants","skills":["Bootstrap","CSS","HTML","JavaScript","MEAN/MERN Stack","MongoDB","Node.js","PHP","ReactJS","Redux","REST API","WordPress"],"perks":["Certificate","Letter of recommendation","Flexible work hours"],"openings":"1"},{"url":"/internship/detail/front-end-development-reactjs-work-from-home-job-internship-at-j-b-technologies1667594413","name":"Front End Development - ReactJS","company":"J&B Technologies","location":"Work From Home","duration":"2 Months","stipend":"5,000-20,000 /month","applications":"64 applicants","skills":["JavaScript","ReactJS","TypeScript"],"perks":["Certificate","Letter of recommendation","Flexible work hours"],"openings":"2"},{"url":"/internship/detail/image-and-signal-processing-internship-in-bangalore-at-euphotic-labs-private-limited1667486041","name":"Image And Signal Processing","company":"Euphotic Labs Private Limited","location":"Bangalore","duration":"6 Months","stipend":"15,000-25,000 /month","applications":"Be an early applicant","skills":["Computer Vision","Digital Signal Processing","Image Processing","OpenCV","Python"],"perks":["Certificate","Letter of recommendation","Flexible work hours","Informal dress code","Free snacks & beverages"],"openings":"1"},{"url":"/internship/detail/web-development-work-from-home-job-internship-at-revoir1667487286","name":"Web Development","company":"Revoir","location":"Work From Home","duration":"3 Months","stipend":"1,500 /month + Incentives","applications":"83 applicants","skills":["Golang","ReactJS"],"perks":["Flexible work hours","5 days a week"],"openings":"1"},{"url":"/internship/detail/web-development-work-from-home-job-internship-at-rudraksha-welfare-foundation1667583533","name":"Web Development","company":"Rudraksha Welfare Foundation","location":"Work From Home","duration":"2 Months","stipend":"1,100 /month","applications":"75 applicants","skills":["CSS","HTML","JavaScript","MySQL","PHP"],"perks":["Certificate","Letter of recommendation","Flexible work hours"],"openings":"2"},{"url":"/internship/detail/machine-learning-internship-in-bangalore-hyderabad-at-newgen-creations-private-limited1667582908","name":"Machine Learning","company":"Newgen Creations Private Limited","location":"Bangalore","duration":"2 Months","stipend":"2,000 /month","applications":"Be an early applicant","skills":["Machine Learning"],"perks":["Certificate","Letter of recommendation","Flexible work hours","Informal dress code","5 days a week","Free snacks & beverages"],"openings":"2"}]}