{"success":11,"failed":0,"internships":[{"url":"/internship/detail/company-secretary-cs-internship-in-multiple-locations-at-registration-arena1665481267","name":"Company Secretary (CS)","company":"Registration Arena","location":"Pune","duration":"24 Months","stipend":"4,000-5,000 /month","applications":"Be an early applicant","skills":["English Proficiency (Spoken)","English Proficiency (Written)","MS-Word"],"perks":["Certificate","Letter of recommendation","Flexible work hours"],"openings":"2"},{"url":"/internship/detail/company-secretary-cs-part-time-job-internship-at-delhi-in-youth-empowerment-foundation1667470307","name":"Company Secretary (CS)","company":"Youth Empowerment Foundation","location":"Delhi","duration":"3 Months","stipend":"Unpaid","applications":"Be an early applicant","skills":[],"perks":["Certificate","Letter of recommendation"],"openings":"10"},{"url":"/internship/detail/company-secretary-cs-internship-in-mumbai-at-kodo1667389744","name":"Company Secretary (CS)","company":"Kodo","location":"Mumbai","duration":"6 Months","stipend":"20,000-30,000 /month","applications":"Be an early applicant","skills":[],"perks":["Flexible work hours","5 days a week","Job offer"],"openings":"2"},{"url":"/internship/detail/company-secretary-cs-internship-in-jaipur-at-greentech-infra-private-limited1667374675","name":"Company Secretary (CS)","company":"Greentech Infra Private Limited","location":"Jaipur","duration":"24 Months","stipend":"8,000 /month","applications":"Be an early applicant","skills":["Accounting","English Proficiency (Spoken)","English Proficiency (Written)","MS-Office","MS-Word"],"perks":["Certificate","Flexible work hours"],"openings":"4"},{"url":"/internship/detail/company-secretary-cs-internship-in-multiple-locations-at-martand-legal-advisors1667369935","name":"Company Secretary (CS)","company":"Martand Legal Advisors","location":"Indore","duration":"24 Months","stipend":"6,000 /month","applications":"Be an early applicant","skills":["MS-Office"],"perks":["Certificate"],"openings":"5"},{"url":"/internship/detail/company-secretary-cs-internship-in-mumbai-at-aas-associates-company-secretaries1667299709","name":"Company Secretary (CS)","company":"AAS & Associates, Company Secretaries","location":"Mumbai","duration":"24 Months","stipend":"7,000-9,000 /month","applications":"Be an early applicant","skills":["MS-Office"],"perks":["Certificate","Letter of recommendation"],"openings":"3"},{"url":"/internship/detail/company-secretary-cs-internship-in-multiple-locations-at-mee-2-bee-smart-service-private-limited1667283424","name":"Company Secretary (CS)","company":"Mee 2 Bee Smart Service Private Limited","location":"Bharatpur","duration":"12 Months","stipend":"3,000-10,000 /month","applications":"Be an early applicant","skills":[],"perks":["Certificate","Letter of recommendation","Informal dress code"],"openings":"2"},{"url":"/internship/detail/company-secretary-cs-internship-in-delhi-at-jatalia-global-ventures-limited1667199270","name":"Company Secretary (CS)","company":"Jatalia Global Ventures Limited","location":"Delhi","duration":"24 Months","stipend":"8,000-12,000 /month","applications":"Be an early applicant","skills":["English Proficiency (Spoken)","English Proficiency (Written)","MS-Office","MS-Word"],"perks":["Certificate"],"openings":"4"},{"url":"/internship/detail/company-secretary-cs-internship-in-delhi-at-vivek-tiwari-company1667195047","name":"Company Secretary (CS)","company":"Vivek Tiwari & Company","location":"Delhi","duration":"12 Months","stipend":"6,000 /month","applications":"Be an early applicant","skills":["MS-Excel"],"perks":["Certificate"],"openings":"5"},{"url":"/internship/detail/company-secretary-cs-internship-in-delhi-at-hrps-associates1666950397","name":"Company Secretary (CS)","company":"HRPS & Associates","location":"Delhi","duration":"24 Months","stipend":"6,000 /month","applications":"Be an early applicant","skills":["English Proficiency (Written)","MS-Excel","MS-Word"],"perks":["Certificate","Letter of recommendation","Flexible work hours"],"openings":"2"},{"url":"/internship/detail/company-secretary-cs-internship-in-navi-mumbai-at-perfect-infraengineers-limited1666335066","name":"Company Secretary (CS)","company":"Perfect Infraengineers Limited","location":"Navi Mumbai","duration":"24 Months","stipend":"10,000 /month","applications":"Be an early applicant","skills":["English Proficiency (Spoken)","English Proficiency (Written)","MS-Office","MS-Word"],"perks":["Certificate","Letter of recommendation"],"openings":"1"}]}