{"success":40,"failed":0,"internships":[{"url":"/internship/detail/content-writing-work-from-home-job-internship-at-sportskeeda1667587697","name":"Content Writing","company":"Sportskeeda","location":"Work From Home","duration":"3 Months","stipend":"5,000-10,000 /month","applications":"219 applicants","skills":["Blogging","Creative Writing","English Proficiency (Spoken)","English Proficiency (Written)"],"perks":["Certificate"],"openings":"6"},{"url":"/internship/detail/social-media-marketing-part-time-job-internship-at-ghaziabad-in-fashion-tv-india1667570425","name":"Social Media Marketing","company":"Fashion TV India","location":"Ghaziabad","duration":"3 Months","stipend":"6,000 /month","applications":"Be an early applicant","skills":["Creative Writing","Digital Marketing","English Proficiency (Written)","Instagram Marketing","Search Engine Optimization (SEO)","Social Media Marketing"],"perks":["Certificate","Letter of recommendation","Informal dress code","Free snacks & beverages","Job offer"],"openings":"4"},{"url":"/internship/detail/content-writing-internship-in-noida-at-dr-apj-abdul-kalam-centre1667561906","name":"Content Writing","company":"Dr. A.P.J. Abdul Kalam Centre","location":"Noida","duration":"3 Months","stipend":"5,000-12,000 /month","applications":"Be an early applicant","skills":["Creative Writing","English Proficiency (Spoken)","English Proficiency (Written)"],"perks":["Certificate","Letter of recommendation","Informal dress code"],"openings":"6"},{"url":"/internship/detail/social-media-marketing-internship-in-chennai-at-saregama-india-limited1667454376","name":"Social Media Marketing","company":"Saregama India Limited","location":"Chennai","duration":"3 Months","stipend":"5,000-10,000 /month","applications":"Be an early applicant","skills":["English Proficiency (Spoken)","English Proficiency (Written)","Social Media Marketing"],"perks":["Certificate","Flexible work hours","5 days a week"],"openings":"1"},{"url":"/internship/detail/content-writing-internship-in-mumbai-at-economic-times-edge1667480371","name":"Content Writing","company":"Economic Times Edge","location":"Mumbai","duration":"3 Months","stipend":"5,000 /month","applications":"Be an early applicant","skills":["Blogging","Content Writing","Copywriting"],"perks":["Certificate","Informal dress code","5 days a week"],"openings":"3"},{"url":"/internship/detail/copywriting-internship-in-bangalore-at-vedantu-innovations-private-limited1667391278","name":"Copywriting","company":"Vedantu Innovations Private Limited","location":"Bangalore","duration":"3 Months","stipend":"20,000 /month","applications":"38 applicants","skills":["Copywriting"],"perks":["Certificate","Flexible work hours","Informal dress code"],"openings":"1"},{"url":"/internship/detail/content-writing-internship-in-mumbai-at-times-internet-limited1667384580","name":"Content Writing","company":"Times Internet Limited","location":"Mumbai","duration":"6 Months","stipend":"10,000 /month","applications":"Be an early applicant","skills":["Creative Writing","English Proficiency (Written)","Search Engine Optimization (SEO)"],"perks":["Certificate","Letter of recommendation"],"openings":"1"},{"url":"/internship/detail/content-writing-internship-in-delhi-mumbai-at-times-internet1667383987","name":"Content Writing","company":"Times Internet","location":"Delhi","duration":"6 Months","stipend":"7,000 /month","applications":"Be an early applicant","skills":["English Proficiency (Written)"],"perks":[],"openings":"1"},{"url":"/internship/detail/social-media-marketing-internship-in-mumbai-at-hungama-digital-media-entertainment-private-limited1667379953","name":"Social Media Marketing","company":"Hungama Digital Media Entertainment Private Limited","location":"Mumbai","duration":"3 Months","stipend":"5,000 /month","applications":"61 applicants","skills":["Creative Writing","Digital Marketing","English Proficiency (Spoken)","English Proficiency (Written)","Instagram Marketing","MS-Excel","Social Media Marketing"],"perks":["Certificate","Informal dress code"],"openings":"1"},{"url":"/internship/detail/operations-internship-in-mumbai-at-hungama-digital-media-entertainment-private-limited1667200706","name":"Operations","company":"Hungama Digital Media Entertainment Private Limited","location":"Mumbai","duration":"3 Months","stipend":"5,000 /month","applications":"84 applicants","skills":["English Proficiency (Spoken)","English Proficiency (Written)","MS-Excel","Social Media Marketing"],"perks":["Certificate","Letter of recommendation","Informal dress code"],"openings":"1"},{"url":"/internship/detail/digital-marketing-internship-in-mumbai-at-viscomm-360-communications-private-limited1667190502","name":"Digital Marketing","company":"VISCOMM 360 Communications Private Limited","location":"Mumbai","duration":"3 Months","stipend":"10,000-25,000 /month","applications":"Be an early applicant","skills":["Client Relationship","Digital Advertising","Digital Marketing","Display Advertising","English Proficiency (Spoken)","English Proficiency (Written)","Facebook Marketing","Instagram Marketing","Search Engine Marketing (SEM)","Social Media Marketing"],"perks":["Certificate","Letter of recommendation","Informal dress code","5 days a week","Free snacks & beverages"],"openings":"1"},{"url":"/internship/detail/digital-marketing-part-time-job-internship-at-thane-in-barista-cafe-academy1667036874","name":"Digital Marketing","company":"Barista Cafe Academy","location":"Thane","duration":"3 Months","stipend":"8,000 lump sum","applications":"Be an early applicant","skills":["Digital Marketing","English Proficiency (Spoken)","Facebook Marketing","Instagram Marketing","Search Engine Optimization (SEO)","Social Media Marketing"],"perks":["Certificate","Letter of recommendation","Flexible work hours","Informal dress code","5 days a week","Free snacks & beverages"],"openings":"1"},{"url":"/internship/detail/content-writing-work-from-home-job-internship-at-careers3601666869873","name":"Content Writing","company":"Careers360","location":"Work From Home","duration":"2 Months","stipend":"1,000 /month + Incentives","applications":"81 applicants","skills":["English Proficiency (Written)"],"perks":["Certificate","5 days a week"],"openings":"20"},{"url":"/internship/detail/social-media-marketing-internship-in-mumbai-at-economic-times-edge1666934163","name":"Social Media Marketing","company":"Economic Times Edge","location":"Mumbai","duration":"3 Months","stipend":"5,000 /month","applications":"168 applicants","skills":["Social Media Marketing"],"perks":["Certificate","Informal dress code","5 days a week"],"openings":"3"},{"url":"/internship/detail/c-development-qt-creation-work-from-home-job-internship-at-iit-bombay1666585857","name":"C++ Development (QT Creation)","company":"IIT Bombay","location":"Work From Home","duration":"6 Months","stipend":"1,000-2,000 /month","applications":"854 applicants","skills":["C++ Programming","C Programming","Data Structures"],"perks":["Certificate","Letter of recommendation","Flexible work hours","5 days a week"],"openings":"2"},{"url":"/internship/detail/social-media-marketing-internship-in-gurgaon-at-eazydiner1666338191","name":"Social Media Marketing","company":"EazyDiner","location":"Gurgaon","duration":"6 Months","stipend":"10,000 /month","applications":"47 applicants","skills":["Social Media Marketing"],"perks":[],"openings":"1"},{"url":"/internship/detail/fundraising-management-work-from-home-job-internship-at-simmi-foundation-organization1667586605","name":"Fundraising Management","company":"Simmi Foundation Organization","location":"Work From Home","duration":"2 Weeks","stipend":"500-2,500 /week","applications":"Be an early applicant","skills":["English Proficiency (Spoken)","English Proficiency (Written)","Hindi Proficiency (Spoken)"],"perks":["Certificate","Letter of recommendation","Flexible work hours","5 days a week"],"openings":"15"},{"url":"/internship/detail/social-media-marketing-work-from-home-job-internship-at-simmi-foundation-organization1667586277","name":"Social Media Marketing","company":"Simmi Foundation Organization","location":"Work From Home","duration":"2 Weeks","stipend":"500-2,000 /week","applications":"Be an early applicant","skills":["Content Marketing","English Proficiency (Spoken)","English Proficiency (Written)","Social Media Marketing"],"perks":["Certificate","Letter of recommendation","Flexible work hours","5 days a week"],"openings":"10"},{"url":"/internship/detail/business-growth-internship-in-gurgaon-at-cur81667549750","name":"Business Growth","company":"CUR8","location":"Gurgaon","duration":"3 Months","stipend":"15,000 /month","applications":"Be an early applicant","skills":["Business Analysis","Business Research"],"perks":["Job offer"],"openings":"2"},{"url":"/internship/detail/content-writing-internship-in-manali-at-uff-foods-private-limited1665658144","name":"Content Writing","company":"UFF Foods Private Limited","location":"Manali","duration":"3 Months","stipend":"5,000-8,000 /month","applications":"Be an early applicant","skills":["Blogging","Creative Writing","English Proficiency (Spoken)","English Proficiency (Written)","Search Engine Optimization (SEO)","Social Media Marketing"],"perks":["Certificate","Letter of recommendation","Flexible work hours"],"openings":"1"},{"url":"/internship/detail/content-writing-internship-in-noida-at-testprepkart1667478422","name":"Content Writing","company":"TestprepKart","location":"Noida","duration":"3 Months","stipend":"5,000 /month","applications":"Be an early applicant","skills":["Blogging","Creative Writing","Digital Marketing","English Proficiency (Spoken)","English Proficiency (Written)","Search Engine Optimization (SEO)","Social Media Marketing"],"perks":["Certificate","Letter of recommendation","Informal dress code","Free snacks & beverages"],"openings":"4"},{"url":"/internship/detail/content-writing-internship-in-chandigarh-at-the-browser1666850589","name":"Content Writing","company":"The Browser","location":"Chandigarh","duration":"6 Months","stipend":"13,000-15,000 /month","applications":"26 applicants","skills":["Creative Writing","English Proficiency (Written)","Market Research"],"perks":["Certificate","Letter of recommendation","Informal dress code","5 days a week","Free snacks & beverages","Job offer"],"openings":"2"},{"url":"/internship/detail/social-media-marketing-internship-in-noida-at-testprepkart1667391195","name":"Social Media Marketing","company":"TestprepKart","location":"Noida","duration":"3 Months","stipend":"5,000 /month","applications":"Be an early applicant","skills":["Digital Marketing","Email Marketing","Facebook Marketing","Instagram Marketing","Search Engine Marketing (SEM)","Search Engine Optimization (SEO)","Social Media Marketing"],"perks":["Certificate","Letter of recommendation","Informal dress code"],"openings":"2"},{"url":"/internship/detail/social-media-marketing-internship-in-jaipur-at-akrati-jewels-incorporation1667461297","name":"Social Media Marketing","company":"Akrati Jewels Incorporation","location":"Jaipur","duration":"3 Months","stipend":"10,000 /month","applications":"52 applicants","skills":["Digital Marketing","Facebook Marketing","Instagram Marketing","Search Engine Optimization (SEO)","Social Media Marketing"],"perks":["Certificate","Letter of recommendation","Informal dress code"],"openings":"6"},{"url":"/internship/detail/social-media-marketing-internship-in-noida-at-seventh-triangle-consulting1667305126","name":"Social Media Marketing","company":"Seventh Triangle Consulting","location":"Noida","duration":"3 Months","stipend":"10,000 /month","applications":"47 applicants","skills":["Email Marketing","Facebook Marketing","Google AdWords","Instagram Marketing"],"perks":["Certificate","5 days a week"],"openings":"4"},{"url":"/internship/detail/content-writing-internship-in-multiple-locations-at-omninos-technologies-international-private-limited1667026999","name":"Content Writing","company":"Omninos Technologies International Private Limited","location":"Mohali","duration":"3 Months","stipend":"10,000 /month","applications":"Be an early applicant","skills":["Blogging","Creative Writing","English Proficiency (Spoken)","English Proficiency (Written)","Search Engine Optimization (SEO)"],"perks":["Certificate","Letter of recommendation","Flexible work hours","Informal dress code","5 days a week"],"openings":"4"},{"url":"/internship/detail/social-media-marketing-internship-in-zirakpur-at-turn-around-school-consultants1666449244","name":"Social Media Marketing","company":"Turn Around School Consultants","location":"Zirakpur","duration":"2 Months","stipend":"6,000-8,000 /month","applications":"Be an early applicant","skills":["Creative Writing","Digital Marketing","Facebook Marketing","Social Media Marketing"],"perks":["Certificate","Letter of recommendation","Flexible work hours","Informal dress code","5 days a week"],"openings":"5"},{"url":"/internship/detail/digital-marketing-internship-in-faridabad-at-designmocha-breathing-crafts-private-limited1665665999","name":"Digital Marketing","company":"Designmocha (Breathing Crafts Private Limited)","location":"Faridabad","duration":"6 Months","stipend":"4,000-8,000 /month","applications":"Be an early applicant","skills":["Content Writing","Digital Marketing","Search Engine Optimization (SEO)"],"perks":["Certificate","Letter of recommendation","Informal dress code","Job offer"],"openings":"4"},{"url":"/internship/detail/copywriting-internship-in-delhi-at-purani-dili-talkies-llp1666079468","name":"Copywriting","company":"Purani Dili Talkies LLP","location":"Delhi","duration":"6 Months","stipend":"7,500 /month","applications":"55 applicants","skills":["Copywriting","English Proficiency (Spoken)","English Proficiency (Written)"],"perks":["Certificate","Letter of recommendation"],"openings":"2"},{"url":"/internship/detail/social-media-marketing-internship-in-gurgaon-at-pawzz1667472095","name":"Social Media Marketing","company":"Pawzz","location":"Gurgaon","duration":"3 Months","stipend":"15,000 /month","applications":"Be an early applicant","skills":["Content Writing","Copywriting","Digital Marketing","Email Marketing","English Proficiency (Spoken)","English Proficiency (Written)","Sales and Marketing","Search Engine Optimization (SEO)","Social Media Marketing","Video Editing"],"perks":["Certificate","Letter of recommendation","Job offer"],"openings":"2"},{"url":"/internship/detail/content-writing-internship-in-delhi-noida-at-algodom-media-llp1667452247","name":"Content Writing","company":"Algodom Media LLP","location":"Delhi","duration":"3 Months","stipend":"7,000 /month","applications":"Be an early applicant","skills":["Blogging","English Proficiency (Spoken)","English Proficiency (Written)","Search Engine Optimization (SEO)"],"perks":["Certificate","Informal dress code","5 days a week","Job offer"],"openings":"1"},{"url":"/internship/detail/social-media-marketing-instagram-internship-in-delhi-at-stirring-minds1667413133","name":"Social Media Marketing (Instagram)","company":"Stirring Minds","location":"Delhi","duration":"3 Months","stipend":"5,000-7,000 /month","applications":"32 applicants","skills":["Adobe Photoshop","Canva","Creative Writing","Video Editing","Video Making"],"perks":["Certificate","Informal dress code","Free snacks & beverages"],"openings":"2"},{"url":"/internship/detail/social-media-marketing-internship-in-delhi-at-stirring-minds1667413056","name":"Social Media Marketing","company":"Stirring Minds","location":"Delhi","duration":"2 Months","stipend":"5,000-10,000 /month","applications":"35 applicants","skills":["Creative Writing","Digital Marketing","Instagram Marketing","Social Media Marketing"],"perks":["Certificate","Letter of recommendation","Informal dress code","Free snacks & beverages"],"openings":"1"},{"url":"/internship/detail/copy-content-writing-internship-in-pune-at-cast-india1667360126","name":"Copy/Content Writing","company":"Cast India","location":"Pune","duration":"6 Months","stipend":"7,000 /month","applications":"31 applicants","skills":["Blogging","Creative Writing","Digital Marketing","English Proficiency (Spoken)","English Proficiency (Written)","Search Engine Optimization (SEO)","Social Media Marketing"],"perks":["Certificate","Letter of recommendation","5 days a week"],"openings":"3"},{"url":"/internship/detail/digital-marketing-internship-in-delhi-at-angels-virtual-world1667285772","name":"Digital Marketing","company":"Angels Virtual World","location":"Delhi","duration":"4 Months","stipend":"5,000 /month","applications":"Be an early applicant","skills":["Creative Writing","Digital Marketing","Email Marketing","English Proficiency (Spoken)","English Proficiency (Written)","Facebook Marketing","Instagram Marketing","Search Engine Marketing (SEM)","Search Engine Optimization (SEO)","Social Media Marketing"],"perks":["Certificate","Letter of recommendation","Informal dress code"],"openings":"2"},{"url":"/internship/detail/copywriting-internship-in-gurgaon-at-lecturenotes1667200368","name":"Copywriting","company":"LectureNotes","location":"Gurgaon","duration":"3 Months","stipend":"5,000-10,000 /month","applications":"64 applicants","skills":["Copywriting","Creative Writing","English Proficiency (Spoken)","English Proficiency (Written)"],"perks":[],"openings":"2"},{"url":"/internship/detail/copywriting-internship-in-mumbai-at-id8-media-solutions-private-limited1667462676","name":"Copywriting","company":"id8 Media Solutions Private Limited","location":"Mumbai","duration":"3 Months","stipend":"5,000 /month","applications":"Be an early applicant","skills":["Copywriting","Creative Writing","English Proficiency (Spoken)","English Proficiency (Written)"],"perks":["Certificate","5 days a week"],"openings":"5"},{"url":"/internship/detail/digital-marketing-email-whatsapp-internship-in-delhi-at-stirring-minds1667413042","name":"Digital Marketing (Email/WhatsApp)","company":"Stirring Minds","location":"Delhi","duration":"3 Months","stipend":"5,000 /month","applications":"Be an early applicant","skills":[],"perks":["Certificate","Letter of recommendation","Informal dress code","Free snacks & beverages"],"openings":"5"},{"url":"/internship/detail/digital-event-marketing-internship-in-delhi-at-stirring-minds1667413031","name":"Digital Event Marketing","company":"Stirring Minds","location":"Delhi","duration":"3 Months","stipend":"5,000-7,000 /month","applications":"Be an early applicant","skills":["Digital Marketing","Email Marketing","English Proficiency (Written)","Social Media Marketing"],"perks":["Certificate","Informal dress code","Free snacks & beverages"],"openings":"4"},{"url":"/internship/detail/content-writing-internship-in-delhi-at-opensense-labs-private-limited1667389592","name":"Content Writing","company":"OpenSense Labs Private Limited","location":"Delhi","duration":"6 Months","stipend":"10,000-15,000 /month","applications":"Be an early applicant","skills":[],"perks":["Certificate","Letter of recommendation","5 days a week","Free snacks & beverages"],"openings":"2"}]}