{"success":40,"failed":0,"internships":[{"url":"/internship/detail/copywriting-internship-in-bangalore-at-vedantu-innovations-private-limited1667391278","name":"Copywriting","company":"Vedantu Innovations Private Limited","location":"Bangalore","duration":"3 Months","stipend":"20,000 /month","applications":"38 applicants","skills":["Copywriting"],"perks":["Certificate","Flexible work hours","Informal dress code"],"openings":"1"},{"url":"/internship/detail/copy-content-writing-internship-in-pune-at-cast-india1667360126","name":"Copy/Content Writing","company":"Cast India","location":"Pune","duration":"6 Months","stipend":"7,000 /month","applications":"31 applicants","skills":["Blogging","Creative Writing","Digital Marketing","English Proficiency (Spoken)","English Proficiency (Written)","Search Engine Optimization (SEO)","Social Media Marketing"],"perks":["Certificate","Letter of recommendation","5 days a week"],"openings":"3"},{"url":"/internship/detail/copywriting-internship-in-delhi-at-purani-dili-talkies-llp1666079468","name":"Copywriting","company":"Purani Dili Talkies LLP","location":"Delhi","duration":"6 Months","stipend":"7,500 /month","applications":"55 applicants","skills":["Copywriting","English Proficiency (Spoken)","English Proficiency (Written)"],"perks":["Certificate","Letter of recommendation"],"openings":"2"},{"url":"/internship/detail/copywriting-internship-in-mumbai-at-id8-media-solutions-private-limited1667462676","name":"Copywriting","company":"id8 Media Solutions Private Limited","location":"Mumbai","duration":"3 Months","stipend":"5,000 /month","applications":"Be an early applicant","skills":["Copywriting","Creative Writing","English Proficiency (Spoken)","English Proficiency (Written)"],"perks":["Certificate","5 days a week"],"openings":"5"},{"url":"/internship/detail/copywriting-internship-in-gurgaon-at-lecturenotes1667200368","name":"Copywriting","company":"LectureNotes","location":"Gurgaon","duration":"3 Months","stipend":"5,000-10,000 /month","applications":"64 applicants","skills":["Copywriting","Creative Writing","English Proficiency (Spoken)","English Proficiency (Written)"],"perks":[],"openings":"2"},{"url":"/internship/detail/youtuber-content-writing-internship-in-gurgaon-at-internshala1667545949","name":"YouTuber (Content Writing)","company":"Internshala","location":"Gurgaon","duration":"6 Months","stipend":"20,000 /month","applications":"56 applicants","skills":["Copywriting","English Proficiency (Written)","Social Media Marketing"],"perks":["Certificate","Informal dress code","5 days a week","Job offer"],"openings":"1"},{"url":"/internship/detail/graphic-design-internship-in-noida-at-bomi-fortune-private-limited1667456614","name":"Graphic Design","company":"Bomi Fortune Private Limited","location":"Noida","duration":"3 Months","stipend":"2,000 /month + Incentives","applications":"Be an early applicant","skills":[],"perks":["Certificate","Letter of recommendation","Informal dress code","5 days a week"],"openings":"1"},{"url":"/internship/detail/content-writing-internship-in-mumbai-at-eduvanz-financing-private-limited1667470101","name":"Content Writing","company":"Eduvanz Financing Private Limited","location":"Mumbai","duration":"3 Months","stipend":"10,000 /month","applications":"Be an early applicant","skills":["English Proficiency (Spoken)","English Proficiency (Written)"],"perks":["Certificate","Informal dress code"],"openings":"5"},{"url":"/internship/detail/content-writing-internship-in-multiple-locations-at-brand-guru-insights-private-limited1667482960","name":"Content Writing","company":"Brand Guru Insights Private Limited","location":"Kollam","duration":"3 Months","stipend":"7,000 /month","applications":"Be an early applicant","skills":["Blogging","Creative Writing","English Proficiency (Written)","Social Media Marketing"],"perks":[],"openings":"1"},{"url":"/internship/detail/content-writing-internship-in-multiple-locations-at-expertrons1667455517","name":"Content Writing","company":"Expertrons","location":"Palghar","duration":"3 Months","stipend":"10,000-15,000 /month","applications":"Be an early applicant","skills":["Blogging","Creative Writing","Digital Marketing","English Proficiency (Spoken)","English Proficiency (Written)","Search Engine Optimization (SEO)","Social Media Marketing"],"perks":["Certificate","Letter of recommendation","Informal dress code","Free snacks & beverages","Job offer"],"openings":"4"},{"url":"/internship/detail/content-writing-work-from-home-job-internship-at-fidency-india-llp1667475562","name":"Content Writing","company":"Fidency India LLP","location":"Work From Home","duration":"2 Months","stipend":"5,000 lump sum","applications":"105 applicants","skills":["Blogging","Content Writing","English Proficiency (Written)"],"perks":["Certificate","Letter of recommendation","Flexible work hours","5 days a week","Job offer"],"openings":"3"},{"url":"/internship/detail/social-media-marketing-work-from-home-job-internship-at-ng-digital-solutions1667383051","name":"Social Media Marketing","company":"NG Digital Solutions","location":"Work From Home","duration":"3 Months","stipend":"5,000 /month + Incentives","applications":"48 applicants","skills":["Creative Writing","English Proficiency (Spoken)","English Proficiency (Written)","Instagram Marketing","Social Media Marketing"],"perks":["Certificate","Letter of recommendation","Flexible work hours","5 days a week","Job offer"],"openings":"2"},{"url":"/internship/detail/copywriting-internship-in-multiple-locations-at-the-digi-jugad1667471660","name":"Copywriting","company":"The Digi Jugad","location":"Bhilai","duration":"3 Months","stipend":"4,000-8,000 /month","applications":"Be an early applicant","skills":["Copywriting","Creative Writing","Digital Marketing","English Proficiency (Spoken)","English Proficiency (Written)","Search Engine Optimization (SEO)","Social Media Marketing"],"perks":["Certificate"],"openings":"4"},{"url":"/internship/detail/copy-editing-work-from-home-job-internship-at-the-bulletin-boards1667418121","name":"Copy Editing","company":"The Bulletin Boards","location":"Work From Home","duration":"6 Months","stipend":"1,000 /month + Incentives","applications":"65 applicants","skills":["English Proficiency (Written)","MS-Office"],"perks":["Certificate","Letter of recommendation"],"openings":"2"},{"url":"/internship/detail/digital-marketing-work-from-home-job-internship-at-jay-international1667410287","name":"Digital Marketing","company":"Jay International","location":"Work From Home","duration":"4 Months","stipend":"10,000-15,000 /month","applications":"34 applicants","skills":["Content Marketing","Content Writing","Copywriting","Creative Writing","Design Thinking","Digital Marketing","Email Marketing","Instagram Marketing","Social Media Marketing"],"perks":["Certificate","Letter of recommendation","Flexible work hours","Job offer"],"openings":"1"},{"url":"/internship/detail/copywriting-work-from-home-job-internship-at-toprankers-edtech-solutions-private-limited1667396281","name":"Copywriting","company":"TopRankers Edtech Solutions Private Limited","location":"Work From Home","duration":"3 Months","stipend":"7,000-8,000 /month","applications":"127 applicants","skills":["Copywriting","Creative Writing","English Proficiency (Spoken)","English Proficiency (Written)"],"perks":["Certificate","Letter of recommendation","Flexible work hours","5 days a week"],"openings":"10"},{"url":"/internship/detail/content-writing-internship-in-kolkata-at-webart-technology-private-limited1667392682","name":"Content Writing","company":"WebArt Technology Private Limited","location":"Kolkata","duration":"3 Months","stipend":"2,500-5,000 /month","applications":"Be an early applicant","skills":["Blogging","Creative Writing","Digital Marketing","English Proficiency (Spoken)","English Proficiency (Written)","Search Engine Optimization (SEO)","Social Media Marketing"],"perks":["Certificate","5 days a week"],"openings":"5"},{"url":"/internship/detail/copywriting-internship-in-delhi-at-social-tab1667459308","name":"Copywriting","company":"Social Tab","location":"Delhi","duration":"3 Months","stipend":"6,000-8,000 /month","applications":"Be an early applicant","skills":["Copywriting","Creative Writing","English Proficiency (Written)"],"perks":["Certificate","Letter of recommendation","Informal dress code","Free snacks & beverages"],"openings":"1"},{"url":"/internship/detail/copywriting-internship-in-multiple-locations-at-brand-mechanic-communications1667377254","name":"Copywriting","company":"Brand Mechanic Communications","location":"Delhi","duration":"3 Months","stipend":"7,000-10,000 /month","applications":"Be an early applicant","skills":[],"perks":["Certificate","Letter of recommendation","Informal dress code"],"openings":"2"},{"url":"/internship/detail/content-writing-work-from-home-job-internship-at-coconnexion-private-limited1667376462","name":"Content Writing","company":"CoConnexion Private Limited","location":"Work From Home","duration":"2 Months","stipend":"1,000 /month + Incentives","applications":"34 applicants","skills":["Content Writing"],"perks":["Certificate","Letter of recommendation"],"openings":"14"},{"url":"/internship/detail/copywriting-internship-in-mumbai-at-the-craft-tank1667382390","name":"Copywriting","company":"The Craft Tank","location":"Mumbai","duration":"3 Months","stipend":"5,000 /month","applications":"Be an early applicant","skills":["Copywriting","English Proficiency (Written)"],"perks":["Letter of recommendation","Flexible work hours","Informal dress code","5 days a week"],"openings":"1"},{"url":"/internship/detail/graphic-design-part-time-job-internship-at-mumbai-in-svasthya1667284632","name":"Graphic Design","company":"Svasthya","location":"Mumbai","duration":"1 Month","stipend":"2,000 /month","applications":"Be an early applicant","skills":["Canva","Design Thinking","Video Editing"],"perks":[],"openings":"1"},{"url":"/internship/detail/copywriting-work-from-home-job-internship-at-clay-tech-clay-logix-private-limited1667376560","name":"Copywriting","company":"Clay Tech (Clay Logix Private Limited)","location":"Work From Home","duration":"6 Months","stipend":"5,000 /month","applications":"Be an early applicant","skills":["Copywriting","Search Engine Optimization (SEO)"],"perks":["Certificate","Letter of recommendation","Flexible work hours","5 days a week"],"openings":"2"},{"url":"/internship/detail/copywriting-work-from-home-job-internship-at-improbrand-digital-private-limited1667371436","name":"Copywriting","company":"ImproBrand Digital Private Limited","location":"Work From Home","duration":"3 Months","stipend":"1,000 /month","applications":"Be an early applicant","skills":["Copywriting","Creative Writing","Digital Marketing","English Proficiency (Spoken)","English Proficiency (Written)","Search Engine Optimization (SEO)","Social Media Marketing"],"perks":["Certificate","Letter of recommendation","Flexible work hours","Job offer"],"openings":"5"},{"url":"/internship/detail/content-writing-work-from-home-job-internship-at-digital-india-leader1667282573","name":"Content Writing","company":"Digital India Leader","location":"Work From Home","duration":"5 Months","stipend":"3,000-5,000 /month","applications":"61 applicants","skills":["Copywriting","Creative Writing","English Proficiency (Written)"],"perks":["Certificate","Letter of recommendation","Flexible work hours"],"openings":"5"},{"url":"/internship/detail/digital-marketing-part-time-job-internship-at-dehradun-in-earthlab-club1667283162","name":"Digital Marketing","company":"Earthlab Club","location":"Dehradun","duration":"3 Months","stipend":"4,000 /month","applications":"Be an early applicant","skills":["Creative Writing","Digital Marketing","English Proficiency (Written)","Instagram Marketing"],"perks":["Letter of recommendation","Flexible work hours","Informal dress code"],"openings":"2"},{"url":"/internship/detail/copywriting-work-from-home-job-internship-at-appsierra-solutions-private-limited1667288343","name":"Copywriting","company":"AppSierra Solutions Private Limited","location":"Work From Home","duration":"3 Months","stipend":"10,000-12,000 /month","applications":"113 applicants","skills":["Copywriting","Creative Writing","English Proficiency (Written)","Social Media Marketing"],"perks":["Certificate","Letter of recommendation","Flexible work hours","Job offer"],"openings":"3"},{"url":"/internship/detail/copywriting-anime-manga-games-work-from-home-job-internship-at-epic-media-labs-llp1667285513","name":"Copywriting (Anime Manga/Games)","company":"Epic Media Labs LLP","location":"Work From Home","duration":"3 Months","stipend":"5,000-7,000 /month","applications":"90 applicants","skills":["American English","British English","Creative Writing","English Proficiency (Written)"],"perks":["Certificate","Letter of recommendation","Flexible work hours"],"openings":"4"},{"url":"/internship/detail/content-marketing-work-from-home-job-internship-at-across-the-globe-atg1667203269","name":"Content Marketing","company":"Across The Globe (ATG)","location":"Work From Home","duration":"4 Months","stipend":"2,500-5,000 /month","applications":"105 applicants","skills":["Content Marketing","Content Writing","Creative Writing","Email Marketing","English Proficiency (Written)","Social Media Marketing"],"perks":["Certificate","Letter of recommendation","Flexible work hours","5 days a week"],"openings":"5"},{"url":"/internship/detail/content-writing-internship-in-chennai-at-kepler-techno1667204663","name":"Content Writing","company":"Kepler Techno","location":"Chennai","duration":"4 Months","stipend":"8,000-12,000 /month","applications":"Be an early applicant","skills":["Content Writing","English Proficiency (Written)"],"perks":["Certificate","Flexible work hours","Job offer"],"openings":"1"},{"url":"/internship/detail/content-writing-internship-in-gurgaon-at-unicorn-tech-media1667198924","name":"Content Writing","company":"Unicorn Tech Media","location":"Gurgaon","duration":"3 Months","stipend":"10,000 /month","applications":"Be an early applicant","skills":["Blogging","Creative Writing","English Proficiency (Spoken)","English Proficiency (Written)","Social Media Marketing"],"perks":["Certificate","Job offer"],"openings":"2"},{"url":"/internship/detail/sales-script-writing-internship-in-bangalore-at-pereyan-llp1667197749","name":"Sales Script Writing","company":"Pereyan LLP","location":"Bangalore","duration":"6 Months","stipend":"5,000-15,000 /month","applications":"Be an early applicant","skills":["Content Marketing","Sales and Marketing"],"perks":[],"openings":"1"},{"url":"/internship/detail/content-writing-internship-in-noida-at-surgeup-technologies-private-limited1667191231","name":"Content Writing","company":"Surgeup Technologies Private Limited","location":"Noida","duration":"3 Months","stipend":"15,000-20,000 /month","applications":"Be an early applicant","skills":["Blogging","Creative Writing","English Proficiency (Written)","Search Engine Optimization (SEO)"],"perks":["Certificate","Letter of recommendation","Flexible work hours","Informal dress code","5 days a week","Job offer"],"openings":"3"},{"url":"/internship/detail/digital-marketing-internship-in-noida-at-modifyed-digital1666944442","name":"Digital Marketing","company":"Modifyed Digital","location":"Noida","duration":"3 Months","stipend":"5,000-10,000 /month","applications":"Be an early applicant","skills":[],"perks":["Certificate","Letter of recommendation","Flexible work hours"],"openings":"1"},{"url":"/internship/detail/content-writing-work-from-home-job-internship-at-minaash-retails-private-limited1666680156","name":"Content Writing","company":"Minaash Retails Private Limited","location":"Work From Home","duration":"3 Months","stipend":"5,000-15,000 lump sum","applications":"52 applicants","skills":["Blogging","Creative Writing","English Proficiency (Spoken)","English Proficiency (Written)","Social Media Marketing"],"perks":["Certificate","Letter of recommendation"],"openings":"3"},{"url":"/internship/detail/content-writing-internship-in-noida-at-sunesto-web-private-limited1667047510","name":"Content Writing","company":"Sunesto Web Private Limited","location":"Noida","duration":"6 Months","stipend":"8,000 /month + Incentives","applications":"Be an early applicant","skills":["Blogging","Creative Writing","Digital Marketing","English Proficiency (Spoken)","English Proficiency (Written)","Search Engine Optimization (SEO)","Social Media Marketing"],"perks":["Letter of recommendation"],"openings":"3"},{"url":"/internship/detail/content-writing-work-from-home-job-internship-at-pereyan-llp1666969428","name":"Content Writing","company":"Pereyan LLP","location":"Work From Home","duration":"6 Months","stipend":"4,000 /month","applications":"184 applicants","skills":["Blogging","Creative Writing","Digital Marketing","English Proficiency (Spoken)","English Proficiency (Written)","Search Engine Optimization (SEO)","Social Media Marketing"],"perks":["Certificate"],"openings":"1"},{"url":"/internship/detail/copywriting-work-from-home-job-internship-at-metricoid-technology-solutions-private-limited1667046621","name":"Copywriting","company":"Metricoid Technology Solutions Private Limited","location":"Work From Home","duration":"3 Months","stipend":"4,000 /month","applications":"127 applicants","skills":["Creative Writing","English Proficiency (Spoken)","English Proficiency (Written)"],"perks":["Certificate","Flexible work hours"],"openings":"4"},{"url":"/internship/detail/copywriting-work-from-home-job-internship-at-technix-infotech-llp1666955360","name":"Copywriting","company":"Technix Infotech LLP","location":"Work From Home","duration":"3 Months","stipend":"10,000 /month","applications":"Be an early applicant","skills":["Copywriting","Creative Writing","English Proficiency (Written)","Social Media Marketing"],"perks":["Certificate","Job offer"],"openings":"2"},{"url":"/internship/detail/scriptwriting-advertising-films-internship-in-noida-at-curinnov-services-private-limited1666967409","name":"Scriptwriting (Advertising Films)","company":"Curinnov Services Private Limited","location":"Noida","duration":"3 Months","stipend":"9,000 /month","applications":"Be an early applicant","skills":["Creative Writing","English Proficiency (Spoken)","English Proficiency (Written)","Hindi Proficiency (Written)","MS-PowerPoint","MS-Word"],"perks":["Letter of recommendation","Informal dress code"],"openings":"1"}]}