{"success":40,"failed":0,"internships":[{"url":"/internship/detail/film-writing-internship-in-delhi-at-purani-dili-talkies-llp1667571476","name":"Film Writing","company":"Purani Dili Talkies LLP","location":"Delhi","duration":"6 Months","stipend":"7,500 /month","applications":"Be an early applicant","skills":["English Proficiency (Spoken)","English Proficiency (Written)","Hindi Proficiency (Spoken)","Hindi Proficiency (Written)"],"perks":["Certificate","Letter of recommendation"],"openings":"6"},{"url":"/internship/detail/creative-writing-internship-in-delhi-at-rusk-media1667519823","name":"Creative Writing","company":"Rusk Media","location":"Delhi","duration":"3 Months","stipend":"7,000 /month","applications":"Be an early applicant","skills":["Creative Writing","English Proficiency (Written)","MS-Office"],"perks":["5 days a week"],"openings":"2"},{"url":"/internship/detail/hindi-script-writing-work-from-home-job-internship-at-bollygrad-studioz1667650964","name":"Hindi Script Writing","company":"Bollygrad Studioz","location":"Work From Home","duration":"6 Months","stipend":"3,500-5,000 /month","applications":"Be an early applicant","skills":["Content Writing","Creative Writing","English Proficiency (Spoken)","English Proficiency (Written)","Hindi Proficiency (Spoken)"],"perks":["Certificate","Letter of recommendation","Job offer"],"openings":"5"},{"url":"/internship/detail/academic-content-writing-finance-management-work-from-home-job-internship-at-legacy-research-solutions1667587658","name":"Academic Content Writing (Finance & Management)","company":"LEGACY Research Solutions","location":"Work From Home","duration":"3 Months","stipend":"10,000 /month","applications":"26 applicants","skills":["Accounting","English Proficiency (Written)","Financial Modeling","MS-Excel","MS-Office","MS-PowerPoint","MS-Word"],"perks":["Certificate","Letter of recommendation","Flexible work hours","Job offer"],"openings":"12"},{"url":"/internship/detail/game-movie-script-and-story-writing-work-from-home-job-internship-at-duke-and-clyde-innovation-center-private-limited1667546335","name":"Game/Movie Script And Story Writing","company":"Duke And Clyde Innovation Center Private Limited","location":"Work From Home","duration":"3 Months","stipend":"3,000 lump sum","applications":"Be an early applicant","skills":["Content Writing","Creative Writing"],"perks":["Certificate","Letter of recommendation","Flexible work hours","5 days a week"],"openings":"2"},{"url":"/internship/detail/content-creation-mental-health-awareness-work-from-home-job-internship-at-speak-your-mind-with-jatin1667460679","name":"Content Creation (Mental Health Awareness)","company":"Speak Your Mind With Jatin","location":"Work From Home","duration":"3 Months","stipend":"Unpaid","applications":"Be an early applicant","skills":["Acting Audition","Adobe Creative Suite","Audio Editing","Instagram Marketing","Video Editing"],"perks":["Certificate","Letter of recommendation","Flexible work hours","5 days a week"],"openings":"10"},{"url":"/internship/detail/fact-script-writing-youtube-content-writing-work-from-home-job-internship-at-itorics1667485510","name":"Fact Script Writing/YouTube Content Writing","company":"Itorics","location":"Work From Home","duration":"6 Months","stipend":"4,000-5,000 /month","applications":"73 applicants","skills":["Creative Writing","Hindi Proficiency (Spoken)","Hindi Proficiency (Written)"],"perks":["Certificate","Flexible work hours"],"openings":"2"},{"url":"/internship/detail/creative-writing-work-from-home-job-internship-at-the-bulletin-boards1667418224","name":"Creative Writing","company":"The Bulletin Boards","location":"Work From Home","duration":"6 Months","stipend":"2,100-2,200 /month","applications":"44 applicants","skills":["English Proficiency (Spoken)","English Proficiency (Written)"],"perks":["Certificate","Letter of recommendation","Job offer"],"openings":"4"},{"url":"/internship/detail/content-writing-internship-in-multiple-locations-at-lm-technologies1667386385","name":"Content Writing","company":"LM Technologies","location":"Chennai","duration":"1 Month","stipend":"12,000 /month","applications":"Be an early applicant","skills":["Blogging","Creative Writing","Digital Marketing","English Proficiency (Spoken)","English Proficiency (Written)","Search Engine Optimization (SEO)","Social Media Marketing"],"perks":["Certificate","Letter of recommendation","Informal dress code","5 days a week","Free snacks & beverages"],"openings":"2"},{"url":"/internship/detail/copywriting-internship-in-multiple-locations-at-brand-mechanic-communications1667377254","name":"Copywriting","company":"Brand Mechanic Communications","location":"Delhi","duration":"3 Months","stipend":"7,000-10,000 /month","applications":"Be an early applicant","skills":[],"perks":["Certificate","Letter of recommendation","Informal dress code"],"openings":"2"},{"url":"/internship/detail/content-writing-work-from-home-job-internship-at-kanchan-c1666373405","name":"Content Writing","company":"Kanchan C","location":"Work From Home","duration":"3 Months","stipend":"10,000 /month + Incentives","applications":"115 applicants","skills":["Content Writing","Creative Writing"],"perks":["Certificate","Letter of recommendation","Flexible work hours"],"openings":"2"},{"url":"/internship/detail/assistant-director-part-time-job-internship-at-delhi-noida-in-chilsag-entertainment-network1667380503","name":"Assistant Director","company":"Chilsag Entertainment Network","location":"Delhi","duration":"1 Month","stipend":"3,000 /month","applications":"26 applicants","skills":[],"perks":["Certificate","Letter of recommendation","Flexible work hours","5 days a week"],"openings":"2"},{"url":"/internship/detail/researching-script-writing-work-from-home-job-internship-at-science-of-space1667238804","name":"Researching & Script Writing","company":"Science Of Space","location":"Work From Home","duration":"3 Months","stipend":"3,000-5,000 /month","applications":"34 applicants","skills":["Content Writing","English Proficiency (Written)","Hindi Proficiency (Spoken)","Research and Analytics"],"perks":["Flexible work hours","5 days a week"],"openings":"2"},{"url":"/internship/detail/creative-writing-internship-in-delhi-at-isourse1667294722","name":"Creative Writing","company":"Isourse","location":"Delhi","duration":"6 Months","stipend":"15,000 /month","applications":"Be an early applicant","skills":["Creative Writing","English Proficiency (Spoken)","English Proficiency (Written)"],"perks":["Certificate","Letter of recommendation","Job offer"],"openings":"6"},{"url":"/internship/detail/digital-marketing-work-from-home-job-internship-at-emprego-india1666973035","name":"Digital Marketing","company":"Emprego India","location":"Work From Home","duration":"2 Months","stipend":"3,000 /month","applications":"61 applicants","skills":["Creative Writing","Digital Marketing","English Proficiency (Written)","Instagram Marketing"],"perks":["Certificate","Letter of recommendation","Flexible work hours"],"openings":"2"},{"url":"/internship/detail/scriptwriting-advertising-films-internship-in-noida-at-curinnov-services-private-limited1666967409","name":"Scriptwriting (Advertising Films)","company":"Curinnov Services Private Limited","location":"Noida","duration":"3 Months","stipend":"9,000 /month","applications":"Be an early applicant","skills":["Creative Writing","English Proficiency (Spoken)","English Proficiency (Written)","Hindi Proficiency (Written)","MS-PowerPoint","MS-Word"],"perks":["Letter of recommendation","Informal dress code"],"openings":"1"},{"url":"/internship/detail/video-presentation-video-creation-internship-in-noida-at-saarthi-eduventure-opc-private-limited1666966539","name":"Video Presentation/Video Creation","company":"Saarthi Eduventure (OPC) Private Limited","location":"Noida","duration":"3 Months","stipend":"10,000 /month","applications":"Be an early applicant","skills":[],"perks":["Certificate","5 days a week","Job offer"],"openings":"2"},{"url":"/internship/detail/webcomics-editing-internship-in-bangalore-at-pratilipi1666958012","name":"Webcomics Editing","company":"Pratilipi","location":"Bangalore","duration":"3 Months","stipend":"25,000-30,000 /month","applications":"Be an early applicant","skills":["Creative Writing","English Proficiency (Written)","Hindi Proficiency (Written)"],"perks":["Letter of recommendation","Flexible work hours","Informal dress code","5 days a week","Free snacks & beverages"],"openings":"2"},{"url":"/internship/detail/webcomics-writing-work-from-home-job-internship-at-pratilipi1666946428","name":"Webcomics Writing","company":"Pratilipi","location":"Work From Home","duration":"3 Months","stipend":"20,000-25,000 /month","applications":"63 applicants","skills":["Creative Writing","English Proficiency (Written)","Hindi Proficiency (Written)"],"perks":["Flexible work hours","5 days a week"],"openings":"2"},{"url":"/internship/detail/social-media-marketing-work-from-home-job-internship-at-pocket-diets1666885226","name":"Social Media Marketing","company":"Pocket Diets","location":"Work From Home","duration":"6 Months","stipend":"5,000 /month","applications":"73 applicants","skills":["Creative Writing","Digital Marketing","English Proficiency (Written)","Instagram Marketing","Social Media Marketing"],"perks":["Certificate","Letter of recommendation","Flexible work hours","Job offer"],"openings":"1"},{"url":"/internship/detail/content-writing-work-from-home-job-internship-at-study-rate1666883744","name":"Content Writing","company":"Study Rate","location":"Work From Home","duration":"2 Months","stipend":"500 /month + Incentives","applications":"33 applicants","skills":["Content Writing","Creative Writing","Search Engine Optimization (SEO)"],"perks":["Certificate","Flexible work hours","5 days a week"],"openings":"1"},{"url":"/internship/detail/creative-writing-work-from-home-job-internship-at-jobbox1666872610","name":"Creative Writing","company":"JobBox","location":"Work From Home","duration":"1 Month","stipend":"250 /week + Incentives","applications":"36 applicants","skills":["Creative Writing","English Proficiency (Spoken)","English Proficiency (Written)"],"perks":["Certificate","Letter of recommendation"],"openings":"20"},{"url":"/internship/detail/feature-writing-work-from-home-job-internship-at-the-daily-net1666870370","name":"Feature Writing","company":"The Daily Net","location":"Work From Home","duration":"3 Months","stipend":"10,000 /month","applications":"88 applicants","skills":[],"perks":["Certificate"],"openings":"3"},{"url":"/internship/detail/creative-writing-work-from-home-job-internship-at-marpu-foundation1666861852","name":"Creative Writing","company":"Marpu Foundation","location":"Work From Home","duration":"1 Week","stipend":"Unpaid","applications":"87 applicants","skills":[],"perks":["Certificate"],"openings":"350"},{"url":"/internship/detail/content-writing-work-from-home-job-internship-at-brightlife1666865258","name":"Content Writing","company":"Brightlife","location":"Work From Home","duration":"1 Month","stipend":"1,000 /month","applications":"173 applicants","skills":["Creative Writing","English Proficiency (Written)"],"perks":["Certificate","Flexible work hours"],"openings":"5"},{"url":"/internship/detail/content-writing-work-from-home-job-internship-at-delhi-food-walks1666806812","name":"Content Writing","company":"Delhi Food Walks","location":"Work From Home","duration":"6 Months","stipend":"2,000 /month + Incentives","applications":"58 applicants","skills":["Blogging","Creative Writing","Digital Marketing","English Proficiency (Spoken)","English Proficiency (Written)","Search Engine Optimization (SEO)","Social Media Marketing"],"perks":["Certificate","Flexible work hours","Job offer"],"openings":"4"},{"url":"/internship/detail/digital-marketing-internship-in-noida-at-sygnius-digital-private-limited1666802023","name":"Digital Marketing","company":"Sygnius Digital Private Limited","location":"Noida","duration":"3 Months","stipend":"6,000 /month","applications":"Be an early applicant","skills":["Creative Writing","Digital Marketing","Email Marketing","English Proficiency (Spoken)","English Proficiency (Written)","Facebook Marketing","Search Engine Marketing (SEM)","Search Engine Optimization (SEO)"],"perks":["Certificate","Letter of recommendation","Informal dress code","5 days a week","Free snacks & beverages"],"openings":"20"},{"url":"/internship/detail/ad-copy-work-from-home-job-internship-at-social-pill1666855916","name":"Ad Copy","company":"Social Pill","location":"Work From Home","duration":"3 Months","stipend":"5,000-7,000 /month","applications":"104 applicants","skills":["Copywriting"],"perks":["Certificate","5 days a week"],"openings":"1"},{"url":"/internship/detail/content-writing-work-from-home-job-internship-at-quaintec-it-private-limited1666800646","name":"Content Writing","company":"Quaintec IT Private Limited","location":"Work From Home","duration":"3 Months","stipend":"5,000 /month","applications":"62 applicants","skills":["Blogging","Creative Writing","English Proficiency (Written)"],"perks":["Certificate","Flexible work hours"],"openings":"3"},{"url":"/internship/detail/content-writing-work-from-home-job-internship-at-pahul-walia1665834832","name":"Content Writing","company":"Pahul Walia","location":"Work From Home","duration":"4 Weeks","stipend":"300 /week","applications":"81 applicants","skills":["Blogging","Content Writing","Creative Writing","English Proficiency (Spoken)","English Proficiency (Written)","Hindi Proficiency (Spoken)","Search Engine Optimization (SEO)"],"perks":["Letter of recommendation"],"openings":"1"},{"url":"/internship/detail/social-media-marketing-work-from-home-job-internship-at-brownskin-beauty1666789369","name":"Social Media Marketing","company":"BrownSkin Beauty","location":"Work From Home","duration":"3 Months","stipend":"5,000-7,000 /month","applications":"100 applicants","skills":["Creative Writing","Instagram Marketing","Social Media Marketing"],"perks":["Certificate","Letter of recommendation"],"openings":"1"},{"url":"/internship/detail/content-writing-internship-in-sahibzada-ajit-singh-nagar-chandigarh-at-klocrix-business-solutions-private-limited1666779987","name":"Content Writing","company":"Klocrix Business Solutions Private Limited","location":"Sahibzada Ajit Singh Nagar","duration":"3 Months","stipend":"8,000-10,000 /month","applications":"Be an early applicant","skills":["Creative Writing","English Proficiency (Spoken)","English Proficiency (Written)"],"perks":["Certificate","Letter of recommendation","Flexible work hours","Informal dress code","5 days a week","Free snacks & beverages"],"openings":"2"},{"url":"/internship/detail/creative-management-internship-in-mumbai-at-membrane-studios1666847006","name":"Creative Management","company":"Membrane Studios","location":"Mumbai","duration":"3 Months","stipend":"5,000 /month","applications":"Be an early applicant","skills":["Adobe After Effects","Adobe Illustrator","Project Management"],"perks":["Certificate","Letter of recommendation","Flexible work hours"],"openings":"1"},{"url":"/internship/detail/hindi-web-stories-content-writing-internship-in-noida-at-jagran-new-media1666765122","name":"Hindi Web Stories Content Writing","company":"Jagran New Media","location":"Noida","duration":"6 Months","stipend":"10,000 /month","applications":"74 applicants","skills":["Content Writing","Search Engine Optimization (SEO)"],"perks":["Certificate","Letter of recommendation","Flexible work hours","Informal dress code","Free snacks & beverages"],"openings":"3"},{"url":"/internship/detail/creative-and-production-assistant-internship-in-mumbai-at-ipix-movies1666726020","name":"Creative And Production Assistant","company":"Ipix Movies","location":"Mumbai","duration":"3 Months","stipend":"10,000 /month","applications":"48 applicants","skills":["Adobe Photoshop","Adobe Premiere Pro","Canva","MS-Excel","MS-Word"],"perks":["Letter of recommendation"],"openings":"1"},{"url":"/internship/detail/fashion-communication-internship-in-ahmedabad-at-gaatha--a-tale-of-crafts1666727093","name":"Fashion Communication","company":"Gaatha ~ A Tale Of Crafts","location":"Ahmedabad","duration":"2 Months","stipend":"6,000-8,000 /month","applications":"Be an early applicant","skills":["Adobe Photoshop"],"perks":["Certificate"],"openings":"1"},{"url":"/internship/detail/digital-marketing-work-from-home-job-internship-at-abeertech-private-limited1666698358","name":"Digital Marketing","company":"AbeerTech Private Limited","location":"Work From Home","duration":"6 Months","stipend":"7,000 /month","applications":"75 applicants","skills":["Creative Writing","Email Marketing","English Proficiency (Spoken)","English Proficiency (Written)","Social Media Marketing"],"perks":["Letter of recommendation","Flexible work hours"],"openings":"2"},{"url":"/internship/detail/academic-writing-internship-in-ludhiana-at-education-culture-private-limited1666695560","name":"Academic Writing","company":"Education Culture Private Limited","location":"Ludhiana","duration":"6 Months","stipend":"15,000-20,000 /month","applications":"Be an early applicant","skills":["Creative Writing","English Proficiency (Written)"],"perks":["Informal dress code"],"openings":"10"},{"url":"/internship/detail/content-writing-work-from-home-job-internship-at-bihog1666681308","name":"Content Writing","company":"Bihog","location":"Work From Home","duration":"3 Months","stipend":"2,000-4,000 /month","applications":"121 applicants","skills":["Creative Writing","English Proficiency (Written)","Search Engine Optimization (SEO)"],"perks":["Certificate","Letter of recommendation"],"openings":"4"},{"url":"/internship/detail/creative-writing-internship-in-mumbai-at-rusk-media1666684906","name":"Creative Writing","company":"Rusk Media","location":"Mumbai","duration":"3 Months","stipend":"7,000 /month","applications":"48 applicants","skills":["Creative Writing","English Proficiency (Written)","MS-Office"],"perks":["5 days a week"],"openings":"2"}]}