{"success":40,"failed":0,"internships":[{"url":"/internship/detail/marketing-internship-in-chennai-pondicherry-at-byjus-the-learning-app1667385933","name":"Marketing","company":"BYJU'S The Learning App","location":"Chennai","duration":"6 Months","stipend":"21,000 /month","applications":"Be an early applicant","skills":["Client Relationship","English Proficiency (Spoken)","English Proficiency (Written)","Tamil Proficiency (Spoken)"],"perks":["Certificate"],"openings":"15"},{"url":"/internship/detail/omni-sports-management-internship-in-noida-at-decathlon-sports-india-private-limited1666963023","name":"Omni Sports Management","company":"Decathlon Sports India Private Limited","location":"Noida","duration":"2 Months","stipend":"10,000 /month","applications":"49 applicants","skills":[],"perks":["Certificate","Flexible work hours","Informal dress code","5 days a week","Job offer"],"openings":"20"},{"url":"/internship/detail/marketing-internship-in-coimbatore-tiruppur-at-byjus1666861760","name":"Marketing","company":"BYJU'S","location":"Coimbatore","duration":"4 Months","stipend":"13,000 /month + Incentives","applications":"Be an early applicant","skills":[],"perks":["Certificate","Letter of recommendation"],"openings":"7"},{"url":"/internship/detail/marketing-internship-in-chennai-at-byjus-the-learning-app1666861789","name":"Marketing","company":"BYJU'S The Learning App","location":"Chennai","duration":"6 Months","stipend":"15,000 /month","applications":"Be an early applicant","skills":["English Proficiency (Spoken)","English Proficiency (Written)","Sales and Marketing","Tamil Proficiency (Spoken)"],"perks":["Certificate"],"openings":"12"},{"url":"/internship/detail/customer-success-work-from-home-job-internship-at-palk-street1667648156","name":"Customer Success","company":"Palk Street","location":"Work From Home","duration":"6 Months","stipend":"12,000-15,000 /month","applications":"Be an early applicant","skills":["Client Relationship","English Proficiency (Spoken)","Hindi Proficiency (Spoken)","MS-Excel","MS-Office"],"perks":["Certificate","Letter of recommendation"],"openings":"3"},{"url":"/internship/detail/admission-counseling-internship-in-delhi-at-unimonks1667390231","name":"Admission Counseling","company":"Unimonks","location":"Delhi","duration":"3 Months","stipend":"5,000-15,000 /month","applications":"Be an early applicant","skills":["English Proficiency (Spoken)"],"perks":["Certificate","Letter of recommendation"],"openings":"3"},{"url":"/internship/detail/customer-care-internship-in-delhi-at-stirring-minds1667413304","name":"Customer Care","company":"Stirring Minds","location":"Delhi","duration":"3 Months","stipend":"10,000-12,000 /month","applications":"Be an early applicant","skills":[],"perks":["Certificate","Informal dress code","Free snacks & beverages","Job offer"],"openings":"5"},{"url":"/internship/detail/user-support-internship-in-mumbai-at-faclon1667195345","name":"User Support","company":"Faclon","location":"Mumbai","duration":"3 Months","stipend":"10,000-13,000 /month","applications":"Be an early applicant","skills":["Internet of Things (IoT)","MS-Office"],"perks":["Certificate","Letter of recommendation","Job offer"],"openings":"3"},{"url":"/internship/detail/client-relations-internship-in-mumbai-at-uniacco1667308961","name":"Client Relations","company":"UniAcco","location":"Mumbai","duration":"6 Months","stipend":"25,000 /month","applications":"63 applicants","skills":["Client Relationship","English Proficiency (Spoken)","English Proficiency (Written)","MS-Excel"],"perks":["Certificate","Letter of recommendation","Flexible work hours","Informal dress code","5 days a week"],"openings":"20"},{"url":"/internship/detail/customer-service-telecommunication-internship-in-multiple-locations-at-tring1666948771","name":"Customer Service (Telecommunication)","company":"Tring","location":"Thane","duration":"3 Months","stipend":"8,500 /month","applications":"26 applicants","skills":["Client Relationship"],"perks":["Letter of recommendation","Flexible work hours","Informal dress code"],"openings":"6"},{"url":"/internship/detail/customer-support-internship-in-delhi-at-stirring-minds1667413251","name":"Customer Support","company":"Stirring Minds","location":"Delhi","duration":"3 Months","stipend":"15,000-18,000 /month","applications":"33 applicants","skills":[],"perks":["Certificate","Informal dress code","Free snacks & beverages","Job offer"],"openings":"6"},{"url":"/internship/detail/customer-service-internship-in-mumbai-at-aastey1667478644","name":"Customer Service","company":"Aastey","location":"Mumbai","duration":"3 Months","stipend":"8,000 /month","applications":"Be an early applicant","skills":["English Proficiency (Spoken)","Hindi Proficiency (Spoken)","MS-Excel","MS-Office"],"perks":["Certificate","Letter of recommendation","Informal dress code","Free snacks & beverages"],"openings":"1"},{"url":"/internship/detail/customer-support-internship-in-gurgaon-at-flyvheel-digital-solutions-private-limited1667538104","name":"Customer Support","company":"Flyvheel Digital Solutions Private Limited","location":"Gurgaon","duration":"3 Months","stipend":"10,000 /month","applications":"Be an early applicant","skills":["English Proficiency (Spoken)","English Proficiency (Written)","MS-Office"],"perks":["Certificate","Letter of recommendation","Informal dress code","Job offer"],"openings":"6"},{"url":"/internship/detail/bpo-internship-in-delhi-at-stirring-minds1667413114","name":"BPO","company":"Stirring Minds","location":"Delhi","duration":"3 Months","stipend":"10,000-12,000 /month","applications":"Be an early applicant","skills":[],"perks":["Certificate","Informal dress code","Free snacks & beverages","Job offer"],"openings":"5"},{"url":"/internship/detail/customer-service-internship-in-chennai-at-vr-derma-private-limited1667389144","name":"Customer Service","company":"VR DERMA Private Limited","location":"Chennai","duration":"6 Months","stipend":"20,000 /month + Incentives","applications":"37 applicants","skills":["English Proficiency (Spoken)","English Proficiency (Written)","Hindi Proficiency (Spoken)","MS-Excel","MS-Office","Social Media Marketing"],"perks":["Letter of recommendation","Job offer"],"openings":"3"},{"url":"/internship/detail/real-estate-sales-internship-in-mumbai-at-reflex-realty-llp1666929287","name":"Real Estate Sales","company":"Reflex Realty LLP","location":"Mumbai","duration":"6 Months","stipend":"8,000-10,000 /month","applications":"Be an early applicant","skills":["Sales and Marketing"],"perks":[],"openings":"5"},{"url":"/internship/detail/customer-relationship-internship-in-mumbai-at-save-eat-foods-private-limited1667016850","name":"Customer Relationship","company":"Save Eat Foods Private Limited","location":"Mumbai","duration":"3 Months","stipend":"11,000 /month","applications":"32 applicants","skills":["MS-Excel","MS-Office"],"perks":["Certificate","Letter of recommendation","Informal dress code","Free snacks & beverages"],"openings":"1"},{"url":"/internship/detail/customer-support-internship-in-multiple-locations-at-ytviews-digital-media-private-limited1667633771","name":"Customer Support","company":"YTViews Digital Media Private Limited","location":"Delhi","duration":"6 Months","stipend":"6,000-10,000 /month","applications":"Be an early applicant","skills":[],"perks":["Certificate","Letter of recommendation","Flexible work hours","5 days a week"],"openings":"10"},{"url":"/internship/detail/customer-service-internship-in-mumbai-at-nasher-miles1667569162","name":"Customer Service","company":"Nasher Miles","location":"Mumbai","duration":"4 Months","stipend":"12,000 /month","applications":"Be an early applicant","skills":["English Proficiency (Spoken)","English Proficiency (Written)"],"perks":["Certificate","Letter of recommendation","Informal dress code"],"openings":"2"},{"url":"/internship/detail/chat-call-operations-support-work-from-home-job-internship-at-transweb-global-incorporation1667563723","name":"Chat & Call Operations Support","company":"TransWeb Global Incorporation","location":"Work From Home","duration":"3 Months","stipend":"11,000 /month","applications":"83 applicants","skills":["English Proficiency (Spoken)","English Proficiency (Written)","MS-Office"],"perks":["Certificate"],"openings":"14"},{"url":"/internship/detail/customer-service-internship-in-multiple-locations-at-orgalus-overseas1667472024","name":"Customer Service","company":"Orgalus Overseas","location":"Ghaziabad","duration":"6 Months","stipend":"10,000-20,000 /month","applications":"Be an early applicant","skills":[],"perks":["Certificate","Letter of recommendation","Flexible work hours"],"openings":"20"},{"url":"/internship/detail/customer-service-work-from-home-job-internship-at-epoch-automation-private-limited1667545728","name":"Customer Service","company":"Epoch Automation Private Limited","location":"Work From Home","duration":"3 Months","stipend":"5,000 /month","applications":"62 applicants","skills":[],"perks":[],"openings":"2"},{"url":"/internship/detail/equity-dealing-internship-in-delhi-at-green-gain-financial-services-llp1667544705","name":"Equity Dealing","company":"GREEN GAIN FINANCIAL SERVICES LLP","location":"Delhi","duration":"1 Month","stipend":"10,000 /month + Incentives","applications":"Be an early applicant","skills":[],"perks":["Certificate"],"openings":"1"},{"url":"/internship/detail/telecalling-internship-in-delhi-at-green-gain-financial-services-llp1667544337","name":"Telecalling","company":"GREEN GAIN FINANCIAL SERVICES LLP","location":"Delhi","duration":"1 Month","stipend":"8,000 /month","applications":"Be an early applicant","skills":[],"perks":["Certificate"],"openings":"1"},{"url":"/internship/detail/customer-support-internship-in-navi-mumbai-belapur-at-gamprohealth-private-limited1667542845","name":"Customer Support","company":"Gamprohealth Private Limited","location":"Navi Mumbai","duration":"6 Months","stipend":"5,000-10,000 /month","applications":"Be an early applicant","skills":["English Proficiency (Spoken)","English Proficiency (Written)","MS-Office"],"perks":["Certificate"],"openings":"2"},{"url":"/internship/detail/customer-service-internship-in-noida-at-balj-services-private-limited1667540338","name":"Customer Service","company":"Balj Services Private Limited","location":"Noida","duration":"6 Months","stipend":"12,000-18,000 /month","applications":"Be an early applicant","skills":[],"perks":["Flexible work hours"],"openings":"20"},{"url":"/internship/detail/customer-service-work-from-home-job-internship-at-happimynd1667358881","name":"Customer Service","company":"HappiMynd","location":"Work From Home","duration":"6 Months","stipend":"3,000-5,000 /month","applications":"Be an early applicant","skills":[],"perks":["Certificate","Letter of recommendation","Flexible work hours"],"openings":"9"},{"url":"/internship/detail/customer-service-internship-in-multiple-locations-at-helloshoppy-helloshoppyin1667119787","name":"Customer Service","company":"HelloShoppy (HelloShoppy.in)","location":"Khammam","duration":"6 Months","stipend":"2,000-4,000 /month","applications":"Be an early applicant","skills":["English Proficiency (Spoken)","Hindi Proficiency (Spoken)","Kannada Proficiency (Spoken)","Malayalam Proficiency (Spoken)","Marathi Proficiency(Spoken)","MS-Office","Odia Proficiency(Spoken)","Punjabi Proficiency (Spoken)","Tamil Proficiency (Spoken)","Telugu Proficiency (Spoken)"],"perks":["Certificate","Flexible work hours","Job offer"],"openings":"10"},{"url":"/internship/detail/customer-support-internship-in-gurgaon-at-the-ayurveda-company1667459653","name":"Customer Support","company":"The Ayurveda Company","location":"Gurgaon","duration":"3 Months","stipend":"15,000 /month","applications":"Be an early applicant","skills":[],"perks":[],"openings":"1"},{"url":"/internship/detail/customer-success-internship-in-bangalore-at-pragyaam-data-technologies-private-limited1667480565","name":"Customer Success","company":"Pragyaam Data Technologies Private Limited","location":"Bangalore","duration":"3 Months","stipend":"15,000 /month","applications":"Be an early applicant","skills":["MS-Excel","SQL"],"perks":["Certificate","Letter of recommendation","Flexible work hours","Informal dress code","5 days a week"],"openings":"2"},{"url":"/internship/detail/customer-service-internship-in-mumbai-at-flo-mattress1667475044","name":"Customer Service","company":"Flo Mattress","location":"Mumbai","duration":"3 Months","stipend":"10,000 /month","applications":"Be an early applicant","skills":["English Proficiency (Spoken)","English Proficiency (Written)","MS-Excel","MS-Office"],"perks":["Certificate","Letter of recommendation","Flexible work hours","Informal dress code"],"openings":"5"},{"url":"/internship/detail/travel-tourism-internship-in-multiple-locations-at-baligotripscom1667410147","name":"Travel & Tourism","company":"Baligotrips.com","location":"Chennai","duration":"3 Months","stipend":"8,000-15,000 /month","applications":"31 applicants","skills":["English Proficiency (Spoken)","English Proficiency (Written)","MS-Excel"],"perks":["Certificate","Letter of recommendation","Job offer"],"openings":"3"},{"url":"/internship/detail/business-development-sales-internship-in-mumbai-at-fruth-foods-private-limited1667409028","name":"Business Development (Sales)","company":"Fruth Foods Private Limited","location":"Mumbai","duration":"3 Months","stipend":"2,000 /month + Incentives","applications":"Be an early applicant","skills":["Business Research","English Proficiency (Spoken)","Sales"],"perks":["Certificate","Letter of recommendation"],"openings":"1"},{"url":"/internship/detail/customer-service-sales-work-from-home-job-internship-at-arcatron-mobility-private-limited1667468677","name":"Customer Service & Sales","company":"Arcatron Mobility Private Limited","location":"Work From Home","duration":"6 Months","stipend":"10,000 /month","applications":"Be an early applicant","skills":["English Proficiency (Spoken)","Hindi Proficiency (Spoken)","Kannada Proficiency (Spoken)","MS-Excel","MS-Office","Tamil Proficiency (Spoken)","Telugu Proficiency (Spoken)"],"perks":["Certificate","Letter of recommendation"],"openings":"2"},{"url":"/internship/detail/customer-service-work-from-home-job-internship-at-goandamans1667467655","name":"Customer Service","company":"GoAndamans","location":"Work From Home","duration":"6 Months","stipend":"5,000 /month","applications":"31 applicants","skills":[],"perks":["Certificate","Letter of recommendation","Job offer"],"openings":"5"},{"url":"/internship/detail/customer-service-internship-in-surat-at-fuego-diamonds1667466412","name":"Customer Service","company":"Fuego Diamonds","location":"Surat","duration":"6 Months","stipend":"15,000 /month","applications":"Be an early applicant","skills":["English Proficiency (Spoken)","English Proficiency (Written)","Gujarati Proficiency (Spoken)","Hindi Proficiency (Spoken)","MS-Excel"],"perks":["Certificate","Letter of recommendation"],"openings":"2"},{"url":"/internship/detail/customer-support-work-from-home-job-internship-at-alippo1667462669","name":"Customer Support","company":"Alippo","location":"Work From Home","duration":"3 Months","stipend":"10,000-12,000 /month","applications":"54 applicants","skills":["English Proficiency (Spoken)","English Proficiency (Written)","Hindi Proficiency (Spoken)","Hindi Proficiency (Written)"],"perks":["Certificate","Letter of recommendation"],"openings":"2"},{"url":"/internship/detail/accounts-internship-in-mumbai-at-traininginbox-edtech-private-limited1667456846","name":"Accounts","company":"TrainingInbox Edtech Private Limited","location":"Mumbai","duration":"3 Months","stipend":"6,000-10,000 /month","applications":"Be an early applicant","skills":["Accounting"],"perks":["Flexible work hours","5 days a week"],"openings":"5"},{"url":"/internship/detail/customer-success-internship-in-bangalore-at-finshakti-solutions-private-limited1667455799","name":"Customer Success","company":"FinShakti Solutions Private Limited","location":"Bangalore","duration":"6 Months","stipend":"20,000-30,000 /month","applications":"Be an early applicant","skills":["English Proficiency (Spoken)","Hindi Proficiency (Spoken)"],"perks":["Certificate","Letter of recommendation","Flexible work hours","Informal dress code","5 days a week"],"openings":"2"},{"url":"/internship/detail/customer-success-internship-in-gurgaon-at-the-yellow-class1667455422","name":"Customer Success","company":"The Yellow Class","location":"Gurgaon","duration":"2 Months","stipend":"15,000 /month","applications":"Be an early applicant","skills":[],"perks":["Certificate","Letter of recommendation","Flexible work hours","Informal dress code","5 days a week","Free snacks & beverages"],"openings":"2"}]}