{"success":7,"failed":0,"internships":[{"url":"/internship/detail/networking-and-security-internship-in-jaipur-at-requin-solutions-private-limited1667553629","name":"Networking And Security","company":"Requin Solutions Private Limited","location":"Jaipur","duration":"6 Months","stipend":"8,000-12,000 /month","applications":"Be an early applicant","skills":["CCNA","Computer Networking"],"perks":[],"openings":"2"},{"url":"/internship/detail/cyber-security-internship-in-navi-mumbai-mumbai-at-cybernxt1667362949","name":"Cyber Security","company":"CyberNxt","location":"Navi Mumbai","duration":"6 Months","stipend":"12,000 /month","applications":"82 applicants","skills":["CCNA","Ethical Hacking","VAPT"],"perks":[],"openings":"10"},{"url":"/internship/detail/incident-response-internship-in-navi-mumbai-vashi-navi-mumbai-at-anzen-technologies-private-limited1667142541","name":"Incident Response","company":"Anzen Technologies Private Limited","location":"Navi Mumbai","duration":"6 Months","stipend":"15,000 /month","applications":"53 applicants","skills":[],"perks":["Certificate"],"openings":"5"},{"url":"/internship/detail/cyber-security-internship-in-pune-at-cyber-security-corporation1667201588","name":"Cyber Security","company":"Cyber Security Corporation","location":"Pune","duration":"6 Months","stipend":"2,000 /month","applications":"75 applicants","skills":["Computer Networking","Ethical Hacking","VAPT"],"perks":["Certificate","Flexible work hours","5 days a week"],"openings":"2"},{"url":"/internship/detail/cyber-security-internship-in-mumbai-at-cybernx-technologies-private-limited1666957820","name":"Cyber Security","company":"CyberNX Technologies Private Limited","location":"Mumbai","duration":"3 Months","stipend":"10,000 /month","applications":"183 applicants","skills":["Computer Networking","Ethical Hacking","VAPT","Web Application Security"],"perks":["Certificate","Flexible work hours","Free snacks & beverages","Job offer"],"openings":"4"},{"url":"/internship/detail/cyber-security-internship-in-pune-at-inorbvict-healthcare-india-private-limited1666936812","name":"Cyber Security","company":"Inorbvict Healthcare India Private Limited","location":"Pune","duration":"6 Months","stipend":"10,000 /month","applications":"74 applicants","skills":[],"perks":["Certificate","Letter of recommendation","Informal dress code"],"openings":"2"},{"url":"/internship/detail/internship-at-max-planck-institute1614338477","name":"Academic Research (Computer Science)","company":"Max Planck Institute","location":"Work From Home","duration":"3 Months","stipend":"Not provided","applications":"Be an early applicant","skills":[],"perks":[]}]}