{"success":18,"failed":0,"internships":[{"url":"/internship/detail/database-validation-internship-in-chennai-at-confederation-of-indian-industry-cii1667472555","name":"Database Validation","company":"Confederation Of Indian Industry (CII)","location":"Chennai","duration":"2 Months","stipend":"8,000 /month","applications":"Be an early applicant","skills":[],"perks":["Certificate"],"openings":"2"},{"url":"/internship/detail/law-legal-internship-in-delhi-at-mohit-khatri1667463144","name":"Law/Legal","company":"Mohit Khatri","location":"Delhi","duration":"1 Month","stipend":"3,000 /month","applications":"Be an early applicant","skills":["English Proficiency (Written)","Hindi Proficiency (Spoken)","MS-Office"],"perks":["Certificate","Flexible work hours"],"openings":"2"},{"url":"/internship/detail/business-development-sales-work-from-home-job-internship-at-wingfotech-private-limited1667538328","name":"Business Development (Sales)","company":"Wingfotech Private Limited","location":"Work From Home","duration":"2 Months","stipend":"10,000 lump sum + Incentives","applications":"Be an early applicant","skills":["Creative Writing","Digital Marketing","Email Marketing","English Proficiency (Spoken)","English Proficiency (Written)","MS-Excel","Social Media Marketing"],"perks":["Certificate","Letter of recommendation","Flexible work hours","Job offer"],"openings":"5"},{"url":"/internship/detail/database-building-management-work-from-home-job-internship-at-phygitallco1667308174","name":"Database Building/Management","company":"Phygitall.co","location":"Work From Home","duration":"6 Months","stipend":"2,000 /month","applications":"Be an early applicant","skills":["MS-Excel","MS-Office","MS-Word"],"perks":["Certificate","Letter of recommendation","Flexible work hours","5 days a week"],"openings":"4"},{"url":"/internship/detail/data-mining-marketing-research-internship-in-pune-at-polycrafts-tech-private-limited1667297282","name":"Data Mining/Marketing Research","company":"Polycrafts Tech Private Limited","location":"Pune","duration":"3 Months","stipend":"10,000 /month","applications":"Be an early applicant","skills":["Data Analytics","Research and Analytics"],"perks":["Certificate","Letter of recommendation","Flexible work hours","Informal dress code"],"openings":"1"},{"url":"/internship/detail/supply-chain-building-work-from-home-job-internship-at-vaeral-media1667210116","name":"Supply Chain Building","company":"Vaeral Media","location":"Work From Home","duration":"3 Months","stipend":"3,000 /month","applications":"Be an early applicant","skills":["MS-Excel"],"perks":["Certificate","Letter of recommendation","Flexible work hours","5 days a week"],"openings":"1"},{"url":"/internship/detail/data-analysis-work-from-home-job-internship-at-alphanumeric-ideas-private-limited1667190945","name":"Data Analysis","company":"Alphanumeric Ideas Private Limited","location":"Work From Home","duration":"2 Months","stipend":"1,500-3,000 /month","applications":"923 applicants","skills":["Business Analysis","Data Analytics"],"perks":["Certificate","Letter of recommendation","Flexible work hours","5 days a week","Job offer"],"openings":"10"},{"url":"/internship/detail/database-building-management-internship-in-delhi-at-longstays1666959276","name":"Database Building/Management","company":"Longstays","location":"Delhi","duration":"6 Months","stipend":"5,000-10,000 /month","applications":"Be an early applicant","skills":["Email Marketing","MS-Excel","MS-Office","MS-Word"],"perks":["Certificate","Letter of recommendation","Informal dress code","5 days a week","Free snacks & beverages","Job offer"],"openings":"4"},{"url":"/internship/detail/database-building-management-work-from-home-job-internship-at-ai-investment-technologies-inc1667111242","name":"Database Building/Management","company":"AI Investment Technologies Inc","location":"Work From Home","duration":"6 Months","stipend":"5,000-15,000 /month","applications":"230 applicants","skills":["Data Analytics","Data Science","Data Structures","Hadoop","MySQL"],"perks":["Certificate","Flexible work hours","5 days a week"],"openings":"1"},{"url":"/internship/detail/pre-sales-work-from-home-job-internship-at-prepca-eduserv-private-limited1667124891","name":"Pre-Sales","company":"Prepca Eduserv Private Limited","location":"Work From Home","duration":"6 Weeks","stipend":"3,000-6,000 /month","applications":"78 applicants","skills":["English Proficiency (Spoken)"],"perks":["Certificate","Letter of recommendation","Flexible work hours","Job offer"],"openings":"6"},{"url":"/internship/detail/data-research-data-entry-internship-in-noida-at-radiant-tech-solutions1666766946","name":"Data Research & Data Entry","company":"Radiant Tech Solutions","location":"Noida","duration":"2 Months","stipend":"4,000 /month","applications":"Be an early applicant","skills":["Data Analytics","English Proficiency (Spoken)","English Proficiency (Written)","MS-Office"],"perks":["Certificate","Letter of recommendation","Flexible work hours","Informal dress code"],"openings":"2"},{"url":"/internship/detail/research-analysis-internship-in-bangalore-at-tholons1666849710","name":"Research Analysis","company":"Tholons","location":"Bangalore","duration":"6 Months","stipend":"15,000 /month","applications":"53 applicants","skills":["English Proficiency (Spoken)","MS-Excel","MS-Office","MS-PowerPoint","MS-Word"],"perks":["Certificate","Letter of recommendation","Flexible work hours","Informal dress code","5 days a week","Free snacks & beverages","Job offer"],"openings":"2"},{"url":"/internship/detail/lead-generation-work-from-home-job-internship-at-corizo1666761290","name":"Lead Generation","company":"Corizo","location":"Work From Home","duration":"3 Months","stipend":"4,000-6,000 /month","applications":"37 applicants","skills":["Digital Marketing","Email Marketing","English Proficiency (Spoken)","English Proficiency (Written)","MS-Excel","MS-Office","Social Media Marketing"],"perks":["Certificate","Letter of recommendation","Flexible work hours"],"openings":"20"},{"url":"/internship/detail/database-building-management-work-from-home-job-internship-at-sapio-analytics1666860758","name":"Database Building/Management","company":"Sapio Analytics","location":"Work From Home","duration":"6 Months","stipend":"1,000 /month","applications":"51 applicants","skills":["MongoDB","Oracle","SQL"],"perks":["Certificate","Letter of recommendation","Flexible work hours","5 days a week"],"openings":"2"},{"url":"/internship/detail/database-building-management-work-from-home-job-internship-at-spottabl1666669260","name":"Database Building/Management","company":"Spottabl","location":"Work From Home","duration":"6 Months","stipend":"15,000 /month","applications":"206 applicants","skills":["English Proficiency (Spoken)","MS-Excel"],"perks":["Certificate","Letter of recommendation","5 days a week"],"openings":"1"},{"url":"/internship/detail/lead-database-management-internship-in-bangalore-at-paprika-maps1666614335","name":"Lead & Database Management","company":"Paprika MAPS","location":"Bangalore","duration":"3 Months","stipend":"2,000-5,000 /month","applications":"Be an early applicant","skills":["Data Analytics","MS-Excel","MS-PowerPoint","Research and Analytics"],"perks":["Certificate","Flexible work hours","Informal dress code","Job offer"],"openings":"1"},{"url":"/internship/detail/data-annotation-internship-in-noida-at-macgence-technologies-opc-private-limited1666500660","name":"Data Annotation","company":"Macgence Technologies (OPC) Private Limited","location":"Noida","duration":"4 Months","stipend":"12,000 /month","applications":"62 applicants","skills":["Audio Editing","Audio Making","English Proficiency (Spoken)","English Proficiency (Written)","MS-Excel","MS-Office","MS-PowerPoint","Video Editing"],"perks":["Certificate","Letter of recommendation","Flexible work hours"],"openings":"5"},{"url":"/internship/detail/business-analysis-work-from-home-job-internship-at-natwest-group1665744368","name":"Business Analysis","company":"NatWest Group","location":"Work From Home","duration":"6 Months","stipend":"45,000 /month","applications":"1000+ applicants","skills":["Accounting"],"perks":["Flexible work hours","5 days a week"],"openings":"10"}]}