{"success":40,"failed":0,"internships":[{"url":"/internship/detail/data-entry-internship-in-sonipat-sonepat-at-dough-one-sources-private-limited1665511456","name":"Data Entry","company":"Dough One Sources Private Limited","location":"Sonipat","duration":"6 Months","stipend":"10,000-12,000 /month","applications":"43 applicants","skills":["British English","Data Analytics","Email Marketing","English Proficiency (Spoken)","English Proficiency (Written)","MS-Excel","MS-Office","MS-PowerPoint","MS-Word","Power BI","Python"],"perks":["Certificate","Letter of recommendation"],"openings":"2"},{"url":"/internship/detail/data-entry-work-from-home-job-internship-at-alphanumeric-ideas-private-limited1667633208","name":"Data Entry","company":"Alphanumeric Ideas Private Limited","location":"Work From Home","duration":"2 Months","stipend":"1,500-3,000 /month","applications":"195 applicants","skills":["English Proficiency (Spoken)","English Proficiency (Written)","MS-Excel","MS-Office"],"perks":["Certificate","Letter of recommendation","Flexible work hours","5 days a week"],"openings":"8"},{"url":"/internship/detail/data-entry-work-from-home-job-internship-at-codenicely-software-services-llp1667586922","name":"Data Entry","company":"CodeNicely Software Services LLP","location":"Work From Home","duration":"6 Months","stipend":"5,000-10,000 /month","applications":"784 applicants","skills":["English Proficiency (Spoken)","English Proficiency (Written)","MS-Excel","MS-Office"],"perks":["Certificate","Letter of recommendation","Flexible work hours"],"openings":"4"},{"url":"/internship/detail/operations-internship-in-mumbai-at-apurva-natvar-parikh-group1667543779","name":"Operations","company":"Apurva Natvar Parikh Group","location":"Mumbai","duration":"3 Months","stipend":"10,000 /month","applications":"Be an early applicant","skills":["MS-Excel"],"perks":["Certificate"],"openings":"2"},{"url":"/internship/detail/data-entry-internship-in-mumbai-at-arin-consultancy-private-limited1667567736","name":"Data Entry","company":"Arin Consultancy Private Limited","location":"Mumbai","duration":"3 Months","stipend":"5,000 /month","applications":"Be an early applicant","skills":["MS-Excel","MS-Office","MS-Word"],"perks":["Letter of recommendation"],"openings":"3"},{"url":"/internship/detail/mis-internship-in-delhi-at-sparsh-india-couture1667537198","name":"MIS","company":"Sparsh India Couture","location":"Delhi","duration":"3 Months","stipend":"5,000-8,000 /month","applications":"Be an early applicant","skills":[],"perks":["Certificate","Letter of recommendation","Informal dress code","Free snacks & beverages"],"openings":"2"},{"url":"/internship/detail/data-entry-part-time-job-internship-at-delhi-in-tann-trim1667468618","name":"Data Entry","company":"TANN TRIM","location":"Delhi","duration":"6 Months","stipend":"3,000 /month","applications":"32 applicants","skills":["MS-Excel"],"perks":["Certificate","Letter of recommendation"],"openings":"2"},{"url":"/internship/detail/data-entry-internship-in-bangalore-at-ethereal-machines-private-limited1667385788","name":"Data Entry","company":"Ethereal Machines Private Limited","location":"Bangalore","duration":"1 Month","stipend":"10,000 /month","applications":"55 applicants","skills":["English Proficiency (Written)","MS-Excel","MS-Office"],"perks":["Certificate"],"openings":"2"},{"url":"/internship/detail/data-entry-work-from-home-job-internship-at-stirring-minds1667413152","name":"Data Entry","company":"Stirring Minds","location":"Work From Home","duration":"6 Months","stipend":"3,000-6,000 /month","applications":"1000+ applicants","skills":[],"perks":["Certificate","Letter of recommendation"],"openings":"10"},{"url":"/internship/detail/data-entry-part-time-job-internship-at-delhi-in-stirring-minds1667413050","name":"Data Entry","company":"Stirring Minds","location":"Delhi","duration":"6 Months","stipend":"3,000-6,000 /month","applications":"102 applicants","skills":[],"perks":["Certificate","Letter of recommendation","Informal dress code","Free snacks & beverages","Job offer"],"openings":"10"},{"url":"/internship/detail/research-data-internship-in-delhi-at-idreamcareer1667393488","name":"Research Data","company":"IDreamCareer","location":"Delhi","duration":"6 Months","stipend":"10,000 /month","applications":"78 applicants","skills":[],"perks":["Certificate","Informal dress code","5 days a week"],"openings":"2"},{"url":"/internship/detail/handwriting-and-data-entry-internship-in-jaipur-at-plush-media1667368697","name":"Handwriting And Data Entry","company":"Plush Media","location":"Jaipur","duration":"6 Months","stipend":"15,000 /month","applications":"Be an early applicant","skills":["Calligraphy","MS-Office"],"perks":["Flexible work hours"],"openings":"2"},{"url":"/internship/detail/operations-internship-in-mumbai-at-ufaber-edutech1667311573","name":"Operations","company":"UFaber Edutech","location":"Mumbai","duration":"3 Months","stipend":"10,000 /month","applications":"76 applicants","skills":["English Proficiency (Spoken)","English Proficiency (Written)","MS-Excel","MS-Office"],"perks":["Certificate","Letter of recommendation"],"openings":"10"},{"url":"/internship/detail/data-entry-accounting-internship-in-pune-at-consultaxx1667372640","name":"Data Entry & Accounting","company":"Consultaxx","location":"Pune","duration":"6 Months","stipend":"15,000 /month","applications":"54 applicants","skills":["Accounting","MS-Excel"],"perks":["Certificate","Letter of recommendation","Informal dress code","Job offer"],"openings":"5"},{"url":"/internship/detail/cataloging-part-time-job-internship-at-faridabad-in-xago1667305745","name":"Cataloging","company":"XAGO","location":"Faridabad","duration":"6 Months","stipend":"5,000 /month","applications":"Be an early applicant","skills":[],"perks":["Certificate","Letter of recommendation","Flexible work hours"],"openings":"1"},{"url":"/internship/detail/product-development-internship-in-multiple-locations-at-cojag1667366789","name":"Product Development","company":"Cojag","location":"Akola","duration":"6 Months","stipend":"2,000-5,000 /month","applications":"Be an early applicant","skills":[".NET","Amazon Web Services (AWS)","Cloud Computing","Data Analytics","Data Science","Java","Machine Learning","PHP","Python"],"perks":["Certificate","Letter of recommendation","Flexible work hours","Informal dress code","Job offer"],"openings":"25"},{"url":"/internship/detail/operations-internship-in-delhi-at-all-india-institute-of-local-self-government1667290045","name":"Operations","company":"All India Institute of Local Self-Government","location":"Delhi","duration":"2 Weeks","stipend":"5,000 /month","applications":"38 applicants","skills":["MS-Excel","MS-Word"],"perks":["Certificate","Letter of recommendation","Flexible work hours"],"openings":"4"},{"url":"/internship/detail/data-entry-internship-in-mumbai-at-infidigit-consultants-private-limited1667307501","name":"Data Entry","company":"Infidigit Consultants Private Limited","location":"Mumbai","duration":"6 Months","stipend":"10,000 /month","applications":"Be an early applicant","skills":["Data Analytics","HTML"],"perks":["Flexible work hours","5 days a week"],"openings":"3"},{"url":"/internship/detail/data-entry-internship-in-gurgaon-at-builderai1667291807","name":"Data Entry","company":"Builder.AI","location":"Gurgaon","duration":"3 Months","stipend":"10,000-20,000 /month","applications":"36 applicants","skills":["MS-Office"],"perks":["5 days a week"],"openings":"2"},{"url":"/internship/detail/zoho-analytics-development-excel-mis-reports-internship-in-mumbai-at-resitex1667303843","name":"Zoho Analytics Development & Excel MIS Reports","company":"Resitex","location":"Mumbai","duration":"2 Months","stipend":"15,000-30,000 /month","applications":"133 applicants","skills":["Business Analysis","Data Analytics","MS-Excel"],"perks":["Letter of recommendation","Flexible work hours"],"openings":"1"},{"url":"/internship/detail/data-mining-marketing-research-internship-in-pune-at-polycrafts-tech-private-limited1667297282","name":"Data Mining/Marketing Research","company":"Polycrafts Tech Private Limited","location":"Pune","duration":"3 Months","stipend":"10,000 /month","applications":"Be an early applicant","skills":["Data Analytics","Research and Analytics"],"perks":["Certificate","Letter of recommendation","Flexible work hours","Informal dress code"],"openings":"1"},{"url":"/internship/detail/data-entry-internship-in-mumbai-at-genext-students-private-limited1667204150","name":"Data Entry","company":"Genext Students Private Limited","location":"Mumbai","duration":"3 Months","stipend":"10,000 /month","applications":"55 applicants","skills":[],"perks":["Certificate"],"openings":"5"},{"url":"/internship/detail/data-entry-internship-in-delhi-at-prudential-biotech1667282486","name":"Data Entry","company":"Prudential Biotech","location":"Delhi","duration":"6 Months","stipend":"5,000 /month","applications":"Be an early applicant","skills":["Adobe Photoshop","English Proficiency (Spoken)","English Proficiency (Written)","MS-Excel","MS-Office"],"perks":["Certificate","Letter of recommendation","Flexible work hours"],"openings":"3"},{"url":"/internship/detail/data-entry-operations-part-time-job-internship-at-delhi-in-nexus-exhibitions-private-limited1667220573","name":"Data Entry Operations","company":"Nexus Exhibitions Private Limited","location":"Delhi","duration":"6 Months","stipend":"10,000-15,000 /month","applications":"200 applicants","skills":["MS-Excel","MS-Word"],"perks":["Informal dress code"],"openings":"2"},{"url":"/internship/detail/data-entry-internship-in-multiple-locations-at-healthtech-pivot-private-limited1667225595","name":"Data Entry","company":"Healthtech Pivot Private Limited","location":"Thane","duration":"4 Months","stipend":"5,000-10,000 /month","applications":"40 applicants","skills":["English Proficiency (Spoken)","English Proficiency (Written)"],"perks":["Certificate","Letter of recommendation"],"openings":"4"},{"url":"/internship/detail/feeding-data-on-excel-sheet-part-time-job-internship-at-kolkata-in-kalpana-enterprises1667219496","name":"Feeding Data On Excel Sheet","company":"Kalpana Enterprises","location":"Kolkata","duration":"6 Months","stipend":"5,000 /month","applications":"35 applicants","skills":["MS-Excel"],"perks":["Informal dress code","5 days a week"],"openings":"1"},{"url":"/internship/detail/admin-and-executive-assistance-internship-in-mumbai-at-inverted-sense1667203080","name":"Admin and Executive Assistance","company":"Inverted Sense","location":"Mumbai","duration":"6 Months","stipend":"5,000-11,000 /month","applications":"Be an early applicant","skills":["Accounting","MS-Excel","Tally"],"perks":["Certificate","Letter of recommendation","Informal dress code","Free snacks & beverages"],"openings":"2"},{"url":"/internship/detail/legal-data-management-internship-in-ahmedabad-at-tulja-estate-private-limited1667198028","name":"Legal Data Management","company":"Tulja Estate Private Limited","location":"Ahmedabad","duration":"2 Months","stipend":"5,500 /month","applications":"Be an early applicant","skills":["English Proficiency (Spoken)","English Proficiency (Written)","MS-Office"],"perks":["Certificate","Letter of recommendation"],"openings":"5"},{"url":"/internship/detail/data-entry-work-from-home-job-internship-at-risee1667136118","name":"Data Entry","company":"Risee","location":"Work From Home","duration":"3 Months","stipend":"2,500 /month","applications":"1000+ applicants","skills":["English Proficiency (Written)","MS-Excel","MS-Word"],"perks":["Certificate","Letter of recommendation","Flexible work hours"],"openings":"2"},{"url":"/internship/detail/data-analysis-work-from-home-job-internship-at-alphanumeric-ideas-private-limited1667190945","name":"Data Analysis","company":"Alphanumeric Ideas Private Limited","location":"Work From Home","duration":"2 Months","stipend":"1,500-3,000 /month","applications":"923 applicants","skills":["Business Analysis","Data Analytics"],"perks":["Certificate","Letter of recommendation","Flexible work hours","5 days a week","Job offer"],"openings":"10"},{"url":"/internship/detail/operations-smart-contract-development-work-from-home-job-internship-at-phoenix-international-holdings-group-inc1667190536","name":"Operations (Smart Contract Development)","company":"Phoenix International Holdings Group Inc.","location":"Work From Home","duration":"6 Months","stipend":"3,000 /month","applications":"66 applicants","skills":["Bootstrap","CSS","HTML","JavaScript","Node.js","ReactJS"],"perks":["Letter of recommendation"],"openings":"3"},{"url":"/internship/detail/data-entry-internship-in-chennai-at-shopsky-india-private-limited1667157912","name":"Data Entry","company":"Shopsky India Private Limited","location":"Chennai","duration":"1 Month","stipend":"15,000-30,000 /month","applications":"Be an early applicant","skills":["MS-Office"],"perks":["Certificate","Letter of recommendation","Informal dress code","Job offer"],"openings":"5"},{"url":"/internship/detail/vegan-outreach-internship-in-chandigarh-at-mowgliaid1667049068","name":"Vegan Outreach","company":"MowgliAid","location":"Chandigarh","duration":"2 Months","stipend":"Unpaid","applications":"Be an early applicant","skills":["Photography"],"perks":["Certificate","Letter of recommendation","Flexible work hours","Informal dress code"],"openings":"10"},{"url":"/internship/detail/data-annotation-work-from-home-job-internship-at-aimonk-labs-technology-limited1666946920","name":"Data Annotation","company":"AIMonk Labs Technology Limited","location":"Work From Home","duration":"3 Months","stipend":"7,000-10,000 /month","applications":"1000+ applicants","skills":["English Proficiency (Spoken)","English Proficiency (Written)","MS-Excel","MS-Word"],"perks":["Certificate","Flexible work hours","5 days a week"],"openings":"6"},{"url":"/internship/detail/typing-internship-in-multiple-locations-at-best-current-affairs-centre1666936849","name":"Typing","company":"Best Current Affairs Centre","location":"Chandigarh","duration":"1 Month","stipend":"10,000-12,000 /month","applications":"61 applicants","skills":[],"perks":["Certificate","Letter of recommendation","Informal dress code","5 days a week","Free snacks & beverages"],"openings":"1"},{"url":"/internship/detail/data-research-data-entry-internship-in-noida-at-radiant-tech-solutions1666766946","name":"Data Research & Data Entry","company":"Radiant Tech Solutions","location":"Noida","duration":"2 Months","stipend":"4,000 /month","applications":"Be an early applicant","skills":["Data Analytics","English Proficiency (Spoken)","English Proficiency (Written)","MS-Office"],"perks":["Certificate","Letter of recommendation","Flexible work hours","Informal dress code"],"openings":"2"},{"url":"/internship/detail/data-entry-internship-in-delhi-at-recombigen-laboratories-private-limited1666764040","name":"Data Entry","company":"Recombigen Laboratories Private Limited","location":"Delhi","duration":"3 Months","stipend":"8,000 /month","applications":"57 applicants","skills":["English Proficiency (Spoken)","English Proficiency (Written)","Hindi Proficiency (Written)","MS-Excel","MS-Office","MS-Word"],"perks":[],"openings":"5"},{"url":"/internship/detail/data-entry-work-from-home-job-internship-at-putatoe-technologies-private-limited1666869825","name":"Data Entry","company":"Putatoe Technologies Private Limited","location":"Work From Home","duration":"2 Months","stipend":"1,000-3,000 /month","applications":"1000+ applicants","skills":[],"perks":["Certificate","Letter of recommendation","Flexible work hours"],"openings":"2"},{"url":"/internship/detail/data-analysis-internship-in-tenali-hyderabad-at-padaayi1666845387","name":"Data Analysis","company":"Padaayi","location":"Tenali","duration":"2 Months","stipend":"2,500 /month","applications":"67 applicants","skills":["Mathematics","MATLAB","Python","R Programming","Statistics","Tableau"],"perks":["Certificate","Letter of recommendation","Flexible work hours","5 days a week"],"openings":"1"},{"url":"/internship/detail/backend-operations-internship-in-delhi-at-keemaya-overseas-education-services1666773420","name":"Backend Operations","company":"Keemaya Overseas Education Services","location":"Delhi","duration":"6 Months","stipend":"8,000 /month","applications":"Be an early applicant","skills":["English Proficiency (Spoken)","MS-Office"],"perks":["Letter of recommendation","Informal dress code","Job offer"],"openings":"1"}]}