{"success":40,"failed":0,"internships":[{"url":"/internship/detail/software-development-ai-ml-product-group-internship-in-noida-at-constems-ai-systems-private-limited1667563351","name":"Software Development (AI/ML Product Group)","company":"Constems-AI Systems Private Limited","location":"Noida","duration":"6 Months","stipend":"10,000 /month","applications":"Be an early applicant","skills":["Algorithms","Computer Vision","Data Structures","Deep Learning","Linux","Python"],"perks":["Certificate","Letter of recommendation","Informal dress code","Job offer"],"openings":"4"},{"url":"/internship/detail/business-analytics-work-from-home-job-internship-at-ozibook-tech-solutions-private-limited1667649645","name":"Business Analytics","company":"Ozibook Tech Solutions Private Limited","location":"Work From Home","duration":"2 Months","stipend":"1,000 /month","applications":"Be an early applicant","skills":["Business Research","Creative Writing"],"perks":["Certificate","Letter of recommendation","Flexible work hours"],"openings":"3"},{"url":"/internship/detail/ai-and-deep-learning-internship-in-roorkee-at-brainovative-labs-private-limited1667649255","name":"AI And Deep Learning","company":"Brainovative Labs Private Limited","location":"Roorkee","duration":"3 Months","stipend":"5,000 /month + Incentives","applications":"Be an early applicant","skills":["C++ Programming","Deep Learning","Machine Learning","Natural Language Processing (NLP)","Neural Networks","Python"],"perks":["Certificate","Letter of recommendation","Flexible work hours","Informal dress code"],"openings":"1"},{"url":"/internship/detail/machine-learning-internship-in-bangalore-hyderabad-at-newgen-creations-private-limited1667582908","name":"Machine Learning","company":"Newgen Creations Private Limited","location":"Bangalore","duration":"2 Months","stipend":"2,000 /month","applications":"Be an early applicant","skills":["Machine Learning"],"perks":["Certificate","Letter of recommendation","Flexible work hours","Informal dress code","5 days a week","Free snacks & beverages"],"openings":"2"},{"url":"/internship/detail/data-science-work-from-home-job-internship-at-shyena-tech-yarns-private-limited1667576738","name":"Data Science","company":"Shyena Tech Yarns Private Limited","location":"Work From Home","duration":"6 Months","stipend":"2,000 /month","applications":"68 applicants","skills":["Data Science","Deep Learning","Machine Learning","Natural Language Processing (NLP)","Python"],"perks":["Certificate","5 days a week"],"openings":"5"},{"url":"/internship/detail/teaching-python-machine-learning-work-from-home-job-internship-at-sure-trust1667575521","name":"Teaching (Python & Machine Learning)","company":"SURE Trust","location":"Work From Home","duration":"4 Months","stipend":"Unpaid","applications":"73 applicants","skills":["Machine Learning","Python"],"perks":["Certificate","Letter of recommendation","Flexible work hours"],"openings":"2"},{"url":"/internship/detail/business-analytics-and-development-work-from-home-job-internship-at-eminent-technologies-solutions1667570598","name":"Business Analytics And Development","company":"Eminent Technologies Solutions","location":"Work From Home","duration":"1 Month","stipend":"1,000 /month","applications":"103 applicants","skills":["Business Research","Machine Learning","Research and Analytics"],"perks":["Certificate","Letter of recommendation","Flexible work hours"],"openings":"2"},{"url":"/internship/detail/finance-internship-in-mumbai-at-chtrbox1667566727","name":"Finance","company":"Chtrbox","location":"Mumbai","duration":"3 Months","stipend":"5,000-12,000 /month","applications":"32 applicants","skills":["Data Analytics","MS-Excel","Tally"],"perks":["Certificate","Letter of recommendation","Informal dress code"],"openings":"3"},{"url":"/internship/detail/research-training-robotics-ai-work-from-home-job-internship-at-wingfotech-private-limited1667538491","name":"Research & Training (Robotics & AI)","company":"Wingfotech Private Limited","location":"Work From Home","duration":"3 Months","stipend":"5,000-12,000 /month","applications":"67 applicants","skills":["Android","Arduino","Atmel AVR","Data Science","English Proficiency (Spoken)","HTML","Internet of Things (IoT)","Machine Learning","MS-PowerPoint","Python"],"perks":["Certificate","Letter of recommendation","Flexible work hours","Job offer"],"openings":"3"},{"url":"/internship/detail/data-validation-internship-in-mumbai-at-accrete-llc1667560927","name":"Data Validation","company":"Accrete LLC","location":"Mumbai","duration":"3 Months","stipend":"10,000 /month","applications":"31 applicants","skills":["English Proficiency (Spoken)"],"perks":["Letter of recommendation","Flexible work hours","Informal dress code","5 days a week"],"openings":"6"},{"url":"/internship/detail/facebook-marketing-internship-in-multiple-locations-at-the-digi-jugad1667472573","name":"Facebook Marketing","company":"The Digi Jugad","location":"Bhilai","duration":"3 Months","stipend":"4,000-8,000 /month","applications":"Be an early applicant","skills":["Facebook Marketing"],"perks":["Certificate","Letter of recommendation"],"openings":"4"},{"url":"/internship/detail/data-science-machine-learning-part-time-job-internship-at-coimbatore-in-techvolt-software-private-limited1667555456","name":"Data Science (Machine Learning)","company":"Techvolt Software Private Limited","location":"Coimbatore","duration":"2 Months","stipend":"4,000 /month","applications":"Be an early applicant","skills":["C++ Programming","English Proficiency (Spoken)","Python"],"perks":["Certificate","Letter of recommendation","Flexible work hours","Job offer"],"openings":"10"},{"url":"/internship/detail/environmental-social-governance-internship-in-delhi-at-vmc-management-consulting-private-limited1667554033","name":"Environmental Social Governance","company":"VMC Management Consulting Private Limited","location":"Delhi","duration":"6 Months","stipend":"15,000 /month","applications":"Be an early applicant","skills":[],"perks":["Certificate"],"openings":"2"},{"url":"/internship/detail/data-science-internship-in-bangalore-mumbai-at-digite-infotech-private-limited1667552580","name":"Data Science","company":"Digite Infotech Private Limited","location":"Bangalore","duration":"3 Months","stipend":"17,000-20,000 /month","applications":"88 applicants","skills":["Artificial Intelligence","Data Science","Deep Learning","Flask","Natural Language Processing (NLP)","Python"],"perks":["Certificate","Flexible work hours","5 days a week","Job offer"],"openings":"2"},{"url":"/internship/detail/fullstack-development-ai-ml-work-from-home-job-internship-at-cybranex1667496918","name":"Fullstack Development (AI/ML)","company":"CybraneX","location":"Work From Home","duration":"3 Months","stipend":"2,500-3,500 /month","applications":"63 applicants","skills":["Computer Vision","CSS","Django","Git","HTML","Java","JavaScript","Natural Language Processing (NLP)","PHP","Python","ReactJS"],"perks":["Certificate","Letter of recommendation","Flexible work hours"],"openings":"2"},{"url":"/internship/detail/equity-trading-research-analysis-internship-in-multiple-locations-at-tstock-mantra-investments1667548980","name":"Equity Trading & Research Analysis","company":"TStock Mantra Investments","location":"Thane","duration":"3 Months","stipend":"7,000-9,000 /month","applications":"Be an early applicant","skills":["Research and Analytics","Stock Trading"],"perks":["Certificate","Flexible work hours","Informal dress code","Job offer"],"openings":"5"},{"url":"/internship/detail/data-science-internship-in-mumbai-at-trium-info-solutions-private-limited1667481052","name":"Data Science","company":"Trium Info Solutions Private Limited","location":"Mumbai","duration":"6 Months","stipend":"8,000 /month","applications":"32 applicants","skills":["Data Analytics","Hadoop","Image Processing","Machine Learning","Natural Language Processing (NLP)","Neural Networks","OpenCV","Python"],"perks":["Certificate","Job offer"],"openings":"4"},{"url":"/internship/detail/market-research-internship-in-mumbai-at-karmann1667460584","name":"Market Research","company":"Karmann","location":"Mumbai","duration":"3 Months","stipend":"7,500-10,000 /month","applications":"Be an early applicant","skills":["English Proficiency (Spoken)","English Proficiency (Written)","MS-Excel","MS-Office","MS-Word","Research and Analytics"],"perks":[],"openings":"1"},{"url":"/internship/detail/product-analysis-internship-in-bangalore-at-reward360-global-services-private-limited1667545252","name":"Product Analysis","company":"Reward360 Global Services Private Limited","location":"Bangalore","duration":"6 Months","stipend":"30,000 /month","applications":"40 applicants","skills":["Data Analytics","Deep Learning","Natural Language Processing (NLP)","Power BI","SAS","SQL","Tableau"],"perks":["Certificate","Informal dress code"],"openings":"4"},{"url":"/internship/detail/data-analytics-work-from-home-job-internship-at-leverage-edu1667457735","name":"Data Analytics","company":"Leverage Edu","location":"Work From Home","duration":"3 Months","stipend":"5,000 /month","applications":"152 applicants","skills":["Data Analytics","Research and Analytics"],"perks":["Flexible work hours"],"openings":"7"},{"url":"/internship/detail/research-development-work-from-home-job-internship-at-findem1667541674","name":"Research Development","company":"Findem","location":"Work From Home","duration":"6 Months","stipend":"8,000-10,000 /month","applications":"61 applicants","skills":["MS-Excel","Research and Analytics"],"perks":["Certificate","Letter of recommendation","Flexible work hours","5 days a week"],"openings":"2"},{"url":"/internship/detail/data-analysis-data-science-internship-in-guwahati-at-primary-healthtech1667461643","name":"Data Analysis/Data Science","company":"Primary Healthtech","location":"Guwahati","duration":"6 Months","stipend":"5,000-10,000 /month","applications":"29 applicants","skills":["Data Analytics","MS-Excel","MS-PowerPoint","Python","Research and Analytics","R Programming","SQL"],"perks":["Certificate","Letter of recommendation","Informal dress code","Job offer"],"openings":"3"},{"url":"/internship/detail/data-science-internship-in-bangalore-at-betterplace1667540748","name":"Data Science","company":"BetterPlace","location":"Bangalore","duration":"4 Months","stipend":"50,000 /month","applications":"68 applicants","skills":[],"perks":["Certificate","Flexible work hours","Informal dress code","5 days a week"],"openings":"1"},{"url":"/internship/detail/growth-hacking-internship-in-multiple-locations-at-expertrons1667537382","name":"Growth Hacking","company":"Expertrons","location":"Palghar","duration":"3 Months","stipend":"7,000-10,000 /month","applications":"29 applicants","skills":[],"perks":["Certificate","Letter of recommendation","Informal dress code","Free snacks & beverages","Job offer"],"openings":"3"},{"url":"/internship/detail/research-analyst-work-from-home-job-internship-at-virtue-market-research1667534862","name":"Research Analyst","company":"Virtue Market Research","location":"Work From Home","duration":"6 Months","stipend":"7,000 /month","applications":"69 applicants","skills":["Business Research","Content Writing","English Proficiency (Spoken)","English Proficiency (Written)","Research and Analytics"],"perks":["Certificate","Letter of recommendation","Flexible work hours","5 days a week","Job offer"],"openings":"10"},{"url":"/internship/detail/business-analytics-internship-in-multiple-locations-at-probyto-ai1667504748","name":"Business Analytics","company":"Probyto AI","location":"Delhi","duration":"6 Months","stipend":"10,000 /month","applications":"Be an early applicant","skills":["Business Analysis","Business Research","Data Analytics","English Proficiency (Written)","MS-Excel"],"perks":["Certificate","Letter of recommendation"],"openings":"2"},{"url":"/internship/detail/data-science-work-from-home-job-internship-at-skillbit1667487920","name":"Data Science","company":"SkillBit","location":"Work From Home","duration":"6 Months","stipend":"5,000 /month","applications":"227 applicants","skills":["Machine Learning","Python"],"perks":["Certificate","Letter of recommendation","Flexible work hours","5 days a week","Job offer"],"openings":"3"},{"url":"/internship/detail/data-analytics-internship-in-jaipur-at-nexus-waters1667480843","name":"Data Analytics","company":"Nexus Waters","location":"Jaipur","duration":"3 Months","stipend":"3,000 /month","applications":"Be an early applicant","skills":["Data Analytics"],"perks":["Certificate","Letter of recommendation"],"openings":"4"},{"url":"/internship/detail/machine-learning-work-from-home-job-internship-at-feynn-labs1667472123","name":"Machine Learning","company":"Feynn Labs","location":"Work From Home","duration":"2 Months","stipend":"5,000 lump sum","applications":"198 applicants","skills":["Data Analytics","Data Science","Deep Learning","Machine Learning","Python"],"perks":["Certificate","Letter of recommendation","Flexible work hours"],"openings":"20"},{"url":"/internship/detail/data-analytics-internship-in-chennai-at-positive-integers1667470313","name":"Data Analytics","company":"Positive Integers","location":"Chennai","duration":"4 Months","stipend":"10,000-12,000 /month","applications":"62 applicants","skills":[],"perks":["Certificate","Letter of recommendation","Informal dress code","5 days a week"],"openings":"2"},{"url":"/internship/detail/teaching-data-structure-and-algorithms-work-from-home-job-internship-at-inspire-educare1667466595","name":"Teaching (Data Structure And Algorithms)","company":"INSPIRE EDUCARE","location":"Work From Home","duration":"1 Month","stipend":"1,000 /month","applications":"Be an early applicant","skills":["C++ Programming","Data Structures"],"perks":["Certificate","Flexible work hours"],"openings":"5"},{"url":"/internship/detail/finance-analytics-internship-in-mumbai-at-credence-analytics1667461255","name":"Finance Analytics","company":"Credence Analytics","location":"Mumbai","duration":"6 Months","stipend":"15,000 /month","applications":"77 applicants","skills":["Financial literacy","MS-Excel","Python","SQL"],"perks":["Certificate","Letter of recommendation","Flexible work hours","Informal dress code","5 days a week"],"openings":"10"},{"url":"/internship/detail/management-training-sales-marketing-work-from-home-job-internship-at-plan-my-health1667460717","name":"Management Training (Sales Marketing)","company":"Plan My Health","location":"Work From Home","duration":"4 Months","stipend":"3,000-5,000 /month","applications":"28 applicants","skills":["Accounting","Data Analytics","MS-Excel","MS-Office"],"perks":["Certificate","Letter of recommendation","Flexible work hours"],"openings":"5"},{"url":"/internship/detail/financial-analysis-internship-in-multiple-locations-at-ruby-capital1667386822","name":"Financial Analysis","company":"Ruby Capital","location":"Pune","duration":"3 Months","stipend":"10,000 /month","applications":"86 applicants","skills":[],"perks":["Certificate","Flexible work hours","5 days a week"],"openings":"4"},{"url":"/internship/detail/content-research-work-from-home-job-internship-at-therightdoctors1667378522","name":"Content Research","company":"TheRightDoctors","location":"Work From Home","duration":"6 Months","stipend":"5,000 /month","applications":"43 applicants","skills":[],"perks":["Certificate","Flexible work hours"],"openings":"2"},{"url":"/internship/detail/financial-analysis-internship-in-multiple-locations-at-realval-private-limited1667456145","name":"Financial Analysis","company":"Realval Private Limited","location":"Faridabad","duration":"2 Months","stipend":"10,000 /month","applications":"54 applicants","skills":["Financial Modeling","MS-Excel","MS-PowerPoint"],"perks":["Certificate","Letter of recommendation","5 days a week","Job offer"],"openings":"1"},{"url":"/internship/detail/data-analytics-internship-in-indore-at-cast-india1667385971","name":"Data Analytics","company":"Cast India","location":"Indore","duration":"3 Months","stipend":"6,000 /month","applications":"110 applicants","skills":["Data Analytics","Google Analytics","MS-Excel","Python"],"perks":["Certificate","Letter of recommendation","Flexible work hours","Informal dress code","5 days a week","Free snacks & beverages"],"openings":"2"},{"url":"/internship/detail/business-analytics-internship-in-jaipur-at-techno-derivation1667453842","name":"Business Analytics","company":"Techno Derivation","location":"Jaipur","duration":"3 Months","stipend":"6,000 /month","applications":"Be an early applicant","skills":["English Proficiency (Spoken)","English Proficiency (Written)","MS-Excel","Research and Analytics"],"perks":["Certificate"],"openings":"5"},{"url":"/internship/detail/business-analyst-internship-in-mumbai-at-route-to-smile-healthcare-private-limited1667382591","name":"Business Analyst","company":"Route To Smile Healthcare Private Limited","location":"Mumbai","duration":"6 Months","stipend":"5,000-12,000 /month","applications":"Be an early applicant","skills":["Accounting","Business Analysis","Business Research","English Proficiency (Spoken)","English Proficiency (Written)","MS-Excel","MS-Office","MS-PowerPoint","MS-Word","Recruitment","Sales and Marketing","Social Media Marketing","Tally"],"perks":["Certificate","Letter of recommendation","Flexible work hours","Informal dress code"],"openings":"2"},{"url":"/internship/detail/marketing-internship-in-kolkata-at-quantta-analytics1667377350","name":"Marketing","company":"Quantta Analytics","location":"Kolkata","duration":"3 Months","stipend":"8,000 /month","applications":"Be an early applicant","skills":["Digital Marketing","Email Marketing","MS-Office","Sales and Marketing","Social Media Marketing"],"perks":["Certificate","Flexible work hours","Informal dress code"],"openings":"1"}]}