{"success":9,"failed":0,"internships":[{"url":"/internship/detail/nutrition-consultancy-work-from-home-job-internship-at-swap-dietetics-private-limited1667635155","name":"Nutrition Consultancy","company":"Swap Dietetics Private Limited","location":"Work From Home","duration":"3 Months","stipend":"5,000 /month","applications":"31 applicants","skills":[],"perks":["Certificate","Flexible work hours","5 days a week"],"openings":"3"},{"url":"/internship/detail/fitness-nutrition-internship-in-mumbai-navi-mumbai-at-prajna-self-care1667557523","name":"Fitness & Nutrition","company":"Prajna Self Care","location":"Mumbai","duration":"3 Months","stipend":"7,000-10,000 /month","applications":"Be an early applicant","skills":["MS-Excel","MS-Office","MS-PowerPoint","MS-Word"],"perks":["Certificate","Letter of recommendation","5 days a week"],"openings":"2"},{"url":"/internship/detail/nutrition-dietetics-internship-in-multiple-locations-at-food-safety-services1667551098","name":"Nutrition & Dietetics","company":"Food Safety Services","location":"Aurangabad","duration":"6 Months","stipend":"7,000 /month","applications":"Be an early applicant","skills":["English Proficiency (Spoken)","Marathi Proficiency(Written)"],"perks":["Certificate"],"openings":"100"},{"url":"/internship/detail/digital-marketing-nutrition-and-fitness-work-from-home-job-internship-at-rbfwg1667489086","name":"Digital Marketing (Nutrition and Fitness)","company":"RBFWG","location":"Work From Home","duration":"3 Months","stipend":"5,900 lump sum + Incentives","applications":"Be an early applicant","skills":["Adobe Photoshop","Canva","MS-Excel","MS-PowerPoint","Video Editing"],"perks":["Certificate","Letter of recommendation","Flexible work hours","5 days a week"],"openings":"1"},{"url":"/internship/detail/medical-and-healthcare-content-writing-internship-in-multiple-locations-at-nitashh-marketing1667453681","name":"Medical And Healthcare Content Writing","company":"Nitashh Marketing","location":"Agra","duration":"3 Months","stipend":"2,000 /month","applications":"48 applicants","skills":["Blogging","Content Marketing","Content Writing","Creative Writing"],"perks":[],"openings":"1"},{"url":"/internship/detail/content-writing-work-from-home-job-internship-at-holy-barbell-athletics-private-limited1667210123","name":"Content Writing","company":"Holy Barbell Athletics Private Limited","location":"Work From Home","duration":"3 Months","stipend":"300 /Write-up","applications":"65 applicants","skills":["Blogging","Creative Writing","English Proficiency (Written)"],"perks":[],"openings":"5"},{"url":"/internship/detail/dietetics-nutrition-internship-in-multiple-locations-at-food-safety-services1667293280","name":"Dietetics/Nutrition","company":"Food Safety Services","location":"Aurangabad","duration":"6 Months","stipend":"15,000 /month","applications":"Be an early applicant","skills":["American English","Marathi Proficiency(Spoken)","Marathi Proficiency(Written)"],"perks":[],"openings":"50"},{"url":"/internship/detail/dietetics-nutrition-internship-in-pune-at-fitness-ki-chowki1666694775","name":"Dietetics/Nutrition","company":"Fitness Ki Chowki","location":"Pune","duration":"2 Months","stipend":"5,000 /month + Incentives","applications":"Be an early applicant","skills":["Dietetics/Nutrition","English Proficiency (Written)","MS-Excel"],"perks":["Certificate","Letter of recommendation","Flexible work hours","Informal dress code","5 days a week","Free snacks & beverages"],"openings":"10"},{"url":"/internship/detail/nutrigenomic-research-analysis-internship-in-mumbai-at-haystackanalytics-private-limited1666685084","name":"Nutrigenomic Research Analysis","company":"HaystackAnalytics Private Limited","location":"Mumbai","duration":"3 Months","stipend":"8,000-10,000 /month","applications":"Be an early applicant","skills":[],"perks":["Certificate","Flexible work hours"],"openings":"2"}]}