{"success":40,"failed":0,"internships":[{"url":"/internship/detail/proofreading-internship-in-delhi-at-ml-books-international-private-limited1667043199","name":"Proofreading","company":"ML Books International Private Limited","location":"Delhi","duration":"3 Months","stipend":"15,000-18,000 /month","applications":"47 applicants","skills":["MS-Excel","MS-Word"],"perks":["Certificate","Letter of recommendation","Informal dress code"],"openings":"6"},{"url":"/internship/detail/photography-internship-in-noida-at-poornatva-organic-bakery-cafe1667490429","name":"Photography","company":"Poornatva Organic Bakery Cafe","location":"Noida","duration":"2 Months","stipend":"5,000-10,000 /month","applications":"Be an early applicant","skills":["Adobe Photoshop","Adobe Photoshop Lightroom CC","Photography","Video Editing","Video Making"],"perks":["Certificate","Letter of recommendation","Flexible work hours","Informal dress code","5 days a week","Free snacks & beverages"],"openings":"1"},{"url":"/internship/detail/proofreading-client-interaction-work-from-home-job-internship-at-internshala1667549261","name":"Proofreading & Client Interaction","company":"Internshala","location":"Work From Home","duration":"6 Months","stipend":"16,667 /month","applications":"103 applicants","skills":["English Proficiency (Spoken)","English Proficiency (Written)"],"perks":["Certificate","5 days a week"],"openings":"3"},{"url":"/internship/detail/quality-analysis-biology-work-from-home-job-internship-at-qa-solvers1667548871","name":"Quality Analysis (Biology)","company":"QA Solvers","location":"Work From Home","duration":"3 Months","stipend":"12,000-15,000 /month","applications":"169 applicants","skills":["Biology","English Proficiency (Spoken)","English Proficiency (Written)"],"perks":["Letter of recommendation","Flexible work hours"],"openings":"3"},{"url":"/internship/detail/content-editing-work-from-home-job-internship-at-the-evolving-stories1667517285","name":"Content Editing","company":"The Evolving Stories","location":"Work From Home","duration":"2 Months","stipend":"5,000 /month","applications":"90 applicants","skills":["Content Writing","Search Engine Optimization (SEO)"],"perks":["Certificate","Letter of recommendation","Flexible work hours"],"openings":"2"},{"url":"/internship/detail/content-editing-work-from-home-job-internship-at-wordowingss1667498711","name":"Content Editing","company":"WordoWingss","location":"Work From Home","duration":"5 Months","stipend":"3,000-5,000 /month","applications":"66 applicants","skills":["Content Writing","Proofreading","Search Engine Optimization (SEO)"],"perks":["Certificate","Letter of recommendation"],"openings":"10"},{"url":"/internship/detail/copy-editing-work-from-home-job-internship-at-the-bulletin-boards1667418121","name":"Copy Editing","company":"The Bulletin Boards","location":"Work From Home","duration":"6 Months","stipend":"1,000 /month + Incentives","applications":"65 applicants","skills":["English Proficiency (Written)","MS-Office"],"perks":["Certificate","Letter of recommendation"],"openings":"2"},{"url":"/internship/detail/content-writing-work-from-home-job-internship-at-elateminds-training-and-development-llp1667464856","name":"Content Writing","company":"Elateminds Training And Development LLP","location":"Work From Home","duration":"3 Months","stipend":"1,500 /month + Incentives","applications":"50 applicants","skills":["Creative Writing","English Proficiency (Written)"],"perks":["Certificate","Letter of recommendation","Flexible work hours","5 days a week"],"openings":"5"},{"url":"/internship/detail/copywriting-work-from-home-job-internship-at-toprankers-edtech-solutions-private-limited1667396281","name":"Copywriting","company":"TopRankers Edtech Solutions Private Limited","location":"Work From Home","duration":"3 Months","stipend":"7,000-8,000 /month","applications":"127 applicants","skills":["Copywriting","Creative Writing","English Proficiency (Spoken)","English Proficiency (Written)"],"perks":["Certificate","Letter of recommendation","Flexible work hours","5 days a week"],"openings":"10"},{"url":"/internship/detail/content-writing-internship-in-mumbai-at-hefty-art1667390806","name":"Content Writing","company":"Hefty Art","location":"Mumbai","duration":"3 Months","stipend":"10,000 /month","applications":"Be an early applicant","skills":["Creative Writing","English Proficiency (Spoken)","English Proficiency (Written)","Social Media Marketing"],"perks":["Certificate","Letter of recommendation"],"openings":"1"},{"url":"/internship/detail/content-writing-internship-in-multiple-locations-at-lm-technologies1667386385","name":"Content Writing","company":"LM Technologies","location":"Chennai","duration":"1 Month","stipend":"12,000 /month","applications":"Be an early applicant","skills":["Blogging","Creative Writing","Digital Marketing","English Proficiency (Spoken)","English Proficiency (Written)","Search Engine Optimization (SEO)","Social Media Marketing"],"perks":["Certificate","Letter of recommendation","Informal dress code","5 days a week","Free snacks & beverages"],"openings":"2"},{"url":"/internship/detail/operations-internship-in-hyderabad-at-adapt-motors-private-limited1667374508","name":"Operations","company":"Adapt Motors Private Limited","location":"Hyderabad","duration":"3 Months","stipend":"10,000 /month","applications":"Be an early applicant","skills":["English Proficiency (Spoken)","English Proficiency (Written)","MS-Excel","MS-Office"],"perks":[],"openings":"10"},{"url":"/internship/detail/content-editing-work-from-home-job-internship-at-techwhoop1667317384","name":"Content Editing","company":"TechWhoop","location":"Work From Home","duration":"1 Month","stipend":"3,000 /month","applications":"352 applicants","skills":["English Proficiency (Spoken)","English Proficiency (Written)"],"perks":["Certificate","Letter of recommendation","Flexible work hours"],"openings":"8"},{"url":"/internship/detail/content-creation-work-from-home-job-internship-at-repsoft-consultancy-services-private-limited1667362760","name":"Content Creation","company":"Repsoft Consultancy Services Private Limited","location":"Work From Home","duration":"3 Months","stipend":"3,000 /month","applications":"Be an early applicant","skills":[],"perks":["Certificate","Letter of recommendation","Flexible work hours"],"openings":"3"},{"url":"/internship/detail/creative-writing-internship-in-delhi-at-isourse1667294722","name":"Creative Writing","company":"Isourse","location":"Delhi","duration":"6 Months","stipend":"15,000 /month","applications":"Be an early applicant","skills":["Creative Writing","English Proficiency (Spoken)","English Proficiency (Written)"],"perks":["Certificate","Letter of recommendation","Job offer"],"openings":"6"},{"url":"/internship/detail/proofreading-internship-in-jaipur-at-k4-media-technologies1667300074","name":"Proofreading","company":"K4 Media & Technologies","location":"Jaipur","duration":"4 Months","stipend":"10,000 /month","applications":"Be an early applicant","skills":["MS-Office"],"perks":["Certificate","Letter of recommendation","Job offer"],"openings":"5"},{"url":"/internship/detail/video-quality-checking-work-from-home-job-internship-at-mind-harmonics1667269813","name":"Video Quality Checking","company":"Mind Harmonics","location":"Work From Home","duration":"3 Months","stipend":"8,000-10,000 /month","applications":"130 applicants","skills":["Chemistry","Mathematics","Physics"],"perks":["Certificate","Letter of recommendation","Flexible work hours"],"openings":"20"},{"url":"/internship/detail/psychology-content-writing-internship-in-bangalore-at-cxo-branding1667297034","name":"Psychology Content Writing","company":"CXO Branding","location":"Bangalore","duration":"2 Months","stipend":"10,000 /month","applications":"Be an early applicant","skills":["Content Writing"],"perks":["Certificate"],"openings":"2"},{"url":"/internship/detail/journalism-and-news-anchoring-work-from-home-job-internship-at-udaan-the-center-of-theatre-art-child-development1667292529","name":"Journalism And News Anchoring","company":"UDAAN - The Center Of Theatre Art & Child Development","location":"Work From Home","duration":"2 Months","stipend":"Unpaid","applications":"Be an early applicant","skills":["Creative Writing","Digital Marketing","MS-Word","Report Writing"],"perks":["Certificate"],"openings":"10"},{"url":"/internship/detail/content-writing-work-from-home-job-internship-at-trajectory-marketing-llp1667218130","name":"Content Writing","company":"TRAJECTORY MARKETING LLP","location":"Work From Home","duration":"6 Months","stipend":"5,000 /month","applications":"74 applicants","skills":["Creative Writing","English Proficiency (Written)","Search Engine Optimization (SEO)"],"perks":["Certificate","Letter of recommendation","Flexible work hours","Job offer"],"openings":"2"},{"url":"/internship/detail/email-marketing-work-from-home-job-internship-at-one-stone1667274395","name":"Email Marketing","company":"One Stone","location":"Work From Home","duration":"2 Months","stipend":"2,000 /month","applications":"Be an early applicant","skills":["Email Marketing","English Proficiency (Written)"],"perks":["Certificate","Letter of recommendation"],"openings":"1"},{"url":"/internship/detail/content-editing-work-from-home-job-internship-at-haps-digital1667208889","name":"Content Editing","company":"HAPS DIGITAL","location":"Work From Home","duration":"3 Months","stipend":"5,000 /month","applications":"43 applicants","skills":["English Proficiency (Spoken)","English Proficiency (Written)"],"perks":["Certificate","Letter of recommendation","Flexible work hours"],"openings":"1"},{"url":"/internship/detail/editing-english-internship-in-delhi-at-indiannica-learning-private-limited1667203250","name":"Editing (English)","company":"Indiannica Learning Private Limited","location":"Delhi","duration":"3 Months","stipend":"10,000 /month","applications":"Be an early applicant","skills":["English Proficiency (Spoken)","English Proficiency (Written)"],"perks":["Certificate","Informal dress code","5 days a week","Free snacks & beverages"],"openings":"4"},{"url":"/internship/detail/proofreading-internship-in-bangalore-at-pereyan-llp1667117377","name":"Proofreading","company":"Pereyan LLP","location":"Bangalore","duration":"6 Months","stipend":"10,000 /month","applications":"66 applicants","skills":[],"perks":[],"openings":"1"},{"url":"/internship/detail/proofreading-work-from-home-job-internship-at-pereyan-llp1667108935","name":"Proofreading","company":"Pereyan LLP","location":"Work From Home","duration":"3 Months","stipend":"2,500 /month","applications":"377 applicants","skills":[],"perks":[],"openings":"1"},{"url":"/internship/detail/proofreading-hindi-internship-in-bhopal-at-true-sign-publishing-house1667105888","name":"Proofreading Hindi","company":"True Sign Publishing House","location":"Bhopal","duration":"3 Months","stipend":"7,000 /month","applications":"Be an early applicant","skills":["Hindi Proficiency (Written)","Proofreading"],"perks":["Certificate","Letter of recommendation","Informal dress code"],"openings":"1"},{"url":"/internship/detail/content-writing-internship-in-noida-at-sunesto-web-private-limited1667047510","name":"Content Writing","company":"Sunesto Web Private Limited","location":"Noida","duration":"6 Months","stipend":"8,000 /month + Incentives","applications":"Be an early applicant","skills":["Blogging","Creative Writing","Digital Marketing","English Proficiency (Spoken)","English Proficiency (Written)","Search Engine Optimization (SEO)","Social Media Marketing"],"perks":["Letter of recommendation"],"openings":"3"},{"url":"/internship/detail/proofreading-internship-in-pitampura-at-webgross1667028071","name":"Proofreading","company":"Webgross","location":"Pitampura","duration":"3 Months","stipend":"7,000 /month","applications":"Be an early applicant","skills":["English Proficiency (Spoken)","English Proficiency (Written)","MS-Word"],"perks":["Certificate","Letter of recommendation"],"openings":"5"},{"url":"/internship/detail/instructional-designing-work-from-home-job-internship-at-ladder-media1667021733","name":"Instructional Designing","company":"Ladder Media","location":"Work From Home","duration":"6 Months","stipend":"15,000 /month","applications":"68 applicants","skills":["Articulate 360","Articulate Storyline","Colour Theory for Designers","Copywriting","Design Thinking","English Proficiency (Spoken)","English Proficiency (Written)","MS-PowerPoint","Proofreading"],"perks":[],"openings":"3"},{"url":"/internship/detail/editorial-work-from-home-job-internship-at-thesocialtalkscom1666883259","name":"Editorial","company":"TheSocialTalks.com","location":"Work From Home","duration":"3 Months","stipend":"1,000-1,200 /month","applications":"72 applicants","skills":[],"perks":["Certificate","Letter of recommendation","Flexible work hours","5 days a week"],"openings":"5"},{"url":"/internship/detail/content-writing-work-from-home-job-internship-at-listening-inn-foundation1666949881","name":"Content Writing","company":"Listening Inn Foundation","location":"Work From Home","duration":"3 Months","stipend":"Unpaid","applications":"Be an early applicant","skills":["English Proficiency (Written)","WordPress"],"perks":["Certificate","Letter of recommendation","Flexible work hours"],"openings":"2"},{"url":"/internship/detail/content-writing-work-from-home-job-internship-at-o2b-technologies-private-limited1666864945","name":"Content Writing","company":"O2B Technologies Private Limited","location":"Work From Home","duration":"6 Months","stipend":"5,000-12,000 /month","applications":"120 applicants","skills":["Blogging","Creative Writing","Digital Marketing","English Proficiency (Spoken)","English Proficiency (Written)","Search Engine Optimization (SEO)","Social Media Marketing"],"perks":["Certificate","Letter of recommendation","Flexible work hours","5 days a week"],"openings":"1"},{"url":"/internship/detail/content-writing-work-from-home-job-internship-at-freightrise-private-limited1666948195","name":"Content Writing","company":"Freightrise Private Limited","location":"Work From Home","duration":"3 Months","stipend":"10,000 /month","applications":"88 applicants","skills":["Blogging","Creative Writing","Digital Marketing","English Proficiency (Spoken)","English Proficiency (Written)","Search Engine Optimization (SEO)","Social Media Marketing"],"perks":["Certificate","Letter of recommendation","Flexible work hours"],"openings":"1"},{"url":"/internship/detail/content-writing-work-from-home-job-internship-at-shoplify1666797831","name":"Content Writing","company":"Shoplify","location":"Work From Home","duration":"3 Months","stipend":"6,000 /month","applications":"129 applicants","skills":["Content Writing","Creative Writing","English Proficiency (Spoken)","English Proficiency (Written)"],"perks":["Certificate","Letter of recommendation","Flexible work hours"],"openings":"1"},{"url":"/internship/detail/proofreading-work-from-home-job-internship-at-cine-says1666882255","name":"Proofreading","company":"Cine Says","location":"Work From Home","duration":"3 Months","stipend":"2,000 /month","applications":"41 applicants","skills":["American English","Blogging","Content Writing","English Proficiency (Written)","Proofreading"],"perks":["Certificate","Letter of recommendation","Flexible work hours"],"openings":"3"},{"url":"/internship/detail/content-writing-part-time-job-internship-at-hyderabad-in-retunes-it-media1666763526","name":"Content Writing","company":"Retunes IT Media","location":"Hyderabad","duration":"3 Months","stipend":"7,000-12,000 /month","applications":"Be an early applicant","skills":["Blogging","Creative Writing","English Proficiency (Spoken)","English Proficiency (Written)","Proofreading"],"perks":["Certificate","Letter of recommendation","Flexible work hours","Informal dress code","5 days a week","Job offer"],"openings":"1"},{"url":"/internship/detail/content-writing-work-from-home-job-internship-at-radiant-techsolutions1666763350","name":"Content Writing","company":"Radiant Techsolutions","location":"Work From Home","duration":"2 Months","stipend":"3,000 /month + Incentives","applications":"66 applicants","skills":["Blogging","Creative Writing","Digital Marketing","English Proficiency (Spoken)","English Proficiency (Written)","Search Engine Optimization (SEO)","Social Media Marketing"],"perks":["Certificate","Letter of recommendation","Flexible work hours"],"openings":"4"},{"url":"/internship/detail/proofreading-work-from-home-job-internship-at-karostartup1666692263","name":"Proofreading","company":"KaroStartup","location":"Work From Home","duration":"2 Months","stipend":"5,000 /month","applications":"351 applicants","skills":["Proofreading"],"perks":["Certificate"],"openings":"1"},{"url":"/internship/detail/content-writing-work-from-home-job-internship-at-btec-universities1666640748","name":"Content Writing","company":"BTEC Universities","location":"Work From Home","duration":"3 Months","stipend":"3,000 /month","applications":"64 applicants","skills":["British English","Creative Writing","Social Media Marketing"],"perks":["Certificate","Letter of recommendation","Flexible work hours","Job offer"],"openings":"8"},{"url":"/internship/detail/publishing-assistance-internship-in-delhi-at-aijr-publisher1666517783","name":"Publishing Assistance","company":"AIJR Publisher","location":"Delhi","duration":"3 Months","stipend":"2,000-5,000 /month","applications":"Be an early applicant","skills":["Creative Writing","English Proficiency (Written)","LaTeX","MS-Word","Proofreading","Research and Analytics"],"perks":["Certificate","Letter of recommendation"],"openings":"4"}]}