{"success":12,"failed":0,"internships":[{"url":"/internship/detail/rpa-development-automation-anywhere-work-from-home-job-internship-at-navrik-software-solutions-private-limited1667646387","name":"RPA Development (Automation Anywhere)","company":"Navrik Software Solutions Private Limited","location":"Work From Home","duration":"4 Months","stipend":"7,000 /month + Incentives","applications":"Be an early applicant","skills":["Robotic Process Automation (RPA)"],"perks":["Certificate","Flexible work hours","5 days a week"],"openings":"1"},{"url":"/internship/detail/electrical-engineering-work-from-home-job-internship-at-roomsvital-automation-solutions-private-limited1667582612","name":"Electrical Engineering","company":"RoomsVital Automation Solutions Private Limited","location":"Work From Home","duration":"2 Months","stipend":"3,000 /month","applications":"Be an early applicant","skills":["Embedded Systems","OrCAD","PCB Design","PCB Soldering"],"perks":["Certificate","Letter of recommendation"],"openings":"1"},{"url":"/internship/detail/subject-matter-expert-sme-gate-exam-work-from-home-job-internship-at-physics-wallah1667458675","name":"Subject Matter Expert (SME)- GATE Exam","company":"Physics Wallah","location":"Work From Home","duration":"3 Months","stipend":"10,000-12,000 /month","applications":"76 applicants","skills":[],"perks":["Flexible work hours"],"openings":"10"},{"url":"/internship/detail/electrical-and-electronics-engineering-internship-in-faridabad-at-blemot-automobile-technology-private-limited1667428641","name":"Electrical And Electronics Engineering","company":"Blemot Automobile Technology Private Limited","location":"Faridabad","duration":"6 Months","stipend":"5,000-8,000 /month","applications":"Be an early applicant","skills":["Arduino","ARM Microcontroller","Atmel AVR","C++ Programming","Embedded Systems","MATLAB","PCB Design"],"perks":["Certificate","Letter of recommendation","Job offer"],"openings":"1"},{"url":"/internship/detail/product-development-internship-in-multiple-locations-at-cojag1667366789","name":"Product Development","company":"Cojag","location":"Akola","duration":"6 Months","stipend":"2,000-5,000 /month","applications":"Be an early applicant","skills":[".NET","Amazon Web Services (AWS)","Cloud Computing","Data Analytics","Data Science","Java","Machine Learning","PHP","Python"],"perks":["Certificate","Letter of recommendation","Flexible work hours","Informal dress code","Job offer"],"openings":"25"},{"url":"/internship/detail/electrical-engineering-internship-in-delhi-at-isourse-technologies-private-limited1667103232","name":"Electrical Engineering","company":"Isourse Technologies Private Limited","location":"Delhi","duration":"6 Months","stipend":"15,000 /month","applications":"53 applicants","skills":[],"perks":["Certificate","Letter of recommendation","Job offer"],"openings":"6"},{"url":"/internship/detail/field-service-engineering-operations-internship-in-multiple-locations-at-bharati-robotic-systems1666937220","name":"Field Service Engineering & Operations","company":"Bharati Robotic Systems","location":"Bhubaneswar","duration":"6 Months","stipend":"8,000-12,000 /month","applications":"43 applicants","skills":["Analog And Digital Circuits","AutoCAD","CAD","Circuit Design","English Proficiency (Spoken)","English Proficiency (Written)","MS-Excel"],"perks":["Certificate","Letter of recommendation","Informal dress code","5 days a week"],"openings":"10"},{"url":"/internship/detail/embedded-systems-engineering-internship-in-nagpur-at-machlab-innovations-and-research-centre1666933903","name":"Embedded Systems Engineering","company":"Machlab Innovations And Research Centre","location":"Nagpur","duration":"6 Months","stipend":"7,000 /month","applications":"Be an early applicant","skills":["Circuit Design","EAGLE","Embedded Systems","Internet of Things (IoT)","PCB Design","PCB Soldering"],"perks":["Certificate","Informal dress code"],"openings":"1"},{"url":"/internship/detail/electrical-engineering-internship-in-thane-maharashtra-at-star-panels1666854159","name":"Electrical Engineering","company":"STAR PANELS","location":"Thane","duration":"6 Months","stipend":"10,000-12,000 /month","applications":"Be an early applicant","skills":["AutoCAD","Circuit Design"],"perks":[],"openings":"2"},{"url":"/internship/detail/circuit-design-electrical-electronics-part-time-job-internship-at-tenali-hyderabad-in-padaayi1666843716","name":"Circuit Design Electrical & Electronics","company":"Padaayi","location":"Tenali","duration":"2 Months","stipend":"2,000 /month","applications":"Be an early applicant","skills":["Telugu Proficiency (Written)"],"perks":["Certificate","Letter of recommendation","Flexible work hours","5 days a week"],"openings":"1"},{"url":"/internship/detail/electrical-engineering-internship-in-chennai-kanchipuram-at-switching-battery1666693611","name":"Electrical Engineering","company":"Switching Battery","location":"Chennai","duration":"3 Months","stipend":"10,000-15,000 /month","applications":"Be an early applicant","skills":["Arduino","C++ Programming","Circuit Design","C Programming","English Proficiency (Spoken)","English Proficiency (Written)","PCB Design","PCB Soldering"],"perks":["Certificate","Letter of recommendation","Informal dress code"],"openings":"5"},{"url":"/internship/detail/electrical-engineering-part-time-job-internship-at-multiple-locations-in-buddha-education-association-incorporation1666507084","name":"Electrical Engineering","company":"Buddha Education Association Incorporation","location":"Delhi","duration":"1 Month","stipend":"12,000 /month","applications":"157 applicants","skills":["Arduino","ARM Microcontroller","Atmel AVR","ElectronJS","Model View Controller(MVC)","Quality Assurance/Quality Control (QA/QC)"],"perks":["Certificate","Letter of recommendation","5 days a week"],"openings":"3"}]}