{"success":40,"failed":0,"internships":[{"url":"/internship/detail/research-assistance-automobile-electronics-internship-in-bangalore-at-iisc-bangalore-cpdm1666774880","name":"Research Assistance (Automobile Electronics)","company":"IISC Bangalore CPDM","location":"Bangalore","duration":"6 Months","stipend":"25,000 /month","applications":"104 applicants","skills":["Analog And Digital Circuits","Circuit Design","Digital Signal Processing","Python","Raspberry Pi"],"perks":["Informal dress code"],"openings":"1"},{"url":"/internship/detail/production-engineering-electronics-internship-in-hyderabad-at-startoon-labs-private-limited1667556156","name":"Production Engineering (Electronics)","company":"Startoon Labs Private Limited","location":"Hyderabad","duration":"6 Months","stipend":"8,000 /month","applications":"Be an early applicant","skills":[],"perks":["Certificate","5 days a week","Job offer"],"openings":"2"},{"url":"/internship/detail/embedded-hardware-engineering-internship-in-mumbai-at-faclon1667281397","name":"Embedded Hardware Engineering","company":"Faclon","location":"Mumbai","duration":"3 Months","stipend":"7,000-10,000 /month","applications":"Be an early applicant","skills":["Circuit Design","EAGLE","Embedded Systems","PCB Design","PCB Soldering"],"perks":["Certificate"],"openings":"2"},{"url":"/internship/detail/embedded-hardware-internship-in-pune-at-unbox-robotics1667288398","name":"Embedded Hardware","company":"Unbox Robotics","location":"Pune","duration":"3 Months","stipend":"10,000-20,000 /month","applications":"27 applicants","skills":["EAGLE","PCB Design"],"perks":["Flexible work hours","Informal dress code","5 days a week"],"openings":"1"},{"url":"/internship/detail/rpa-development-automation-anywhere-work-from-home-job-internship-at-navrik-software-solutions-private-limited1667646387","name":"RPA Development (Automation Anywhere)","company":"Navrik Software Solutions Private Limited","location":"Work From Home","duration":"4 Months","stipend":"7,000 /month + Incentives","applications":"Be an early applicant","skills":["Robotic Process Automation (RPA)"],"perks":["Certificate","Flexible work hours","5 days a week"],"openings":"1"},{"url":"/internship/detail/assembly-technicality-part-time-job-internship-at-chennai-in-kaatru-iit-madras1667635563","name":"Assembly Technicality","company":"Kaatru, IIT Madras","location":"Chennai","duration":"6 Months","stipend":"12,000-15,000 /month","applications":"Be an early applicant","skills":["Circuit Design","PCB Soldering"],"perks":["Letter of recommendation","Flexible work hours","Informal dress code","5 days a week","Job offer"],"openings":"2"},{"url":"/internship/detail/electronics-engineering-internship-in-jaipur-at-schoollog-a-venture-of-techtalisman-engineering-private-limited1667555666","name":"Electronics Engineering","company":"Schoollog (A Venture Of Techtalisman Engineering Private Limited)","location":"Jaipur","duration":"3 Months","stipend":"5,000-8,000 /month","applications":"Be an early applicant","skills":["Arduino","Linux","Python","Raspberry Pi","SQL"],"perks":["Certificate","Informal dress code"],"openings":"1"},{"url":"/internship/detail/embedded-systems-hardware-firmware-internship-in-pune-mumbai-at-sqm-technologies1667582930","name":"Embedded Systems Hardware & Firmware","company":"SqM Technologies","location":"Pune","duration":"6 Months","stipend":"8,000 /month","applications":"Be an early applicant","skills":[],"perks":["Certificate","Letter of recommendation"],"openings":"1"},{"url":"/internship/detail/mechanical-engineering-3d-scanning-internship-in-chennai-at-esse-3d-technologies-private-limited1667580688","name":"Mechanical Engineering/3D Scanning","company":"Esse 3D Technologies Private Limited","location":"Chennai","duration":"6 Months","stipend":"5,000 /month","applications":"Be an early applicant","skills":["Catia","NX Siemens (formerly Unigraphics NX)","PTC Creo","SolidWorks"],"perks":["Certificate","Letter of recommendation","Informal dress code"],"openings":"2"},{"url":"/internship/detail/electronics-engineering-internship-in-pune-at-sulekha-energy-solutions1667560343","name":"Electronics Engineering","company":"Sulekha Energy Solutions","location":"Pune","duration":"3 Months","stipend":"12,000 /month","applications":"Be an early applicant","skills":["Analog And Digital Circuits","Circuit Design","PCB Design","PCB Soldering"],"perks":["Certificate"],"openings":"2"},{"url":"/internship/detail/quality-engineering-electro-mechanical-internship-in-greater-noida-at-indoma-industries-private-limited1667464735","name":"Quality Engineering (Electro-Mechanical)","company":"Indoma Industries Private Limited","location":"Greater Noida","duration":"6 Months","stipend":"5,000 /month","applications":"Be an early applicant","skills":["MS-Office"],"perks":["Certificate","Letter of recommendation","Job offer"],"openings":"1"},{"url":"/internship/detail/product-design-work-from-home-job-internship-at-calm-sleep1667558151","name":"Product Design","company":"Calm Sleep","location":"Work From Home","duration":"3 Months","stipend":"5,000 /month","applications":"Be an early applicant","skills":[],"perks":["Certificate","Letter of recommendation","5 days a week"],"openings":"3"},{"url":"/internship/detail/electronics-engineering-research-development-e-mobility-internship-in-kochi-at-c-electric-automotive-drives-private-limited1667556440","name":"Electronics Engineering - Research & Development (E-Mobility)","company":"C Electric Automotive Drives Private Limited","location":"Kochi","duration":"5 Months","stipend":"5,000 /month","applications":"Be an early applicant","skills":["Algorithms","Arduino","ARM Microcontroller","C++ Programming","Circuit Design","C Programming","Embedded Systems","Manual Testing","MS-Excel","MS-Office","PCB Design","PCB Soldering"],"perks":["Certificate","Informal dress code"],"openings":"3"},{"url":"/internship/detail/embedded-systems-iot-internship-in-chandigarh-mohali-at-zippiai1667464129","name":"Embedded Systems IOT","company":"Zippiai","location":"Chandigarh","duration":"4 Months","stipend":"5,000-8,000 /month","applications":"Be an early applicant","skills":["Arduino","C Programming","Embedded Systems","Internet of Things (IoT)","Raspberry Pi"],"perks":["Certificate","Letter of recommendation","Flexible work hours","Informal dress code","5 days a week","Job offer"],"openings":"2"},{"url":"/internship/detail/electronics-engineering-internship-in-mumbai-at-ra-global-tech-solutions-llp1667482549","name":"Electronics Engineering","company":"RA Global Tech Solutions LLP","location":"Mumbai","duration":"3 Months","stipend":"3,000 /month","applications":"Be an early applicant","skills":["Arduino","C++ Programming","Circuit Design","Embedded Systems","PCB Design","Python","Raspberry Pi"],"perks":["Certificate","Letter of recommendation","5 days a week"],"openings":"1"},{"url":"/internship/detail/mechatronics-engineering-internship-in-bangalore-at-yolabs1667542526","name":"Mechatronics Engineering","company":"Yolabs","location":"Bangalore","duration":"6 Months","stipend":"11,000-15,000 /month","applications":"Be an early applicant","skills":["Arduino","Autodesk Fusion 360","Blender 3D","C++ Programming","Circuit Design","CNC Programming","Embedded Systems","Python","Raspberry Pi","Robotics","Unity 3D"],"perks":["Certificate","Letter of recommendation","Flexible work hours","Informal dress code","Free snacks & beverages","Job offer"],"openings":"3"},{"url":"/internship/detail/embedded-engineering-internship-in-chennai-at-aero3601667540264","name":"Embedded Engineering","company":"Aero360","location":"Chennai","duration":"6 Months","stipend":"15,000-25,000 /month","applications":"Be an early applicant","skills":[],"perks":["Certificate","Letter of recommendation","Informal dress code","Free snacks & beverages"],"openings":"2"},{"url":"/internship/detail/electronics-engineering-iot-internship-in-multiple-locations-at-experiencesdigital1667458527","name":"Electronics Engineering - IOT","company":"Experiences.digital","location":"Chennai","duration":"6 Months","stipend":"10,000 /month","applications":"46 applicants","skills":["Python"],"perks":["Certificate","5 days a week"],"openings":"2"},{"url":"/internship/detail/subject-matter-expert-sme-gate-exam-work-from-home-job-internship-at-physics-wallah1667458675","name":"Subject Matter Expert (SME)- GATE Exam","company":"Physics Wallah","location":"Work From Home","duration":"3 Months","stipend":"10,000-12,000 /month","applications":"88 applicants","skills":[],"perks":["Flexible work hours"],"openings":"10"},{"url":"/internship/detail/embedded-systems-internship-in-bhubaneswar-at-y3x-innovatech-private-limited1667523637","name":"Embedded Systems","company":"Y3X Innovatech Private Limited","location":"Bhubaneswar","duration":"3 Months","stipend":"20,000-40,000 /month","applications":"Be an early applicant","skills":["Android","C++ Programming","C Programming","PCB Design","Python"],"perks":["Certificate","Flexible work hours","Informal dress code","Job offer"],"openings":"3"},{"url":"/internship/detail/electrical-and-electronics-engineering-internship-in-faridabad-at-blemot-automobile-technology-private-limited1667428641","name":"Electrical And Electronics Engineering","company":"Blemot Automobile Technology Private Limited","location":"Faridabad","duration":"6 Months","stipend":"5,000-8,000 /month","applications":"Be an early applicant","skills":["Arduino","ARM Microcontroller","Atmel AVR","C++ Programming","Embedded Systems","MATLAB","PCB Design"],"perks":["Certificate","Letter of recommendation","Job offer"],"openings":"1"},{"url":"/internship/detail/electronics-engineering-part-time-job-internship-at-kolkata-in-aeonix-research-and-innovations1667418062","name":"Electronics Engineering","company":"Aeonix Research And Innovations","location":"Kolkata","duration":"4 Months","stipend":"3,000-8,000 /month","applications":"Be an early applicant","skills":["Arduino","C++ Programming","Circuit Design","C Programming","Embedded Systems","Internet of Things (IoT)"],"perks":["Certificate","Letter of recommendation","Flexible work hours"],"openings":"3"},{"url":"/internship/detail/firmware-development-internship-in-bangalore-at-wildly-tech-private-limited1667399478","name":"Firmware Development","company":"Wildly Tech Private Limited","location":"Bangalore","duration":"6 Months","stipend":"25,000 /month + Incentives","applications":"43 applicants","skills":["C++ Programming","C Programming","Embedded Systems","Python"],"perks":["Letter of recommendation","Informal dress code","Free snacks & beverages"],"openings":"1"},{"url":"/internship/detail/electronic-design-internship-in-bangalore-at-electrine-ingenum-solutions-private-limited1667468336","name":"Electronic Design","company":"Electrine Ingenum Solutions Private Limited","location":"Bangalore","duration":"6 Months","stipend":"10,000 /month","applications":"32 applicants","skills":["Analog And Digital Circuits","Circuit Design"],"perks":["Certificate","Letter of recommendation"],"openings":"2"},{"url":"/internship/detail/teaching-electronics-internship-in-moradabad-at-main-marshals1667453889","name":"Teaching (Electronics)","company":"Main Marshals","location":"Moradabad","duration":"6 Months","stipend":"10,000 /month","applications":"Be an early applicant","skills":["Arduino","C Programming","Embedded Systems","Internet of Things (IoT)","PCB Design","Python","Raspberry Pi","Teaching"],"perks":["Certificate","Letter of recommendation"],"openings":"2"},{"url":"/internship/detail/embedded-programming-internship-in-bangalore-at-nhanz-systems-private-limited1667453685","name":"Embedded Programming","company":"NHANZ Systems Private Limited","location":"Bangalore","duration":"6 Months","stipend":"12,000 /month","applications":"Be an early applicant","skills":["C++ Programming","C Programming","Embedded Systems","MATLAB"],"perks":["Certificate","Flexible work hours"],"openings":"2"},{"url":"/internship/detail/electronics-engineering-internship-in-gurgaon-at-gifola1667426584","name":"Electronics Engineering","company":"GIFOLA","location":"Gurgaon","duration":"6 Months","stipend":"10,000 /month","applications":"Be an early applicant","skills":["Adobe Premiere Pro","Arduino","Embedded Systems","English Proficiency (Spoken)","Internet of Things (IoT)","PCB Design","Python","Raspberry Pi","Sales"],"perks":["Certificate","Letter of recommendation"],"openings":"2"},{"url":"/internship/detail/additive-manufacturing-fdm-internship-in-lucknow-bangalore-at-instantpost1667404667","name":"Additive Manufacturing (FDM)","company":"InstantPost","location":"Lucknow","duration":"6 Months","stipend":"2,000-6,000 /month","applications":"Be an early applicant","skills":["English Proficiency (Spoken)","English Proficiency (Written)"],"perks":["Certificate","Flexible work hours"],"openings":"1"},{"url":"/internship/detail/hardware-design-engineering-internship-in-indore-at-ev-urjaa1667373807","name":"Hardware Design Engineering","company":"EV-Urjaa","location":"Indore","duration":"3 Months","stipend":"6,000-10,000 /month","applications":"Be an early applicant","skills":["Embedded Systems","Internet of Things (IoT)"],"perks":["Certificate","Letter of recommendation"],"openings":"2"},{"url":"/internship/detail/electronics-systems-software-development-internship-in-bangalore-at-fermedicius-labs-private-limited1667390492","name":"Electronics Systems & Software Development","company":"Fermedicius Labs Private Limited","location":"Bangalore","duration":"6 Months","stipend":"15,000-25,000 /month","applications":"55 applicants","skills":["ARM Microcontroller","C++ Programming","Cloud Computing","C Programming","Django","Embedded Systems","MongoDB","Python","React Native","REST API"],"perks":["Certificate","Letter of recommendation","Job offer"],"openings":"1"},{"url":"/internship/detail/embedded-systems-internship-in-delhi-at-xilir-technologies-llp1667387973","name":"Embedded Systems","company":"XiLiR Technologies LLP","location":"Delhi","duration":"3 Months","stipend":"8,000-15,000 /month","applications":"47 applicants","skills":["Adobe Photoshop","Embedded Systems","Facebook Marketing","MATLAB","Search Engine Optimization (SEO)"],"perks":["Certificate","Letter of recommendation","Job offer"],"openings":"5"},{"url":"/internship/detail/product-development-internship-in-multiple-locations-at-cojag1667366789","name":"Product Development","company":"Cojag","location":"Akola","duration":"6 Months","stipend":"2,000-5,000 /month","applications":"Be an early applicant","skills":[".NET","Amazon Web Services (AWS)","Cloud Computing","Data Analytics","Data Science","Java","Machine Learning","PHP","Python"],"perks":["Certificate","Letter of recommendation","Flexible work hours","Informal dress code","Job offer"],"openings":"25"},{"url":"/internship/detail/robotics-electronics-part-time-job-internship-at-hyderabad-in-space-renaissance-indian-chapter1667291253","name":"Robotics & Electronics","company":"Space Renaissance Indian Chapter","location":"Hyderabad","duration":"1 Month","stipend":"2,000 /month + Incentives","applications":"Be an early applicant","skills":["Arduino","Embedded Systems","Internet of Things (IoT)","Python","Raspberry Pi","Report Writing","Robotics"],"perks":["Certificate","Letter of recommendation","Flexible work hours"],"openings":"3"},{"url":"/internship/detail/electronics-engineering-internship-in-bangalore-at-infinityx-innovations-private-limited1667290181","name":"Electronics Engineering","company":"InfinityX Innovations Private Limited","location":"Bangalore","duration":"3 Months","stipend":"15,000 /month + Incentives","applications":"28 applicants","skills":["Arduino","C++ Programming","C Programming","Internet of Things (IoT)","Python","Raspberry Pi"],"perks":["Certificate","Letter of recommendation","Informal dress code"],"openings":"1"},{"url":"/internship/detail/renewable-power-product-development-internship-in-ahmedabad-at-tropical-solar-energy-private-limited1667308649","name":"Renewable Power Product Development","company":"Tropical Solar Energy Private Limited","location":"Ahmedabad","duration":"6 Months","stipend":"5,000 /month","applications":"Be an early applicant","skills":["Arduino","AutoCAD","MATLAB","PCB Soldering","Python"],"perks":["Certificate","Letter of recommendation","Informal dress code","Free snacks & beverages"],"openings":"2"},{"url":"/internship/detail/embedded-systems-internship-in-delhi-at-serrax-technologies1667305807","name":"Embedded Systems","company":"Serrax Technologies","location":"Delhi","duration":"6 Months","stipend":"10,000 /month","applications":"28 applicants","skills":["Arduino","ARM Microcontroller","C++ Programming","Circuit Design","C Programming","Embedded Systems","Internet of Things (IoT)"],"perks":["Certificate","Letter of recommendation","Job offer"],"openings":"1"},{"url":"/internship/detail/embedded-firmware-internship-in-pune-at-unbox-robotics1667288426","name":"Embedded Firmware","company":"Unbox Robotics","location":"Pune","duration":"3 Months","stipend":"10,000-20,000 /month","applications":"Be an early applicant","skills":[],"perks":["Certificate","Letter of recommendation","Flexible work hours","Informal dress code","5 days a week"],"openings":"1"},{"url":"/internship/detail/mechatronics-internship-in-bangalore-at-infinityx-innovations-private-limited1667284465","name":"Mechatronics","company":"InfinityX Innovations Private Limited","location":"Bangalore","duration":"3 Months","stipend":"15,000 /month + Incentives","applications":"45 applicants","skills":["Arduino","AutoCAD","Embedded Systems","Python","Raspberry Pi","Robotics"],"perks":["Certificate","Letter of recommendation","Informal dress code","Job offer"],"openings":"1"},{"url":"/internship/detail/mechanical-engineering-3d-printing-internship-in-hyderabad-at-garuda3d1667288588","name":"Mechanical Engineering (3D Printing)","company":"Garuda3d","location":"Hyderabad","duration":"6 Months","stipend":"7,500 /month","applications":"Be an early applicant","skills":["AutoCAD","Autodesk Fusion 360","Rapid Prototyping","SolidWorks"],"perks":["Certificate","Letter of recommendation","Free snacks & beverages"],"openings":"1"},{"url":"/internship/detail/robotics-innovations-engineering-internship-in-noida-delhi-at-robospecies-technologies-private-limited1667219015","name":"Robotics/Innovations Engineering","company":"Robospecies Technologies Private Limited","location":"Noida","duration":"3 Months","stipend":"5,000 /month","applications":"28 applicants","skills":["Arduino","C++ Programming","Raspberry Pi","Robotics"],"perks":["Certificate","Letter of recommendation","Informal dress code","Job offer"],"openings":"5"}]}