{"success":27,"failed":0,"internships":[{"url":"/internship/detail/embedded-hardware-engineering-internship-in-mumbai-at-faclon1667281397","name":"Embedded Hardware Engineering","company":"Faclon","location":"Mumbai","duration":"3 Months","stipend":"7,000-10,000 /month","applications":"Be an early applicant","skills":["Circuit Design","EAGLE","Embedded Systems","PCB Design","PCB Soldering"],"perks":["Certificate"],"openings":"2"},{"url":"/internship/detail/embedded-hardware-internship-in-pune-at-unbox-robotics1667288398","name":"Embedded Hardware","company":"Unbox Robotics","location":"Pune","duration":"3 Months","stipend":"10,000-20,000 /month","applications":"27 applicants","skills":["EAGLE","PCB Design"],"perks":["Flexible work hours","Informal dress code","5 days a week"],"openings":"1"},{"url":"/internship/detail/embedded-systems-hardware-firmware-internship-in-pune-mumbai-at-sqm-technologies1667582930","name":"Embedded Systems Hardware & Firmware","company":"SqM Technologies","location":"Pune","duration":"6 Months","stipend":"8,000 /month","applications":"Be an early applicant","skills":[],"perks":["Certificate","Letter of recommendation"],"openings":"1"},{"url":"/internship/detail/embedded-systems-iot-internship-in-chandigarh-mohali-at-zippiai1667464129","name":"Embedded Systems IOT","company":"Zippiai","location":"Chandigarh","duration":"4 Months","stipend":"5,000-8,000 /month","applications":"Be an early applicant","skills":["Arduino","C Programming","Embedded Systems","Internet of Things (IoT)","Raspberry Pi"],"perks":["Certificate","Letter of recommendation","Flexible work hours","Informal dress code","5 days a week","Job offer"],"openings":"2"},{"url":"/internship/detail/embedded-engineering-internship-in-chennai-at-aero3601667540264","name":"Embedded Engineering","company":"Aero360","location":"Chennai","duration":"6 Months","stipend":"15,000-25,000 /month","applications":"Be an early applicant","skills":[],"perks":["Certificate","Letter of recommendation","Informal dress code","Free snacks & beverages"],"openings":"2"},{"url":"/internship/detail/embedded-systems-internship-in-bhubaneswar-at-y3x-innovatech-private-limited1667523637","name":"Embedded Systems","company":"Y3X Innovatech Private Limited","location":"Bhubaneswar","duration":"3 Months","stipend":"20,000-40,000 /month","applications":"Be an early applicant","skills":["Android","C++ Programming","C Programming","PCB Design","Python"],"perks":["Certificate","Flexible work hours","Informal dress code","Job offer"],"openings":"3"},{"url":"/internship/detail/firmware-development-internship-in-bangalore-at-wildly-tech-private-limited1667399478","name":"Firmware Development","company":"Wildly Tech Private Limited","location":"Bangalore","duration":"6 Months","stipend":"25,000 /month + Incentives","applications":"43 applicants","skills":["C++ Programming","C Programming","Embedded Systems","Python"],"perks":["Letter of recommendation","Informal dress code","Free snacks & beverages"],"openings":"1"},{"url":"/internship/detail/teaching-electronics-internship-in-moradabad-at-main-marshals1667453889","name":"Teaching (Electronics)","company":"Main Marshals","location":"Moradabad","duration":"6 Months","stipend":"10,000 /month","applications":"Be an early applicant","skills":["Arduino","C Programming","Embedded Systems","Internet of Things (IoT)","PCB Design","Python","Raspberry Pi","Teaching"],"perks":["Certificate","Letter of recommendation"],"openings":"2"},{"url":"/internship/detail/embedded-programming-internship-in-bangalore-at-nhanz-systems-private-limited1667453685","name":"Embedded Programming","company":"NHANZ Systems Private Limited","location":"Bangalore","duration":"6 Months","stipend":"12,000 /month","applications":"Be an early applicant","skills":["C++ Programming","C Programming","Embedded Systems","MATLAB"],"perks":["Certificate","Flexible work hours"],"openings":"2"},{"url":"/internship/detail/hardware-design-engineering-internship-in-indore-at-ev-urjaa1667373807","name":"Hardware Design Engineering","company":"EV-Urjaa","location":"Indore","duration":"3 Months","stipend":"6,000-10,000 /month","applications":"Be an early applicant","skills":["Embedded Systems","Internet of Things (IoT)"],"perks":["Certificate","Letter of recommendation"],"openings":"2"},{"url":"/internship/detail/embedded-systems-internship-in-delhi-at-xilir-technologies-llp1667387973","name":"Embedded Systems","company":"XiLiR Technologies LLP","location":"Delhi","duration":"3 Months","stipend":"8,000-15,000 /month","applications":"47 applicants","skills":["Adobe Photoshop","Embedded Systems","Facebook Marketing","MATLAB","Search Engine Optimization (SEO)"],"perks":["Certificate","Letter of recommendation","Job offer"],"openings":"5"},{"url":"/internship/detail/embedded-systems-internship-in-delhi-at-serrax-technologies1667305807","name":"Embedded Systems","company":"Serrax Technologies","location":"Delhi","duration":"6 Months","stipend":"10,000 /month","applications":"28 applicants","skills":["Arduino","ARM Microcontroller","C++ Programming","Circuit Design","C Programming","Embedded Systems","Internet of Things (IoT)"],"perks":["Certificate","Letter of recommendation","Job offer"],"openings":"1"},{"url":"/internship/detail/embedded-firmware-internship-in-pune-at-unbox-robotics1667288426","name":"Embedded Firmware","company":"Unbox Robotics","location":"Pune","duration":"3 Months","stipend":"10,000-20,000 /month","applications":"Be an early applicant","skills":[],"perks":["Certificate","Letter of recommendation","Flexible work hours","Informal dress code","5 days a week"],"openings":"1"},{"url":"/internship/detail/robotics-innovations-engineering-internship-in-noida-delhi-at-robospecies-technologies-private-limited1667219015","name":"Robotics/Innovations Engineering","company":"Robospecies Technologies Private Limited","location":"Noida","duration":"3 Months","stipend":"5,000 /month","applications":"28 applicants","skills":["Arduino","C++ Programming","Raspberry Pi","Robotics"],"perks":["Certificate","Letter of recommendation","Informal dress code","Job offer"],"openings":"5"},{"url":"/internship/detail/mechatronics-internship-in-mumbai-at-global-technical-services1667201487","name":"Mechatronics","company":"Global Technical Services","location":"Mumbai","duration":"6 Months","stipend":"10,000 /month","applications":"Be an early applicant","skills":["Embedded Systems","PCB Design","Python"],"perks":[],"openings":"3"},{"url":"/internship/detail/power-electronics-internship-in-lucknow-bangalore-at-instantpost1667101806","name":"Power Electronics","company":"InstantPost","location":"Lucknow","duration":"6 Months","stipend":"2,000-6,000 /month","applications":"Be an early applicant","skills":["Arduino","C++ Programming","C Programming","Linux","PCB Design","PCB Soldering","Python"],"perks":["Certificate","Flexible work hours"],"openings":"1"},{"url":"/internship/detail/embedded-systems-internship-in-delhi-at-rightwatts1666955291","name":"Embedded Systems","company":"RightWatts","location":"Delhi","duration":"3 Months","stipend":"2,000 /month","applications":"30 applicants","skills":["ARM Microcontroller","C++ Programming","Circuit Design","C Programming","Embedded Systems","Internet of Things (IoT)","Python"],"perks":["Certificate","Informal dress code"],"openings":"1"},{"url":"/internship/detail/embedded-systems-engineering-internship-in-nagpur-at-machlab-innovations-and-research-centre1666933903","name":"Embedded Systems Engineering","company":"Machlab Innovations And Research Centre","location":"Nagpur","duration":"6 Months","stipend":"7,000 /month","applications":"Be an early applicant","skills":["Circuit Design","EAGLE","Embedded Systems","Internet of Things (IoT)","PCB Design","PCB Soldering"],"perks":["Certificate","Informal dress code"],"openings":"1"},{"url":"/internship/detail/embedded-systems-internship-in-gurgaon-at-ahoy-systems-private-limited1666630738","name":"Embedded Systems","company":"Ahoy Systems Private Limited","location":"Gurgaon","duration":"6 Months","stipend":"5,000-10,000 /month","applications":"38 applicants","skills":["Arduino","Embedded Systems","PCB Design"],"perks":["Certificate","Flexible work hours","Informal dress code","5 days a week","Free snacks & beverages","Job offer"],"openings":"5"},{"url":"/internship/detail/embedded-c-development-internship-in-multiple-locations-at-possibuild-building-technologies1666701897","name":"Embedded C Development","company":"PossiBuild Building Technologies","location":"Secunderabad","duration":"6 Months","stipend":"10,000-12,000 /month","applications":"52 applicants","skills":["Arduino","Embedded Systems"],"perks":["Certificate","5 days a week","Job offer"],"openings":"2"},{"url":"/internship/detail/embedded-robotics-internship-in-chennai-at-aavrtti-technologies-private-limited1666691869","name":"Embedded & Robotics","company":"AAVRTTI TECHNOLOGIES PRIVATE LIMITED","location":"Chennai","duration":"6 Months","stipend":"5,000 /month + Incentives","applications":"Be an early applicant","skills":["Embedded Systems","Python","Rapid Prototyping","Raspberry Pi","Robotics"],"perks":["Certificate","Letter of recommendation"],"openings":"1"},{"url":"/internship/detail/embedded-systems-engineering-internship-in-kozhikode-bangalore-at-ingen-dynamics-inc-part-of-ah-dynamics-and-robotics-private-limited1666674924","name":"Embedded Systems Engineering","company":"InGen Dynamics Inc. (Part Of AH Dynamics And Robotics Private Limited)","location":"Kozhikode","duration":"6 Months","stipend":"6,400 /month","applications":"57 applicants","skills":["Analog And Digital Circuits","C++ Programming","C Programming","Embedded Systems","Robotics"],"perks":["Certificate","Letter of recommendation"],"openings":"2"},{"url":"/internship/detail/electronics-and-embedded-engineering-internship-in-bangalore-at-urosurge-private-limited1666669770","name":"Electronics And Embedded Engineering","company":"Urosurge Private Limited","location":"Bangalore","duration":"6 Months","stipend":"10,000 /month","applications":"46 applicants","skills":["Arduino","ARM Microcontroller","C++ Programming","Circuit Design","Embedded Systems","Internet of Things (IoT)","MS-Office","PCB Design","PCB Soldering","Report Writing"],"perks":["Certificate","Letter of recommendation"],"openings":"1"},{"url":"/internship/detail/embedded-iot-development-internship-in-jaipur-at-9-pointers-tech-private-limited1666556149","name":"Embedded & IoT Development","company":"9 Pointers Tech Private Limited","location":"Jaipur","duration":"6 Months","stipend":"4,000 /month","applications":"Be an early applicant","skills":["Artificial Intelligence","C Programming","ElectronJS","Embedded Systems","Internet of Things (IoT)"],"perks":["Certificate","Letter of recommendation","Flexible work hours","Informal dress code","Free snacks & beverages"],"openings":"4"},{"url":"/internship/detail/embedded-systems-internship-in-surat-at-vegg1666420439","name":"Embedded Systems","company":"Vegg","location":"Surat","duration":"6 Months","stipend":"15,000 /month","applications":"29 applicants","skills":["Embedded Systems"],"perks":["Certificate","Letter of recommendation","Flexible work hours","5 days a week","Job offer"],"openings":"1"},{"url":"/internship/detail/embedded-hardware-designing-internship-in-surat-at-vegg1666420415","name":"Embedded Hardware Designing","company":"Vegg","location":"Surat","duration":"6 Months","stipend":"12,000-14,000 /month","applications":"Be an early applicant","skills":[],"perks":["Certificate","Letter of recommendation","Flexible work hours","5 days a week","Job offer"],"openings":"1"},{"url":"/internship/detail/embedded-systems-part-time-job-internship-at-kolkata-palakkad-in-arijit-majumdar1664192326","name":"Embedded Systems","company":"Arijit Majumdar","location":"Kolkata","duration":"6 Months","stipend":"8,000 /month + Incentives","applications":"67 applicants","skills":["Arduino","ARM Microcontroller","Autodesk Fusion 360","C++ Programming","Circuit Design","Embedded Systems","Internet of Things (IoT)","Python","Raspberry Pi","Robotics"],"perks":["Certificate","Letter of recommendation","Flexible work hours","Informal dress code"],"openings":"2"}]}