{"success":23,"failed":0,"internships":[{"url":"/internship/detail/product-design-engineering-internship-in-chakan-at-ra-global-tech-solutions-llp1667482576","name":"Product Design Engineering","company":"RA Global Tech Solutions LLP","location":"Chakan","duration":"3 Months","stipend":"2,000 /month","applications":"Be an early applicant","skills":["Blender 3D","CAD","Design Thinking"],"perks":["Certificate","Letter of recommendation","5 days a week"],"openings":"2"},{"url":"/internship/detail/mechatronics-engineering-internship-in-bangalore-at-yolabs1667542526","name":"Mechatronics Engineering","company":"Yolabs","location":"Bangalore","duration":"6 Months","stipend":"11,000-15,000 /month","applications":"Be an early applicant","skills":["Arduino","Autodesk Fusion 360","Blender 3D","C++ Programming","Circuit Design","CNC Programming","Embedded Systems","Python","Raspberry Pi","Robotics","Unity 3D"],"perks":["Certificate","Letter of recommendation","Flexible work hours","Informal dress code","Free snacks & beverages","Job offer"],"openings":"3"},{"url":"/internship/detail/ui-ux-design-internship-in-gurgaon-at-finverv1667375292","name":"UI/UX Design","company":"Finverv","location":"Gurgaon","duration":"6 Months","stipend":"10,000 /month","applications":"Be an early applicant","skills":["Adobe XD","UI & UX Design","User Interface (UI) Development"],"perks":["Certificate","Letter of recommendation","Flexible work hours","Informal dress code","5 days a week"],"openings":"1"},{"url":"/internship/detail/engineering-design-internship-in-mumbai-at-ra-global-tech-solutions-llp1667482525","name":"Engineering Design","company":"RA Global Tech Solutions LLP","location":"Mumbai","duration":"3 Months","stipend":"3,000 /month","applications":"Be an early applicant","skills":["Autodesk Fusion 360","SolidWorks"],"perks":["Certificate","Letter of recommendation","5 days a week"],"openings":"1"},{"url":"/internship/detail/design-engineering-part-time-job-internship-at-hyderabad-in-nanofusion1667475299","name":"Design Engineering","company":"NANOFUSION","location":"Hyderabad","duration":"3 Months","stipend":"6,000 /month + Incentives","applications":"Be an early applicant","skills":["ANSYS","Autodesk Fusion 360","SolidWorks"],"perks":["Certificate","Letter of recommendation","Flexible work hours","Informal dress code","5 days a week","Job offer"],"openings":"4"},{"url":"/internship/detail/design-engineering-part-time-job-internship-at-chennai-in-first-feet-engineering1667474045","name":"Design Engineering","company":"First Feet Engineering","location":"Chennai","duration":"3 Months","stipend":"5,000 /month","applications":"Be an early applicant","skills":["AutoCAD","SolidWorks"],"perks":["Certificate","Letter of recommendation","Flexible work hours","Informal dress code"],"openings":"3"},{"url":"/internship/detail/electronic-design-internship-in-bangalore-at-electrine-ingenum-solutions-private-limited1667468336","name":"Electronic Design","company":"Electrine Ingenum Solutions Private Limited","location":"Bangalore","duration":"6 Months","stipend":"10,000 /month","applications":"32 applicants","skills":["Analog And Digital Circuits","Circuit Design"],"perks":["Certificate","Letter of recommendation"],"openings":"2"},{"url":"/internship/detail/pcb-design-and-coding-work-from-home-job-internship-at-pp-technologies1667403374","name":"PCB Design And Coding","company":"PP Technologies","location":"Work From Home","duration":"1 Week","stipend":"10,000 /week","applications":"93 applicants","skills":["C Programming","PCB Design"],"perks":["Certificate","Letter of recommendation","Flexible work hours"],"openings":"1"},{"url":"/internship/detail/industrial-design-internship-in-nashik-at-viaterra-travel-gear-private-limited1667463118","name":"Industrial Design","company":"Viaterra Travel Gear Private Limited","location":"Nashik","duration":"3 Months","stipend":"15,000-20,000 /month","applications":"Be an early applicant","skills":["Adobe Creative Suite","AutoCAD","Autodesk Fusion 360","Autodesk SketchBook","Design Thinking"],"perks":["Certificate","Informal dress code"],"openings":"1"},{"url":"/internship/detail/product-designing-internship-in-delhi-at-shilpkar-construction-private-limited1667461910","name":"Product Designing","company":"Shilpkar Construction Private Limited","location":"Delhi","duration":"2 Months","stipend":"5,000 /month","applications":"Be an early applicant","skills":["Adobe Illustrator","Adobe Photoshop","Blender 3D","Google Suite (G Suite)"],"perks":["Certificate","Letter of recommendation","Informal dress code"],"openings":"1"},{"url":"/internship/detail/mechanical-design-internship-in-chennai-at-trdfin-support-services1667460700","name":"Mechanical Design","company":"TRDFIN Support Services","location":"Chennai","duration":"6 Months","stipend":"15,000 /month","applications":"Be an early applicant","skills":["ANSYS","SolidWorks"],"perks":["Certificate","5 days a week"],"openings":"2"},{"url":"/internship/detail/engineering-design-internship-in-bangalore-at-infinityx-innovations-private-limited1667284205","name":"Engineering Design","company":"InfinityX Innovations Private Limited","location":"Bangalore","duration":"3 Months","stipend":"15,000 /month + Incentives","applications":"76 applicants","skills":["AutoCAD","Catia","SolidWorks"],"perks":["Certificate","Letter of recommendation","Informal dress code","Job offer"],"openings":"2"},{"url":"/internship/detail/industrial-design-internship-in-bangalore-at-pereyan-llp1667153964","name":"Industrial Design","company":"Pereyan LLP","location":"Bangalore","duration":"6 Months","stipend":"10,000 /month","applications":"33 applicants","skills":["Adobe Illustrator","Adobe Photoshop"],"perks":["Certificate"],"openings":"2"},{"url":"/internship/detail/product-design-internship-in-bangalore-at-pereyan-llp1667154122","name":"Product Design","company":"Pereyan LLP","location":"Bangalore","duration":"6 Months","stipend":"10,000 /month","applications":"46 applicants","skills":["Adobe Illustrator"],"perks":["Certificate"],"openings":"2"},{"url":"/internship/detail/interior-design-work-from-home-job-internship-at-la-casa-bellisimo1667121613","name":"Interior Design","company":"La Casa Bellisimo","location":"Work From Home","duration":"2 Months","stipend":"5,000 /month","applications":"178 applicants","skills":["3ds Max","Adobe After Effects","Adobe Illustrator","Adobe Indesign","Adobe Photoshop","Adobe Photoshop Lightroom CC","Autodesk Revit"],"perks":["Certificate","Letter of recommendation"],"openings":"2"},{"url":"/internship/detail/3d-mechanical-design-internship-in-delhi-at-3d-paradise1667042018","name":"3D Mechanical Design","company":"3D Paradise","location":"Delhi","duration":"6 Months","stipend":"6,000-10,000 /month","applications":"39 applicants","skills":["AutoCAD","Autodesk Fusion 360","SolidWorks"],"perks":["Certificate","Letter of recommendation","Flexible work hours","Informal dress code","Job offer"],"openings":"1"},{"url":"/internship/detail/operations-internship-in-gurgaon-at-js-water-energy-life-company1666867824","name":"Operations","company":"JS Water Energy Life Company","location":"Gurgaon","duration":"3 Months","stipend":"9,000 /month","applications":"56 applicants","skills":["English Proficiency (Spoken)","MS-Excel","MS-Office"],"perks":["Certificate","Letter of recommendation","Free snacks & beverages","Job offer"],"openings":"2"},{"url":"/internship/detail/engineering-design-internship-in-pune-at-solarsquare-energy-private-limited1666940303","name":"Engineering Design","company":"SolarSquare Energy Private Limited","location":"Pune","duration":"3 Months","stipend":"10,000-15,000 /month","applications":"68 applicants","skills":["AutoCAD"],"perks":["Certificate","Flexible work hours","Informal dress code"],"openings":"2"},{"url":"/internship/detail/product-design-internship-in-indore-at-raheja-solar-food-processing1666867762","name":"Product Design","company":"Raheja Solar Food Processing","location":"Indore","duration":"2 Months","stipend":"3,000 /month + Incentives","applications":"Be an early applicant","skills":[],"perks":["Certificate","Letter of recommendation","Flexible work hours"],"openings":"1"},{"url":"/internship/detail/solar-project-design-engineering-internship-in-delhi-at-solar-mait-india1666780709","name":"Solar Project Design Engineering","company":"SOLAR-MAIT India","location":"Delhi","duration":"6 Months","stipend":"10,000 /month","applications":"35 applicants","skills":["AutoCAD","Google SketchUp","Project Management","STAAD.Pro"],"perks":["Certificate","Letter of recommendation","Flexible work hours","Job offer"],"openings":"2"},{"url":"/internship/detail/cad-exterior-design-engineering-quality-assurance-work-from-home-job-internship-at-darpan-gogia1666771639","name":"CAD Exterior Design Engineering - Quality Assurance","company":"Darpan Gogia","location":"Work From Home","duration":"6 Months","stipend":"10,000-12,000 /month","applications":"218 applicants","skills":["CAD","MS-Excel","Quality Assurance/Quality Control (QA/QC)","Report Writing"],"perks":["Job offer"],"openings":"4"},{"url":"/internship/detail/mechanical-design-engineering-internship-in-kozhikode-bangalore-at-ingen-dynamics-inc-part-of-ah-dynamics-and-robotics-private-limited1666675172","name":"Mechanical Design Engineering","company":"InGen Dynamics Inc. (Part Of AH Dynamics And Robotics Private Limited)","location":"Kozhikode","duration":"6 Months","stipend":"6,400 /month","applications":"82 applicants","skills":["Autodesk Fusion 360","Blender 3D","CAD","Robotics","SolidWorks"],"perks":["Certificate","Letter of recommendation"],"openings":"2"},{"url":"/internship/detail/innovation-engineering-internship-in-bangalore-at-ecobloom-ev-private-limited1666356867","name":"Innovation Engineering","company":"Ecobloom EV Private Limited","location":"Bangalore","duration":"6 Months","stipend":"5,000-10,000 /month","applications":"61 applicants","skills":[],"perks":["Certificate","Flexible work hours","Informal dress code","Job offer"],"openings":"1"}]}