{"success":3,"failed":0,"internships":[{"url":"/internship/detail/environmental-social-governance-internship-in-delhi-at-vmc-management-consulting-private-limited1667554033","name":"Environmental Social Governance","company":"VMC Management Consulting Private Limited","location":"Delhi","duration":"6 Months","stipend":"15,000 /month","applications":"26 applicants","skills":[],"perks":["Certificate"],"openings":"2"},{"url":"/internship/detail/environmental-sciences-work-from-home-job-internship-at-beyul-private-limited1666676673","name":"Environmental Sciences","company":"Beyul Private Limited","location":"Work From Home","duration":"6 Months","stipend":"1,000 /month","applications":"80 applicants","skills":["Research and Analytics"],"perks":["Certificate","Letter of recommendation","Flexible work hours"],"openings":"1"},{"url":"/internship/detail/internship-at-centre-for-science-and-environment-cse1614340153","name":"Volunteering","company":"Centre For Science And Environment (CSE)","location":"Delhi","duration":"Not Provided","stipend":"Not provided","applications":"Be an early applicant","skills":[],"perks":[]}]}