{"success":40,"failed":0,"internships":[{"url":"/internship/detail/event-management-internship-in-noida-at-times-internet-limited1667456057","name":"Event Management","company":"Times Internet Limited","location":"Noida","duration":"6 Months","stipend":"10,000 /month","applications":"Be an early applicant","skills":["English Proficiency (Spoken)","Event Management","MS-Excel","MS-Office"],"perks":["Certificate","Informal dress code","5 days a week"],"openings":"2"},{"url":"/internship/detail/event-management-internship-in-noida-at-times-internet1666946345","name":"Event Management","company":"Times Internet","location":"Noida","duration":"6 Months","stipend":"7,000 /month","applications":"Be an early applicant","skills":[],"perks":["Certificate"],"openings":"1"},{"url":"/internship/detail/project-planning-spacebound-internship-in-mumbai-at-bookmyshow1665662837","name":"Project Planning (Spacebound)","company":"BookMyShow","location":"Mumbai","duration":"6 Months","stipend":"7,500 /month","applications":"125 applicants","skills":["Event Management","MS-Office"],"perks":["Certificate","Informal dress code","5 days a week"],"openings":"1"},{"url":"/internship/detail/event-management-internship-in-patna-at-testbook1667285193","name":"Event Management","company":"Testbook","location":"Patna","duration":"6 Months","stipend":"10,000 /month","applications":"Be an early applicant","skills":["Event Management","Operations"],"perks":["Certificate","Informal dress code","Job offer"],"openings":"6"},{"url":"/internship/detail/digital-event-marketing-internship-in-delhi-at-stirring-minds1667413031","name":"Digital Event Marketing","company":"Stirring Minds","location":"Delhi","duration":"3 Months","stipend":"5,000-7,000 /month","applications":"Be an early applicant","skills":["Digital Marketing","Email Marketing","English Proficiency (Written)","Social Media Marketing"],"perks":["Certificate","Informal dress code","Free snacks & beverages"],"openings":"4"},{"url":"/internship/detail/event-management-internship-in-goa-velha-at-arachnomesh-technologies-private-limited1666933289","name":"Event Management","company":"Arachnomesh Technologies Private Limited","location":"Goa Velha","duration":"1 Week","stipend":"5,000 /week","applications":"27 applicants","skills":["Event Management"],"perks":["Certificate","5 days a week"],"openings":"10"},{"url":"/internship/detail/event-management-internship-in-bangalore-at-star-fing1667357518","name":"Event Management","company":"Star Fing","location":"Bangalore","duration":"3 Months","stipend":"5,000 /month + Incentives","applications":"64 applicants","skills":[],"perks":["Certificate","Letter of recommendation"],"openings":"20"},{"url":"/internship/detail/event-management-internship-in-delhi-at-stirring-minds1667413173","name":"Event Management","company":"Stirring Minds","location":"Delhi","duration":"3 Months","stipend":"5,000-7,000 /month","applications":"Be an early applicant","skills":[],"perks":["Certificate","Letter of recommendation","Informal dress code","Free snacks & beverages"],"openings":"3"},{"url":"/internship/detail/event-management-internship-in-delhi-at-stirring-minds1667413076","name":"Event Management","company":"Stirring Minds","location":"Delhi","duration":"6 Months","stipend":"7,000-10,000 /month","applications":"Be an early applicant","skills":["Business Research","Digital Marketing","Event Management","Sales","Sales and Marketing"],"perks":["Certificate","Letter of recommendation","Informal dress code","Free snacks & beverages"],"openings":"4"},{"url":"/internship/detail/event-management-part-time-job-internship-at-gurgaon-in-simmi-foundation-organization1666947367","name":"Event Management","company":"Simmi Foundation Organization","location":"Gurgaon","duration":"1 Month","stipend":"Unpaid","applications":"Be an early applicant","skills":["English Proficiency (Spoken)","English Proficiency (Written)","Event Management","MS-Office"],"perks":["Certificate","Letter of recommendation","Flexible work hours","Informal dress code","5 days a week","Free snacks & beverages","Job offer"],"openings":"5"},{"url":"/internship/detail/wedding-planning-internship-in-faridabad-at-papercut-events-private-limited1667631451","name":"Wedding Planning","company":"Papercut Events Private Limited","location":"Faridabad","duration":"6 Months","stipend":"10,000 /month","applications":"Be an early applicant","skills":["Digital Marketing","Email Marketing","English Proficiency (Spoken)","English Proficiency (Written)","MS-Excel","MS-Office","Social Media Marketing"],"perks":["Certificate","Letter of recommendation","Flexible work hours","Informal dress code"],"openings":"5"},{"url":"/internship/detail/event-management-internship-in-vadodara-at-prabandhh1667586608","name":"Event Management","company":"Prabandhh","location":"Vadodara","duration":"3 Months","stipend":"10,000-20,000 /month","applications":"Be an early applicant","skills":["English Proficiency (Spoken)","English Proficiency (Written)","Event Management","MS-Excel","MS-Office","MS-PowerPoint"],"perks":["Certificate","Letter of recommendation","Flexible work hours"],"openings":"10"},{"url":"/internship/detail/event-management-internship-in-mumbai-at-catalyst1667571528","name":"Event Management","company":"Catalyst","location":"Mumbai","duration":"3 Months","stipend":"7,000-7,500 /month","applications":"Be an early applicant","skills":["MS-Excel","MS-PowerPoint","Social Media Marketing"],"perks":["Certificate","Letter of recommendation","Free snacks & beverages"],"openings":"2"},{"url":"/internship/detail/event-management-internship-in-multiple-locations-at-leadengine1667570098","name":"Event Management","company":"Leadengine","location":"Ahmedabad","duration":"6 Months","stipend":"7,000-14,000 /month","applications":"Be an early applicant","skills":["Email Marketing","English Proficiency (Spoken)","English Proficiency (Written)","MS-Excel","MS-Office","Report Writing"],"perks":["Certificate","Letter of recommendation","Flexible work hours","5 days a week","Job offer"],"openings":"15"},{"url":"/internship/detail/digital-marketing-social-impact-work-from-home-job-internship-at-kapil-chhabra1667565970","name":"Digital Marketing (Social Impact)","company":"Kapil Chhabra","location":"Work From Home","duration":"6 Months","stipend":"1,200 /month","applications":"Be an early applicant","skills":["Digital Marketing","Event Management","MS-Office","Social Media Marketing"],"perks":["Certificate","Flexible work hours"],"openings":"2"},{"url":"/internship/detail/event-management-part-time-job-internship-at-delhi-pune-in-vayve-mobility-private-limited1667543639","name":"Event Management","company":"Vayve Mobility Private Limited","location":"Delhi","duration":"3 Months","stipend":"10,000 /month","applications":"Be an early applicant","skills":["English Proficiency (Spoken)","English Proficiency (Written)","Event Management"],"perks":["Certificate","Letter of recommendation","Flexible work hours","5 days a week"],"openings":"1"},{"url":"/internship/detail/event-management-part-time-job-internship-at-bangalore-in-rahul-agarwal1667457669","name":"Event Management","company":"Rahul Agarwal","location":"Bangalore","duration":"3 Months","stipend":"3,000 /month + Incentives","applications":"Be an early applicant","skills":["Event Management","Operations"],"perks":["Flexible work hours","Informal dress code","5 days a week","Free snacks & beverages"],"openings":"2"},{"url":"/internship/detail/fieldwork-local-fellow-internship-in-bangalore-at-pollinate-group1667481924","name":"Fieldwork (Local Fellow)","company":"Pollinate Group","location":"Bangalore","duration":"2 Months","stipend":"10,000-12,000 /month","applications":"Be an early applicant","skills":["English Proficiency (Spoken)","Kannada Proficiency (Spoken)"],"perks":["Certificate","5 days a week"],"openings":"4"},{"url":"/internship/detail/event-coordination-internship-in-delhi-at-career-beacon1667475626","name":"Event Coordination","company":"Career Beacon","location":"Delhi","duration":"1 Week","stipend":"1,000 lump sum","applications":"Be an early applicant","skills":[],"perks":["Certificate","Letter of recommendation","Flexible work hours","5 days a week"],"openings":"10"},{"url":"/internship/detail/event-management-internship-in-ahmedabad-at-the-monastery1667384520","name":"Event Management","company":"The Monastery","location":"Ahmedabad","duration":"3 Months","stipend":"3,000-5,000 /month","applications":"Be an early applicant","skills":["Client Relationship","English Proficiency (Spoken)","English Proficiency (Written)","Event Management","Social Media Marketing"],"perks":["Certificate","Letter of recommendation","Informal dress code","Free snacks & beverages"],"openings":"1"},{"url":"/internship/detail/auto-expo-2023-management-internship-in-multiple-locations-at-teamcore-events1667463193","name":"Auto Expo 2023 - Management","company":"TEAMCORE EVENTS","location":"Faridabad","duration":"1 Month","stipend":"20,000-35,000 /month","applications":"Be an early applicant","skills":["English Proficiency (Spoken)","Event Management","Fashion Styling","Statistical Modeling"],"perks":["Informal dress code","Free snacks & beverages"],"openings":"10"},{"url":"/internship/detail/event-management-part-time-job-internship-at-multiple-locations-in-teamcore-events1667463134","name":"Event Management","company":"TEAMCORE EVENTS","location":"Faridabad","duration":"2 Months","stipend":"10,000-20,000 /month","applications":"Be an early applicant","skills":["English Proficiency (Spoken)","English Proficiency (Written)","Event Management","Fashion Designing","Fashion Styling"],"perks":["Informal dress code","Free snacks & beverages"],"openings":"5"},{"url":"/internship/detail/event-management-part-time-job-internship-at-multiple-locations-in-team-core1667462695","name":"Event Management","company":"Team Core","location":"Delhi","duration":"2 Months","stipend":"10,000-16,000 /month","applications":"Be an early applicant","skills":["English Proficiency (Spoken)","English Proficiency (Written)","Event Management"],"perks":["Informal dress code","Free snacks & beverages","Job offer"],"openings":"10"},{"url":"/internship/detail/stall-management-auto-expo-2023-part-time-job-internship-at-multiple-locations-in-team-core1667462630","name":"Stall Management (Auto Expo 2023)","company":"Team Core","location":"Faridabad","duration":"1 Month","stipend":"15,000-25,000 /month","applications":"Be an early applicant","skills":["English Proficiency (Spoken)","Event Management","Fashion Styling","Sales and Marketing"],"perks":["Certificate","Informal dress code","Free snacks & beverages"],"openings":"10"},{"url":"/internship/detail/operations-event-management-sports-internship-in-pune-at-get-out-and-play-india1667453849","name":"Operations & Event Management (Sports)","company":"Get Out And Play India","location":"Pune","duration":"3 Months","stipend":"4,000-6,000 /month","applications":"Be an early applicant","skills":[],"perks":["Certificate","Letter of recommendation"],"openings":"2"},{"url":"/internship/detail/marketing-internship-in-bangalore-at-aerchain1667378479","name":"Marketing","company":"Aerchain","location":"Bangalore","duration":"6 Months","stipend":"20,000 /month","applications":"Be an early applicant","skills":["Digital Marketing","Email Marketing","English Proficiency (Spoken)","English Proficiency (Written)","MS-Office","Social Media Marketing"],"perks":["Certificate","Letter of recommendation","Informal dress code","5 days a week","Free snacks & beverages"],"openings":"1"},{"url":"/internship/detail/event-management-and-public-relation-internship-in-delhi-at-nature-products1667451607","name":"Event Management And Public Relation","company":"Nature Products","location":"Delhi","duration":"2 Months","stipend":"5,000-10,000 /month","applications":"Be an early applicant","skills":[],"perks":["Certificate","Letter of recommendation"],"openings":"4"},{"url":"/internship/detail/event-planning-work-from-home-job-internship-at-engineers-cradle1667449948","name":"Event Planning","company":"Engineer's Cradle","location":"Work From Home","duration":"3 Months","stipend":"1,500 /month + Incentives","applications":"Be an early applicant","skills":["Anchoring","English Proficiency (Spoken)","Event Management"],"perks":["Certificate","Letter of recommendation"],"openings":"1"},{"url":"/internship/detail/event-management-marketing-work-from-home-job-internship-at-stirring-minds1667413144","name":"Event Management & Marketing","company":"Stirring Minds","location":"Work From Home","duration":"6 Months","stipend":"5,000-10,000 /month","applications":"146 applicants","skills":["Creative Writing","Facebook Marketing"],"perks":["Certificate","Letter of recommendation"],"openings":"5"},{"url":"/internship/detail/science-show-presenting-internship-in-multiple-locations-at-bluesparrow-events1667379343","name":"Science Show Presenting","company":"Bluesparrow Events","location":"Pune","duration":"6 Months","stipend":"10,000 /month","applications":"Be an early applicant","skills":[],"perks":["Certificate","Letter of recommendation","Flexible work hours"],"openings":"10"},{"url":"/internship/detail/event-management-internship-in-mumbai-at-xtraamile-edu-events1667290664","name":"Event Management","company":"Xtraamile Edu Events","location":"Mumbai","duration":"1 Month","stipend":"5,000 /month","applications":"Be an early applicant","skills":["English Proficiency (Spoken)","MS-Excel"],"perks":["Certificate","Informal dress code"],"openings":"8"},{"url":"/internship/detail/international-event-management-work-from-home-job-internship-at-phygitallco1667316997","name":"International Event Management","company":"Phygitall.co","location":"Work From Home","duration":"6 Months","stipend":"2,000 /month + Incentives","applications":"Be an early applicant","skills":["Email Marketing","English Proficiency (Spoken)","English Proficiency (Written)","MS-Excel","MS-Office","MS-Word"],"perks":["Certificate","Letter of recommendation","Flexible work hours","5 days a week"],"openings":"10"},{"url":"/internship/detail/operations-internship-in-gurgaon-delhi-at-woofsnwagsin1667291803","name":"Operations","company":"Woofsnwags.in","location":"Gurgaon","duration":"1 Week","stipend":"1,000-1,500 /week","applications":"39 applicants","skills":[],"perks":["Certificate","Letter of recommendation","Free snacks & beverages"],"openings":"5"},{"url":"/internship/detail/event-management-internship-in-multiple-locations-at-one-digital1667308903","name":"Event Management","company":"One Digital","location":"Chandigarh","duration":"3 Months","stipend":"8,000 /month","applications":"30 applicants","skills":["English Proficiency (Spoken)","English Proficiency (Written)","Event Management","MS-Excel"],"perks":[],"openings":"2"},{"url":"/internship/detail/event-management-internship-in-hyderabad-at-ibc-media1667225415","name":"Event Management","company":"IBC Media","location":"Hyderabad","duration":"3 Months","stipend":"10,000-12,000 /month","applications":"Be an early applicant","skills":["English Proficiency (Spoken)","Event Management","MS-Excel","MS-Office","MS-PowerPoint"],"perks":["Certificate","Letter of recommendation"],"openings":"3"},{"url":"/internship/detail/event-management-internship-in-mumbai-at-red-cherry-entertainment-llp1667288002","name":"Event Management","company":"Red Cherry Entertainment LLP","location":"Mumbai","duration":"3 Months","stipend":"6,000 /month","applications":"Be an early applicant","skills":["English Proficiency (Spoken)","English Proficiency (Written)"],"perks":["Certificate","Flexible work hours","Informal dress code"],"openings":"2"},{"url":"/internship/detail/event-management-internship-in-delhi-at-art-etc1667283360","name":"Event Management","company":"Art Etc","location":"Delhi","duration":"3 Months","stipend":"5,000-8,000 /month","applications":"Be an early applicant","skills":["Digital Marketing","Social Media Marketing"],"perks":["Informal dress code","5 days a week","Free snacks & beverages"],"openings":"6"},{"url":"/internship/detail/wedding-planning-internship-in-delhi-gurgaon-at-humsafar-weddings1667277764","name":"Wedding Planning","company":"Humsafar Weddings","location":"Delhi","duration":"3 Months","stipend":"5,000 /month","applications":"Be an early applicant","skills":["Email Marketing","English Proficiency (Spoken)","Event Management","Facebook Marketing","Instagram Marketing","Social Media Marketing"],"perks":["Certificate","Letter of recommendation","5 days a week"],"openings":"5"},{"url":"/internship/detail/social-work-work-from-home-job-internship-at-rail-bikash-manch-ngo1667220449","name":"Social Work","company":"Rail Bikash Manch (NGO)","location":"Work From Home","duration":"1 Month","stipend":"Unpaid","applications":"Be an early applicant","skills":[],"perks":["Certificate","Letter of recommendation","Flexible work hours"],"openings":"200"},{"url":"/internship/detail/torch-bearer-leading-work-from-home-job-internship-at-happimynd1667274714","name":"Torch Bearer Leading","company":"HappiMynd","location":"Work From Home","duration":"6 Months","stipend":"5,000 /month","applications":"Be an early applicant","skills":["English Proficiency (Spoken)"],"perks":["Certificate","Letter of recommendation","Flexible work hours"],"openings":"2"}]}