{"success":2,"failed":0,"internships":[{"url":"/internship/detail/facebook-marketing-internship-in-lucknow-at-promotedigitally1667068607","name":"Facebook Marketing","company":"Promotedigitally","location":"Lucknow","duration":"4 Months","stipend":"10,000-15,000 /month","applications":"Be an early applicant","skills":["Copywriting","Digital Advertising","Digital Marketing"],"perks":["Certificate","Letter of recommendation","Flexible work hours","5 days a week","Job offer"],"openings":"2"},{"url":"/internship/detail/facebook-marketing-work-from-home-job-internship-at-messold-technologies1665565374","name":"Facebook Marketing","company":"Messold Technologies","location":"Work From Home","duration":"6 Months","stipend":"7,000-10,000 /month","applications":"678 applicants","skills":["Digital Marketing","Facebook Marketing"],"perks":["Certificate","Letter of recommendation","5 days a week","Job offer"],"openings":"2"}]}