{"success":40,"failed":0,"internships":[{"url":"/internship/detail/fashion-consultantcy-internship-in-multiple-locations-at-reliance-brands-limited1667205170","name":"Fashion Consultantcy","company":"Reliance Brands Limited","location":"Ahmedabad","duration":"3 Months","stipend":"19,000 /month","applications":"144 applicants","skills":[],"perks":["Flexible work hours","Informal dress code"],"openings":"40"},{"url":"/internship/detail/fashion-design-internship-in-bangalore-at-bewakoof1667186450","name":"Fashion Design","company":"Bewakoof","location":"Bangalore","duration":"3 Months","stipend":"8,000 /month","applications":"74 applicants","skills":["Adobe Illustrator"],"perks":["Certificate","Flexible work hours","Informal dress code","5 days a week"],"openings":"5"},{"url":"/internship/detail/fashion-design-customer-support-internship-in-coimbatore-at-bassh-clothing-and-apparels1667538191","name":"Fashion Design & Customer Support","company":"BASSH Clothing And Apparels","location":"Coimbatore","duration":"3 Months","stipend":"5,000 /month","applications":"Be an early applicant","skills":["Fashion Designing","Fashion Styling"],"perks":["Certificate","Letter of recommendation"],"openings":"1"},{"url":"/internship/detail/merchandise-design-internship-in-bangalore-at-aastey1667478351","name":"Merchandise Design","company":"Aastey","location":"Bangalore","duration":"3 Months","stipend":"8,000 /month","applications":"Be an early applicant","skills":["Google Suite (G Suite)","MS-Excel"],"perks":["Certificate","Letter of recommendation","Informal dress code","Free snacks & beverages"],"openings":"1"},{"url":"/internship/detail/merchandise-design-internship-in-bangalore-at-tech-tailor-solutions-private-limited1667559707","name":"Merchandise Design","company":"Tech-Tailor Solutions Private Limited","location":"Bangalore","duration":"6 Months","stipend":"7,500 /month","applications":"Be an early applicant","skills":["Adobe Illustrator","English Proficiency (Spoken)","Fashion Designing","Kannada","MS-Excel","MS-Word"],"perks":["Certificate"],"openings":"1"},{"url":"/internship/detail/fashion-design-merchandising-internship-in-ghaziabad-noida-at-aayom-corporate-solutions-private-limited1667637659","name":"Fashion Design & Merchandising","company":"Aayom Corporate Solutions Private Limited","location":"Ghaziabad","duration":"2 Months","stipend":"3,000 /month","applications":"Be an early applicant","skills":[],"perks":[],"openings":"2"},{"url":"/internship/detail/fashion-design-internship-in-gurgaon-at-rubicon-exim-private-limited-martini1667611479","name":"Fashion Design","company":"Rubicon Exim Private Limited (Martini)","location":"Gurgaon","duration":"3 Months","stipend":"10,000 /month","applications":"Be an early applicant","skills":["Adobe Illustrator","Adobe Photoshop"],"perks":["Letter of recommendation"],"openings":"2"},{"url":"/internship/detail/product-design-internship-in-noida-at-dshop1667544722","name":"Product Design","company":"DSHOP","location":"Noida","duration":"3 Months","stipend":"8,000 /month","applications":"Be an early applicant","skills":[],"perks":["Certificate","Letter of recommendation","Informal dress code"],"openings":"1"},{"url":"/internship/detail/fashion-merchandising-internship-in-delhi-at-we3pr-and-corporate-consultants-private-limited1667574176","name":"Fashion Merchandising","company":"WE3PR And Corporate Consultants Private Limited","location":"Delhi","duration":"5 Months","stipend":"5,000 /month","applications":"Be an early applicant","skills":["English Proficiency (Spoken)","English Proficiency (Written)","Fashion Designing","Fashion Styling","Instagram Marketing","Social Media Marketing"],"perks":["Certificate","Letter of recommendation","Job offer"],"openings":"10"},{"url":"/internship/detail/costumes-and-wardrobe-internship-in-bangalore-at-narayana-group1667574097","name":"Costumes and Wardrobe","company":"Narayana Group","location":"Bangalore","duration":"3 Months","stipend":"15,000 /month","applications":"Be an early applicant","skills":["Fashion Designing","Fashion Styling"],"perks":["Certificate","Flexible work hours","Informal dress code","5 days a week"],"openings":"2"},{"url":"/internship/detail/fashion-design-junior-internship-in-multiple-locations-at-tie-ethnic-online-private-limited-indyverse1667562164","name":"Fashion Design (Junior)","company":"Tie Ethnic Online Private Limited (Indyverse)","location":"Chandigarh","duration":"4 Months","stipend":"10,000 /month","applications":"40 applicants","skills":["Fashion Designing","Fashion Styling"],"perks":["Certificate","Letter of recommendation","Job offer"],"openings":"10"},{"url":"/internship/detail/fashion-design-internship-in-kolkata-at-synonym1667559042","name":"Fashion Design","company":"Synonym","location":"Kolkata","duration":"3 Months","stipend":"5,000 /month","applications":"Be an early applicant","skills":[],"perks":["Letter of recommendation","Informal dress code","Free snacks & beverages","Job offer"],"openings":"1"},{"url":"/internship/detail/product-design-work-from-home-job-internship-at-calm-sleep1667558151","name":"Product Design","company":"Calm Sleep","location":"Work From Home","duration":"3 Months","stipend":"5,000 /month","applications":"Be an early applicant","skills":[],"perks":["Certificate","Letter of recommendation","5 days a week"],"openings":"3"},{"url":"/internship/detail/hand-embroidery-designer-cum-merchandizer-internship-in-mumbai-at-stargaze-embroidery-studio1667552347","name":"Hand Embroidery Designer Cum Merchandizer","company":"Stargaze Embroidery Studio","location":"Mumbai","duration":"6 Months","stipend":"4,000 /month","applications":"Be an early applicant","skills":["Adobe Illustrator","Embroidery making","English Proficiency (Written)","Fashion Designing","MS-Excel","Pattern making","Photography"],"perks":["Certificate","Letter of recommendation"],"openings":"2"},{"url":"/internship/detail/fashion-design-merchandising-internship-in-gurgaon-at-color-cocktail-llp1667550375","name":"Fashion Design & Merchandising","company":"Color Cocktail LLP","location":"Gurgaon","duration":"2 Months","stipend":"8,000 /month","applications":"Be an early applicant","skills":["MS-Excel","MS-Office","MS-PowerPoint"],"perks":["Certificate"],"openings":"2"},{"url":"/internship/detail/fashion-design-work-from-home-job-internship-at-the-house-of-sks1667546217","name":"Fashion Design","company":"The House Of SKS","location":"Work From Home","duration":"2 Months","stipend":"8,000-10,000 /month","applications":"47 applicants","skills":["Adobe Illustrator","Adobe Photoshop","CorelDRAW","Fashion Designing"],"perks":["Certificate","Letter of recommendation","Flexible work hours","5 days a week"],"openings":"1"},{"url":"/internship/detail/graphic-packaging-design-internship-in-ambala-cantt-at-khadi-sadan1667545714","name":"Graphic & Packaging Design","company":"Khadi Sadan","location":"Ambala Cantt","duration":"3 Months","stipend":"5,000-15,000 /month","applications":"Be an early applicant","skills":["Adobe After Effects","Adobe Illustrator","Adobe Indesign","Adobe Photoshop","Adobe Premiere Pro","CorelDRAW","Creative Writing"],"perks":["Certificate","Letter of recommendation","Flexible work hours","Job offer"],"openings":"1"},{"url":"/internship/detail/fashion-styling-internship-in-dubai-at-aditi-agarwal1667462014","name":"Fashion Styling","company":"Aditi Agarwal","location":"Dubai (United Arab Emirates)","duration":"2 Weeks","stipend":"2,000 lump sum","applications":"Be an early applicant","skills":["Fashion Designing","Fashion Styling"],"perks":["Certificate","Letter of recommendation","Informal dress code","Free snacks & beverages"],"openings":"1"},{"url":"/internship/detail/fashion-design-internship-in-gurgaon-at-charkhee1667391741","name":"Fashion Design","company":"Charkhee","location":"Gurgaon","duration":"3 Months","stipend":"2,000 /month","applications":"Be an early applicant","skills":["Adobe Illustrator","Adobe Photoshop","CorelDRAW","Embroidery making"],"perks":["Certificate","Letter of recommendation","Informal dress code"],"openings":"1"},{"url":"/internship/detail/fashion-design-internship-in-bangalore-at-creencia-technologies-private-limited1667390913","name":"Fashion Design","company":"Creencia Technologies Private Limited","location":"Bangalore","duration":"3 Months","stipend":"5,000 /month","applications":"Be an early applicant","skills":["Fashion Designing"],"perks":["Certificate","Flexible work hours","5 days a week"],"openings":"3"},{"url":"/internship/detail/product-designing-internship-in-gurgaon-at-dailyobjects1667453508","name":"Product Designing","company":"DailyObjects","location":"Gurgaon","duration":"3 Months","stipend":"15,000 /month","applications":"Be an early applicant","skills":["Adobe Illustrator","Adobe Photoshop"],"perks":["Certificate"],"openings":"2"},{"url":"/internship/detail/fashion-styling-internship-in-gurgaon-at-khwaishh-enterprises1667376634","name":"Fashion Styling","company":"Khwaishh Enterprises","location":"Gurgaon","duration":"2 Months","stipend":"4,000 /month","applications":"Be an early applicant","skills":["Adobe Illustrator","Adobe Photoshop","Fashion Styling"],"perks":["Certificate","Letter of recommendation","Informal dress code","Free snacks & beverages"],"openings":"2"},{"url":"/internship/detail/fashion-design-internship-in-noida-at-ilariyaa1667413954","name":"Fashion Design","company":"Ilariyaa","location":"Noida","duration":"3 Months","stipend":"3,000 /month","applications":"Be an early applicant","skills":["Business Research","Fashion Designing"],"perks":["Certificate","Letter of recommendation","Flexible work hours","Informal dress code","5 days a week"],"openings":"2"},{"url":"/internship/detail/fashion-design-internship-in-thane-mumbai-at-bespokewala-enterprises-opc-private-limited1667400696","name":"Fashion Design","company":"Bespokewala Enterprises (OPC) Private Limited","location":"Thane","duration":"3 Months","stipend":"5,000 /month","applications":"Be an early applicant","skills":["Fashion Designing"],"perks":["Certificate","Letter of recommendation","Job offer"],"openings":"4"},{"url":"/internship/detail/styling-internship-in-mumbai-at-tomorrowland-apparels-private-limited1667373470","name":"Styling","company":"Tomorrowland Apparels Private Limited","location":"Mumbai","duration":"4 Months","stipend":"10,000 /month","applications":"46 applicants","skills":["Fashion Styling"],"perks":["Certificate","Letter of recommendation","Flexible work hours","Informal dress code","5 days a week","Free snacks & beverages"],"openings":"2"},{"url":"/internship/detail/fashion-design-internship-in-ahmedabad-at-aditi-agarwal1667390318","name":"Fashion Design","company":"Aditi Agarwal","location":"Ahmedabad","duration":"1 Week","stipend":"1,000 lump sum","applications":"Be an early applicant","skills":[],"perks":["Certificate","Letter of recommendation","Informal dress code","Free snacks & beverages"],"openings":"1"},{"url":"/internship/detail/fashion-design-internship-in-delhi-at-label-swatee-singh1667369639","name":"Fashion Design","company":"Label Swatee Singh","location":"Delhi","duration":"6 Months","stipend":"8,000 /month","applications":"Be an early applicant","skills":["Adobe Illustrator","CorelDRAW","Fashion Designing","Sketching"],"perks":["Certificate","Letter of recommendation","Flexible work hours","Informal dress code"],"openings":"1"},{"url":"/internship/detail/fashion-design-internship-in-bangalore-at-saajdesigns1667375299","name":"Fashion Design","company":"SaajDesigns","location":"Bangalore","duration":"6 Months","stipend":"10,000 /month","applications":"Be an early applicant","skills":[],"perks":["Certificate","Letter of recommendation","Informal dress code"],"openings":"2"},{"url":"/internship/detail/fashion-design-internship-in-mumbai-at-aaliya-corporation1667370721","name":"Fashion Design","company":"Aaliya Corporation","location":"Mumbai","duration":"3 Months","stipend":"5,000 /month","applications":"Be an early applicant","skills":["Fashion Designing","Fashion Styling"],"perks":["Certificate"],"openings":"2"},{"url":"/internship/detail/fashion-design-work-from-home-job-internship-at-letsdressup1667297922","name":"Fashion Design","company":"LetsDressUp","location":"Work From Home","duration":"2 Months","stipend":"1,000 /month + Incentives","applications":"52 applicants","skills":["Adobe Illustrator","Adobe Photoshop","Fashion Designing","Fashion Styling"],"perks":["Certificate","Flexible work hours","5 days a week","Job offer"],"openings":"4"},{"url":"/internship/detail/fashion-photography-internship-in-delhi-at-arista-vault1667359860","name":"Fashion Photography","company":"ARISTA VAULT","location":"Delhi","duration":"6 Months","stipend":"15,000 /month","applications":"Be an early applicant","skills":["Adobe After Effects","Adobe Photoshop","Photography"],"perks":["Certificate","Letter of recommendation","Informal dress code","Free snacks & beverages","Job offer"],"openings":"2"},{"url":"/internship/detail/fashion-design-internship-in-delhi-at-lanos-yvvas-essel-enterprises1667347216","name":"Fashion Design","company":"Lanos Yvvas (Essel Enterprises)","location":"Delhi","duration":"6 Months","stipend":"2,500 /month + Incentives","applications":"Be an early applicant","skills":["Adobe Illustrator","Adobe Photoshop","CorelDRAW"],"perks":["Certificate","Letter of recommendation","Informal dress code"],"openings":"2"},{"url":"/internship/detail/fashion-design-internship-in-chennai-at-histyle-india-private-limited1667289384","name":"Fashion Design","company":"Histyle India Private Limited","location":"Chennai","duration":"2 Months","stipend":"5,000-6,000 /month","applications":"Be an early applicant","skills":["Fashion Designing"],"perks":["Certificate","Letter of recommendation"],"openings":"5"},{"url":"/internship/detail/jewelry-designing-internship-in-delhi-at-abhika-gems-jewels1667299886","name":"Jewelry Designing","company":"Abhika Gems & Jewels","location":"Delhi","duration":"2 Months","stipend":"5,000-10,000 /month","applications":"Be an early applicant","skills":[],"perks":["Certificate","Informal dress code"],"openings":"1"},{"url":"/internship/detail/fashion-design-internship-in-jaipur-at-aachho1667296218","name":"Fashion Design","company":"Aachho","location":"Jaipur","duration":"3 Months","stipend":"12,000 /month","applications":"41 applicants","skills":["MS-Office"],"perks":["Certificate","Job offer"],"openings":"4"},{"url":"/internship/detail/fashion-styling-internship-in-mumbai-at-studio-11-productions1667284119","name":"Fashion Styling","company":"Studio 11 Productions","location":"Mumbai","duration":"6 Months","stipend":"5,000 /month","applications":"Be an early applicant","skills":["Fashion Styling"],"perks":["Certificate","Letter of recommendation","Job offer"],"openings":"2"},{"url":"/internship/detail/fashion-photography-communication-internship-in-jaipur-at-jewels-infosystems1667289531","name":"Fashion Photography & Communication","company":"Jewels Infosystems","location":"Jaipur","duration":"6 Months","stipend":"4,000-15,000 /month","applications":"Be an early applicant","skills":["Adobe Photoshop","Adobe Premiere Pro","Fashion Styling","Photography","Social Media Marketing","Video Editing","Video Making"],"perks":["Certificate","Letter of recommendation","Informal dress code","Free snacks & beverages"],"openings":"2"},{"url":"/internship/detail/styling-internship-in-pune-at-talent-wearhouse1667287743","name":"Styling","company":"Talent Wear’House","location":"Pune","duration":"3 Months","stipend":"2,000 /month","applications":"Be an early applicant","skills":["Fashion Styling"],"perks":["Certificate","Letter of recommendation","Informal dress code"],"openings":"2"},{"url":"/internship/detail/fashion-market-research-and-analysis-internship-in-mumbai-at-ekadrishta-exclusives-private-limited1667283304","name":"Fashion Market Research And Analysis","company":"Ekadrishta Exclusives Private Limited","location":"Mumbai","duration":"3 Months","stipend":"3,000 /month","applications":"Be an early applicant","skills":["Business Analysis","Business Research","Content Writing","English Proficiency (Spoken)","English Proficiency (Written)","MS-Excel","MS-Office","Report Writing","Research and Analytics"],"perks":["Certificate","Letter of recommendation","Informal dress code","Job offer"],"openings":"5"},{"url":"/internship/detail/womens-footwear-merchandising-part-time-job-internship-at-gurgaon-noida-in-cranberry-style-mart-private-limited1667283251","name":"Women’s Footwear Merchandising","company":"Cranberry Style Mart Private Limited","location":"Gurgaon","duration":"2 Months","stipend":"5,000-10,000 /month","applications":"Be an early applicant","skills":[],"perks":["Certificate"],"openings":"2"}]}