{"success":18,"failed":0,"internships":[{"url":"/internship/detail/direction-female-internship-in-delhi-at-purani-dili-talkies-llp1666874224","name":"Direction (Female)","company":"Purani Dili Talkies LLP","location":"Delhi","duration":"6 Months","stipend":"7,500 /month","applications":"Be an early applicant","skills":["English Proficiency (Spoken)"],"perks":["Certificate","Letter of recommendation","Flexible work hours","Informal dress code"],"openings":"6"},{"url":"/internship/detail/production-filmmaking-internship-in-pune-at-cast-india1667359615","name":"Production (Filmmaking)","company":"Cast India","location":"Pune","duration":"6 Months","stipend":"7,000 /month","applications":"Be an early applicant","skills":["Video Editing"],"perks":["Certificate","Letter of recommendation","5 days a week"],"openings":"4"},{"url":"/internship/detail/cinematography-internship-in-pune-at-cast-india1664801581","name":"Cinematography","company":"Cast India","location":"Pune","duration":"6 Months","stipend":"7,000 /month","applications":"28 applicants","skills":["Photography","Video Making"],"perks":["Certificate","Flexible work hours","Informal dress code","5 days a week"],"openings":"3"},{"url":"/internship/detail/hindi-script-writing-work-from-home-job-internship-at-bollygrad-studioz1667650964","name":"Hindi Script Writing","company":"Bollygrad Studioz","location":"Work From Home","duration":"6 Months","stipend":"3,500-5,000 /month","applications":"Be an early applicant","skills":["Content Writing","Creative Writing","English Proficiency (Spoken)","English Proficiency (Written)","Hindi Proficiency (Spoken)"],"perks":["Certificate","Letter of recommendation","Job offer"],"openings":"5"},{"url":"/internship/detail/cinematography-internship-in-noida-at-bomi-fortune-private-limited1667565340","name":"Cinematography","company":"Bomi Fortune Private Limited","location":"Noida","duration":"3 Months","stipend":"2,000 /month + Incentives","applications":"Be an early applicant","skills":[],"perks":["Certificate","Letter of recommendation","Informal dress code","5 days a week"],"openings":"1"},{"url":"/internship/detail/film-production-internship-in-jaipur-at-kanchan-cassette-series-kseries1667497269","name":"Film Production","company":"Kanchan Cassette & Series (KSeries)","location":"Jaipur","duration":"3 Months","stipend":"5,000 /month","applications":"Be an early applicant","skills":[],"perks":["Certificate","5 days a week"],"openings":"4"},{"url":"/internship/detail/cinematography-internship-in-bangalore-at-kaalia-productions1667549992","name":"Cinematography","company":"Kaalia Productions","location":"Bangalore","duration":"6 Months","stipend":"8,000 /month","applications":"Be an early applicant","skills":["Adobe After Effects","Adobe Premiere Pro","Video Making"],"perks":["Certificate","Letter of recommendation"],"openings":"1"},{"url":"/internship/detail/creative-marketing-film-industry-internship-in-kolkata-at-mad-monk-media-private-limited1667368411","name":"Creative & Marketing (Film Industry)","company":"Mad Monk Media Private Limited","location":"Kolkata","duration":"6 Months","stipend":"2,000 /month","applications":"Be an early applicant","skills":["Adobe Photoshop","Canva","Creative Writing","Facebook Marketing","Google AdWords","MS-Excel","MS-Office","MS-PowerPoint","MS-Word"],"perks":["Certificate","Letter of recommendation","Informal dress code"],"openings":"10"},{"url":"/internship/detail/assistant-director-part-time-job-internship-at-delhi-noida-in-chilsag-entertainment-network1667380503","name":"Assistant Director","company":"Chilsag Entertainment Network","location":"Delhi","duration":"1 Month","stipend":"3,000 /month","applications":"26 applicants","skills":[],"perks":["Certificate","Letter of recommendation","Flexible work hours","5 days a week"],"openings":"2"},{"url":"/internship/detail/film-production-research-assistance-internship-in-chennai-at-united9-entertainment1667366934","name":"Film Production (Research & Assistance)","company":"United9 Entertainment","location":"Chennai","duration":"3 Months","stipend":"5,000 /month","applications":"Be an early applicant","skills":["MS-Excel"],"perks":["Certificate","Letter of recommendation","Flexible work hours","Informal dress code","5 days a week"],"openings":"2"},{"url":"/internship/detail/video-making-cinematography-internship-in-delhi-at-euler-motors1667366754","name":"Video Making/Cinematography","company":"Euler Motors","location":"Delhi","duration":"3 Months","stipend":"15,000 /month","applications":"Be an early applicant","skills":["Adobe After Effects","Adobe Illustrator","Adobe Photoshop","Adobe Premiere Pro","Final Cut Pro","Video Editing","Video Making"],"perks":["Certificate","Informal dress code"],"openings":"2"},{"url":"/internship/detail/film-production-assistance-internship-in-pune-at-talent-wearhouse1667287776","name":"Film Production Assistance","company":"Talent Wear’House","location":"Pune","duration":"3 Months","stipend":"2,000 /month","applications":"Be an early applicant","skills":[],"perks":["Certificate","Letter of recommendation","Informal dress code"],"openings":"2"},{"url":"/internship/detail/film-production-internship-in-noida-at-nazar-battu-productions1667282190","name":"Film Production","company":"Nazar Battu Productions","location":"Noida","duration":"3 Months","stipend":"10,000 /month","applications":"Be an early applicant","skills":[],"perks":["Certificate","Informal dress code"],"openings":"1"},{"url":"/internship/detail/cinematography-internship-in-noida-at-nazar-battu-productions1667282109","name":"Cinematography","company":"Nazar Battu Productions","location":"Noida","duration":"6 Months","stipend":"8,000-10,000 /month","applications":"Be an early applicant","skills":[],"perks":["Certificate","Letter of recommendation","Informal dress code","Job offer"],"openings":"2"},{"url":"/internship/detail/direction-assistance-internship-in-delhi-noida-at-mifa-productions1667068029","name":"Direction Assistance","company":"Mifa Productions","location":"Delhi","duration":"2 Months","stipend":"5,000 /month","applications":"Be an early applicant","skills":["MS-Excel","MS-PowerPoint","MS-Word"],"perks":["Certificate","Letter of recommendation"],"openings":"2"},{"url":"/internship/detail/cinematography-internship-in-multiple-locations-at-pine-lime1667053983","name":"Cinematography","company":"Pine & Lime","location":"Delhi","duration":"1 Month","stipend":"7,000 /month","applications":"Be an early applicant","skills":["Adobe After Effects","Adobe Photoshop","Adobe Premiere Pro","Photography","Video Editing","Video Making"],"perks":["Certificate","Flexible work hours"],"openings":"1"},{"url":"/internship/detail/video-editing-filmmaking-internship-in-delhi-at-aayush-sapra1666422550","name":"Video Editing & Filmmaking","company":"Aayush Sapra","location":"Delhi","duration":"6 Months","stipend":"15,000 /month","applications":"37 applicants","skills":["Adobe After Effects","Adobe Photoshop","Adobe Premiere Pro"],"perks":["Certificate","Letter of recommendation","Informal dress code","Job offer"],"openings":"1"},{"url":"/internship/detail/lighting-cinematography-internship-in-delhi-at-uni-square-concepts1665908978","name":"Lighting & Cinematography","company":"Uni Square Concepts","location":"Delhi","duration":"3 Months","stipend":"3,000 /month","applications":"33 applicants","skills":["English Proficiency (Spoken)"],"perks":["Certificate","Free snacks & beverages"],"openings":"10"}]}