{"success":40,"failed":0,"internships":[{"url":"/internship/detail/chartered-accountancy-ca-internship-in-mumbai-at-hamilton-housewares-private-limited-milton1667377835","name":"Chartered Accountancy (CA)","company":"Hamilton Housewares Private Limited (Milton)","location":"Mumbai","duration":"6 Months","stipend":"2,000-6,000 /month","applications":"Be an early applicant","skills":["Accounting","MS-Excel","MS-Office","MS-Word","Tally"],"perks":["Certificate","Letter of recommendation","Flexible work hours"],"openings":"5"},{"url":"/internship/detail/finance-accounts-internship-in-mumbai-at-larsen-toubro1667198346","name":"Finance & Accounts","company":"Larsen & Toubro","location":"Mumbai","duration":"6 Months","stipend":"5,000-20,000 /month","applications":"256 applicants","skills":["Accounting","MS-Excel"],"perks":["Certificate","Letter of recommendation","Free snacks & beverages"],"openings":"6"},{"url":"/internship/detail/finance-internship-in-noida-at-times-internet1667198255","name":"Finance","company":"Times Internet","location":"Noida","duration":"6 Months","stipend":"15,000-20,000 /month","applications":"158 applicants","skills":[],"perks":["Certificate"],"openings":"1"},{"url":"/internship/detail/finance-internship-in-delhi-at-eupheus-learning1667457752","name":"Finance","company":"Eupheus Learning","location":"Delhi","duration":"2 Months","stipend":"7,000 /month","applications":"45 applicants","skills":["Accounting","MS-Excel","MS-Office","Tally"],"perks":["Certificate","Letter of recommendation","Informal dress code","5 days a week"],"openings":"2"},{"url":"/internship/detail/audit-internship-in-noida-at-donepull1667301250","name":"Audit","company":"DonePull","location":"Noida","duration":"3 Months","stipend":"5,000 /month","applications":"Be an early applicant","skills":["Accounting"],"perks":["Certificate","Letter of recommendation"],"openings":"5"},{"url":"/internship/detail/audit-internship-in-indore-at-donepull1667302125","name":"Audit","company":"DonePull","location":"Indore","duration":"1 Week","stipend":"2,500 /week","applications":"27 applicants","skills":["Accounting"],"perks":["Certificate"],"openings":"5"},{"url":"/internship/detail/audit-internship-in-gurgaon-at-donepull1667301037","name":"Audit","company":"DonePull","location":"Gurgaon","duration":"3 Months","stipend":"10,000 /month","applications":"Be an early applicant","skills":[],"perks":["Certificate","Letter of recommendation"],"openings":"5"},{"url":"/internship/detail/accounting-internship-in-gurgaon-at-ijrdo-journal1667289677","name":"Accounting","company":"IJRDO Journal","location":"Gurgaon","duration":"6 Months","stipend":"10,000 /month","applications":"37 applicants","skills":["Accounting","MS-Excel"],"perks":["Certificate","Letter of recommendation"],"openings":"2"},{"url":"/internship/detail/accounts-internship-in-pitampura-at-youth-empowerment-foundation1667402175","name":"Accounts","company":"Youth Empowerment Foundation","location":"Pitampura","duration":"6 Months","stipend":"5,000 /month","applications":"Be an early applicant","skills":[],"perks":["Certificate"],"openings":"5"},{"url":"/internship/detail/academic-content-writting-accounting-internship-in-noida-at-evelyn-learning-systems1667321812","name":"Academic Content Writting - Accounting","company":"Evelyn Learning Systems","location":"Noida","duration":"5 Months","stipend":"12,000 /month","applications":"30 applicants","skills":["Accounting","MS-Excel","MS-Office","MS-Word","Tally"],"perks":["Certificate","Letter of recommendation","5 days a week"],"openings":"4"},{"url":"/internship/detail/accounts-internship-in-delhi-at-purani-dili-talkies-llp1667031541","name":"Accounts","company":"Purani Dili Talkies LLP","location":"Delhi","duration":"6 Months","stipend":"10,000 /month","applications":"56 applicants","skills":["Accounting","English Proficiency (Spoken)","English Proficiency (Written)","MS-Excel","MS-Office","Tally"],"perks":["Certificate","Letter of recommendation"],"openings":"1"},{"url":"/internship/detail/client-management-internship-in-delhi-at-rusk-media1667516871","name":"Client Management","company":"Rusk Media","location":"Delhi","duration":"3 Months","stipend":"7,000 /month","applications":"Be an early applicant","skills":["English Proficiency (Spoken)","English Proficiency (Written)","MS-Excel","MS-Office","MS-PowerPoint","MS-Word"],"perks":["Certificate","5 days a week"],"openings":"1"},{"url":"/internship/detail/audit-internship-in-pune-at-donepull1667302072","name":"Audit","company":"DonePull","location":"Pune","duration":"1 Week","stipend":"2,500 /week","applications":"35 applicants","skills":["Accounting"],"perks":["Certificate"],"openings":"5"},{"url":"/internship/detail/operations-internship-in-pune-at-international-schools-sports-organisation1667487239","name":"Operations","company":"International Schools Sports Organisation","location":"Pune","duration":"3 Months","stipend":"10,000 /month","applications":"Be an early applicant","skills":["Accounting","Digital Marketing","English Proficiency (Spoken)","English Proficiency (Written)","MS-Excel","Social Media Marketing"],"perks":["Certificate","Letter of recommendation","Job offer"],"openings":"2"},{"url":"/internship/detail/audit-internship-in-mumbai-at-donepull1667302009","name":"Audit","company":"DonePull","location":"Mumbai","duration":"1 Week","stipend":"2,500 /week","applications":"34 applicants","skills":["Accounting"],"perks":["Certificate"],"openings":"5"},{"url":"/internship/detail/financial-analysis-internship-in-chennai-at-madhu-finance-advisory1667651435","name":"Financial Analysis","company":"Madhu Finance Advisory","location":"Chennai","duration":"3 Months","stipend":"7,000 /month","applications":"Be an early applicant","skills":["Data Analytics","MS-Excel","Tally"],"perks":["Certificate","Letter of recommendation","Informal dress code"],"openings":"2"},{"url":"/internship/detail/finance-administration-internship-in-guwahati-at-my3dselfie1667641976","name":"Finance & Administration","company":"My3DSelfie","location":"Guwahati","duration":"3 Months","stipend":"10,000 /month","applications":"Be an early applicant","skills":["Accounting","MS-Excel","Tally"],"perks":["Certificate"],"openings":"1"},{"url":"/internship/detail/tele-sales-wealth-advise-internship-in-mumbai-at-research-and-ranking1667633898","name":"Tele Sales (Wealth Advise)","company":"Research And Ranking","location":"Mumbai","duration":"6 Months","stipend":"15,000-25,000 /month","applications":"Be an early applicant","skills":["English Proficiency (Spoken)","Sales"],"perks":["Certificate","Letter of recommendation"],"openings":"15"},{"url":"/internship/detail/finance-accounting-work-from-home-job-internship-at-rydeu-logistics-ug1667556252","name":"Finance & Accounting","company":"Rydeu Logistics UG","location":"Work From Home","duration":"6 Months","stipend":"8,000-10,000 /month","applications":"143 applicants","skills":["Accounting"],"perks":["Certificate","Letter of recommendation"],"openings":"1"},{"url":"/internship/detail/accounts-internship-in-lucknow-at-nayara-buildcon1667550731","name":"Accounts","company":"Nayara Buildcon","location":"Lucknow","duration":"6 Months","stipend":"7,000 /month","applications":"Be an early applicant","skills":["Accounting","MS-Excel","Tally"],"perks":["Certificate","Letter of recommendation","Informal dress code"],"openings":"1"},{"url":"/internship/detail/academic-content-writing-finance-management-work-from-home-job-internship-at-legacy-research-solutions1667587658","name":"Academic Content Writing (Finance & Management)","company":"LEGACY Research Solutions","location":"Work From Home","duration":"3 Months","stipend":"10,000 /month","applications":"31 applicants","skills":["Accounting","English Proficiency (Written)","Financial Modeling","MS-Excel","MS-Office","MS-PowerPoint","MS-Word"],"perks":["Certificate","Letter of recommendation","Flexible work hours","Job offer"],"openings":"12"},{"url":"/internship/detail/multi-department-internship-in-gurgaon-at-ambition-colonisers-pvt-ltd1667581214","name":"Multi Department","company":"Ambition Colonisers Pvt Ltd","location":"Gurgaon","duration":"3 Months","stipend":"2,500-5,000 /month","applications":"Be an early applicant","skills":["Accounting","English Proficiency (Spoken)","English Proficiency (Written)","Enterprise Resource Planning(ERP)","Google Workspace","MS-Excel","MS-Word"],"perks":["Certificate","Letter of recommendation","Flexible work hours","Informal dress code"],"openings":"2"},{"url":"/internship/detail/equity-operations-work-from-home-job-internship-at-robocapital1667535608","name":"Equity Operations","company":"Robocapital","location":"Work From Home","duration":"6 Months","stipend":"7,000 /month","applications":"86 applicants","skills":[],"perks":["Certificate","5 days a week"],"openings":"2"},{"url":"/internship/detail/accounts-internship-in-kolkata-at-rahul-nahata-company1667548094","name":"Accounts","company":"Rahul Nahata & Company","location":"Kolkata","duration":"6 Months","stipend":"4,000-8,000 /month","applications":"Be an early applicant","skills":["MS-Excel","MS-Word","Tally"],"perks":[],"openings":"2"},{"url":"/internship/detail/accounting-reporting-part-time-job-internship-at-koramangala-in-breakout1667567311","name":"Accounting & Reporting","company":"Breakout","location":"Koramangala","duration":"6 Months","stipend":"3,000-5,000 /month","applications":"Be an early applicant","skills":["Accounting","MS-Excel","MS-Office","Report Writing","Tally"],"perks":["Certificate"],"openings":"1"},{"url":"/internship/detail/finance-internship-in-mumbai-at-chtrbox1667566727","name":"Finance","company":"Chtrbox","location":"Mumbai","duration":"3 Months","stipend":"5,000-12,000 /month","applications":"35 applicants","skills":["Data Analytics","MS-Excel","Tally"],"perks":["Certificate","Letter of recommendation","Informal dress code"],"openings":"3"},{"url":"/internship/detail/accounts-internship-in-delhi-at-indian-leather-manufacturer1667566482","name":"Accounts","company":"Indian Leather Manufacturer","location":"Delhi","duration":"3 Months","stipend":"18,000 /month","applications":"Be an early applicant","skills":["Accounting","MS-Excel","MS-Office","Tally"],"perks":["Job offer"],"openings":"1"},{"url":"/internship/detail/content-creation-commerce-graduate-work-from-home-job-internship-at-a-to-z-homework1667565468","name":"Content Creation (Commerce Graduate)","company":"A To Z Homework","location":"Work From Home","duration":"3 Months","stipend":"5,000 /month","applications":"Be an early applicant","skills":["Accounting","Creative Writing","Financial literacy"],"perks":["Certificate","Letter of recommendation"],"openings":"1"},{"url":"/internship/detail/mba-finance-internship-in-gurgaon-at-dot1667540801","name":"MBA Finance","company":"Dot","location":"Gurgaon","duration":"3 Months","stipend":"8,000 /month","applications":"Be an early applicant","skills":["Accounting","MS-Excel","MS-Office","MS-Word"],"perks":["Certificate","Job offer"],"openings":"10"},{"url":"/internship/detail/data-validation-internship-in-mumbai-at-accrete-llc1667560927","name":"Data Validation","company":"Accrete LLC","location":"Mumbai","duration":"3 Months","stipend":"10,000 /month","applications":"33 applicants","skills":["English Proficiency (Spoken)"],"perks":["Letter of recommendation","Flexible work hours","Informal dress code","5 days a week"],"openings":"6"},{"url":"/internship/detail/accounts-internship-in-gurgaon-at-tesla-power-usa1667556252","name":"Accounts","company":"Tesla Power USA","location":"Gurgaon","duration":"6 Months","stipend":"10,000 /month","applications":"Be an early applicant","skills":["Accounting","MS-Excel","MS-Office","Tally"],"perks":["Certificate","Job offer"],"openings":"2"},{"url":"/internship/detail/accounts-internship-in-gurgaon-delhi-at-storch-consultancy-private-limited1667555045","name":"Accounts","company":"Storch Consultancy Private Limited","location":"Gurgaon","duration":"6 Months","stipend":"7,000-10,000 /month","applications":"Be an early applicant","skills":["Accounting","MS-Excel","MS-Office","Tally"],"perks":[],"openings":"3"},{"url":"/internship/detail/subject-matter-expert-finance--internship-in-jaipur-at-requin-solutions-private-limited1667553969","name":"Subject Matter Expert (Finance )","company":"Requin Solutions Private Limited","location":"Jaipur","duration":"6 Months","stipend":"10,000 /month","applications":"Be an early applicant","skills":["Data Analytics","MS-Excel"],"perks":["Certificate"],"openings":"4"},{"url":"/internship/detail/accounts-internship-in-noida-at-vishi-electronics-india-private-limited1667553499","name":"Accounts","company":"Vishi Electronics (India) Private Limited","location":"Noida","duration":"6 Months","stipend":"10,000 /month","applications":"Be an early applicant","skills":[],"perks":["Certificate","Free snacks & beverages"],"openings":"3"},{"url":"/internship/detail/chartered-accountancy-ca-article-assistant-internship-in-delhi-at-r-k-khanna-co1667553488","name":"Chartered Accountancy (CA) Article Assistant","company":"R K Khanna & Co","location":"Delhi","duration":"36 Months","stipend":"11,000 /month","applications":"Be an early applicant","skills":["Accounting","MS-Excel","MS-Office","Tally"],"perks":[],"openings":"3"},{"url":"/internship/detail/wealth-management-internship-in-navi-mumbai-mumbai-at-prajna-self-care1667552541","name":"Wealth Management","company":"Prajna Self Care","location":"Navi Mumbai","duration":"3 Months","stipend":"7,000-10,000 /month","applications":"Be an early applicant","skills":["MS-Excel","MS-Office","MS-PowerPoint"],"perks":["Certificate","Letter of recommendation","5 days a week","Job offer"],"openings":"2"},{"url":"/internship/detail/accounts-part-time-job-internship-at-ludhiana-in-sky-clothing-co1667466331","name":"Accounts","company":"Sky Clothing Co.","location":"Ludhiana","duration":"3 Months","stipend":"5,000-6,000 /month","applications":"Be an early applicant","skills":["MS-Office","Tally"],"perks":["Certificate","Letter of recommendation","Flexible work hours","Informal dress code","Job offer"],"openings":"1"},{"url":"/internship/detail/accounts-internship-in-gurgaon-at-jj-fintax-solutions-private-limited1667458130","name":"Accounts","company":"JJ Fintax Solutions Private Limited","location":"Gurgaon","duration":"3 Months","stipend":"15,000 /month","applications":"Be an early applicant","skills":["Accounting","English Proficiency (Written)","MS-Excel","Tally"],"perks":["Certificate","Letter of recommendation","Informal dress code","Job offer"],"openings":"1"},{"url":"/internship/detail/finance-work-from-home-job-internship-at-edvertia-company1667499020","name":"Finance","company":"EDVERTIA & COMPANY","location":"Work From Home","duration":"6 Months","stipend":"5,000 /month","applications":"55 applicants","skills":["English Proficiency (Spoken)","English Proficiency (Written)"],"perks":["Certificate","Letter of recommendation","Flexible work hours","5 days a week","Job offer"],"openings":"5"},{"url":"/internship/detail/operations-internship-in-mumbai-at-morphdhome-solpro-private-limited1667490433","name":"Operations","company":"Morphdhome Solpro Private Limited","location":"Mumbai","duration":"6 Months","stipend":"10,000-18,000 /month","applications":"Be an early applicant","skills":["Accounting","English Proficiency (Spoken)","English Proficiency (Written)","MS-Excel","MS-Office","Tally"],"perks":["Certificate","Letter of recommendation","Informal dress code","Job offer"],"openings":"3"}]}