{"success":40,"failed":0,"internships":[{"url":"/internship/detail/mobile-app-development-internship-in-nagpur-at-amika-softwares1667554589","name":"Mobile App Development","company":"Amika Softwares","location":"Nagpur","duration":"6 Months","stipend":"5,000 /month","applications":"Be an early applicant","skills":["Android","Firebase","Flutter","iOS","Java","Kotlin","Node.js","ReactJS","React Native","REST API"],"perks":["Certificate","Letter of recommendation","5 days a week","Free snacks & beverages"],"openings":"4"},{"url":"/internship/detail/front-end-development-flutter-work-from-home-job-internship-at-relu-consultancy1667535385","name":"Front End Development (Flutter)","company":"Relu Consultancy","location":"Work From Home","duration":"6 Months","stipend":"10,000-20,000 /month","applications":"94 applicants","skills":["Android","Dart","Flutter","iOS","JSON","REST API"],"perks":["Certificate","Letter of recommendation","Flexible work hours"],"openings":"5"},{"url":"/internship/detail/mobile-app-development-work-from-home-job-internship-at-grey-matter-works1667568814","name":"Mobile App Development","company":"Grey Matter Works","location":"Work From Home","duration":"3 Months","stipend":"1,000 /month","applications":"Be an early applicant","skills":["Firebase","Flutter","REST API"],"perks":["Certificate","Letter of recommendation","Flexible work hours","5 days a week"],"openings":"5"},{"url":"/internship/detail/mobile-app-development-work-from-home-job-internship-at-hermion-technologies-private-limited1667531792","name":"Mobile App Development","company":"Hermion Technologies Private Limited","location":"Work From Home","duration":"3 Months","stipend":"1,000 /month","applications":"29 applicants","skills":["Android","Flutter","iOS","Java","Kotlin","ReactJS","React Native","REST API"],"perks":["Letter of recommendation","5 days a week"],"openings":"3"},{"url":"/internship/detail/flutter-development-internship-in-delhi-at-pace-stock-broking-services-limited1667552678","name":"Flutter Development","company":"Pace Stock Broking Services Limited","location":"Delhi","duration":"6 Months","stipend":"10,000-25,000 /month","applications":"Be an early applicant","skills":["Adobe Photoshop","Android","Dart","Figma","Firebase","Flutter","iOS","REST API"],"perks":["Certificate","Letter of recommendation","Informal dress code","Job offer"],"openings":"5"},{"url":"/internship/detail/mobile-app-development-work-from-home-job-internship-at-finnoble1667458400","name":"Mobile App Development","company":"Finnoble","location":"Work From Home","duration":"3 Months","stipend":"7,000-10,000 /month","applications":"44 applicants","skills":["Android","Flutter","iOS","Java","JavaScript","Node.js","ReactJS","React Native","REST API","Swift"],"perks":["Certificate","Letter of recommendation","Flexible work hours","5 days a week"],"openings":"2"},{"url":"/internship/detail/mobile-app-development-work-from-home-job-internship-at-beh-private-limited1667492156","name":"Mobile App Development","company":"BeH Private Limited","location":"Work From Home","duration":"6 Months","stipend":"25,000 /month","applications":"57 applicants","skills":["Android","Firebase","Flutter"],"perks":[],"openings":"2"},{"url":"/internship/detail/flutter-development-work-from-home-job-internship-at-blackcoffer1667549620","name":"Flutter Development","company":"Blackcoffer","location":"Work From Home","duration":"6 Months","stipend":"5,000 /month","applications":"35 applicants","skills":["Firebase","Flutter","React Native"],"perks":["Certificate","Letter of recommendation","Flexible work hours"],"openings":"10"},{"url":"/internship/detail/flutter-development-internship-in-delhi-at-nutrabay1667547415","name":"Flutter Development","company":"Nutrabay","location":"Delhi","duration":"4 Months","stipend":"15,000 /month","applications":"Be an early applicant","skills":["Flutter"],"perks":[],"openings":"1"},{"url":"/internship/detail/mobile-app-development-work-from-home-job-internship-at-power-bank1666878319","name":"Mobile App Development","company":"Power Bank","location":"Work From Home","duration":"6 Weeks","stipend":"1,000 /week + Incentives","applications":"27 applicants","skills":[".NET","Android","Bootstrap","CSS","Firebase","Flutter","HTML","iOS","Java","JavaScript","jQuery","MySQL","Node.js","PHP","ReactJS","React Native","REST API","WordPress"],"perks":["Flexible work hours"],"openings":"4"},{"url":"/internship/detail/mobile-app-development-internship-in-noida-at-techosto1667499890","name":"Mobile App Development","company":"Techosto","location":"Noida","duration":"6 Months","stipend":"10,000-15,000 /month","applications":"Be an early applicant","skills":["Flutter","JavaScript","ReactJS","React Native","Redux"],"perks":["Certificate","Letter of recommendation","Flexible work hours","Informal dress code","5 days a week","Free snacks & beverages","Job offer"],"openings":"2"},{"url":"/internship/detail/flutter-firebase-mobile-app-development-work-from-home-job-internship-at-ai4see-private-limited1667489322","name":"Flutter Firebase Mobile App Development","company":"AI4SEE PRIVATE LIMITED","location":"Work From Home","duration":"2 Months","stipend":"5,000 /month","applications":"Be an early applicant","skills":["Android","Flutter","iOS","Java","Kotlin","Linux","REST API","UI & UX Design","Windows Mobile Application Development"],"perks":["Certificate","Letter of recommendation","Flexible work hours"],"openings":"2"},{"url":"/internship/detail/mobile-app-development-work-from-home-job-internship-at-duke-and-clyde-innovation-center-private-limited1667483832","name":"Mobile App Development","company":"Duke And Clyde Innovation Center Private Limited","location":"Work From Home","duration":"2 Months","stipend":"3,000 lump sum","applications":"Be an early applicant","skills":["Android","Firebase","Flutter","iOS","REST API"],"perks":["Certificate","Letter of recommendation","Flexible work hours","5 days a week"],"openings":"1"},{"url":"/internship/detail/flutter-development-work-from-home-job-internship-at-fortsatt-business-technologies-private-limited1667480820","name":"Flutter Development","company":"FortSatt Business Technologies Private Limited","location":"Work From Home","duration":"3 Months","stipend":"6,000 /month","applications":"Be an early applicant","skills":["Android","Dart","Flutter","REST API","User Interface (UI) Development"],"perks":["Certificate","Flexible work hours"],"openings":"2"},{"url":"/internship/detail/mobile-app-development-internship-in-ahmedabad-at-qarmatek-services-private-limited1667474802","name":"Mobile App Development","company":"QarmaTek Services Private Limited","location":"Ahmedabad","duration":"6 Months","stipend":"10,000-20,000 /month","applications":"Be an early applicant","skills":[".NET","Android","ASP.NET","C++ Programming","Firebase","Flutter","iOS","Java","Kotlin","React Native"],"perks":["Certificate"],"openings":"5"},{"url":"/internship/detail/mobile-app-development-internship-in-mumbai-at-vitorscape-technologies1667413428","name":"Mobile App Development","company":"Vitorscape Technologies","location":"Mumbai","duration":"3 Months","stipend":"8,000 /month","applications":"Be an early applicant","skills":["Android","Firebase","Flutter","iOS","Java","Kotlin","Node.js","ReactJS","React Native","REST API"],"perks":[],"openings":"1"},{"url":"/internship/detail/flutter-development-work-from-home-job-internship-at-quantum-it1667468924","name":"Flutter Development","company":"Quantum IT","location":"Work From Home","duration":"6 Months","stipend":"8,000-12,000 /month","applications":"Be an early applicant","skills":["Android","Dart","Firebase","Flutter","iOS","REST API","Swift"],"perks":["Certificate","Letter of recommendation","Flexible work hours","5 days a week"],"openings":"5"},{"url":"/internship/detail/mobile-app-development-work-from-home-job-internship-at-magicstep-solutions-private-limited1667460987","name":"Mobile App Development","company":"Magicstep Solutions Private Limited","location":"Work From Home","duration":"2 Months","stipend":"1,500 /month","applications":"Be an early applicant","skills":["Flutter"],"perks":["Certificate","Letter of recommendation","Flexible work hours","5 days a week"],"openings":"1"},{"url":"/internship/detail/flutter-development-internship-in-pune-punegaon-at-bakerstreet-fintech-private-limited1667460230","name":"Flutter Development","company":"Bakerstreet Fintech Private Limited","location":"Pune","duration":"6 Months","stipend":"15,000 /month","applications":"Be an early applicant","skills":["Android","C++ Programming","CSS","Dart","Flutter","Git","HTML","iOS","Java","REST API"],"perks":["Certificate","Letter of recommendation","Flexible work hours","Informal dress code","5 days a week","Free snacks & beverages"],"openings":"2"},{"url":"/internship/detail/mobile-app-development-work-from-home-job-internship-at-the-pinehouse1667453738","name":"Mobile App Development","company":"The PineHouse","location":"Work From Home","duration":"6 Months","stipend":"14,000-15,000 /month","applications":"40 applicants","skills":["Flutter"],"perks":["Certificate","Letter of recommendation","Flexible work hours","5 days a week"],"openings":"1"},{"url":"/internship/detail/mobile-app-development-work-from-home-job-internship-at-mahesh-sharma1667451809","name":"Mobile App Development","company":"Mahesh Sharma","location":"Work From Home","duration":"4 Months","stipend":"20,000 /month","applications":"44 applicants","skills":["Flutter"],"perks":["Letter of recommendation","Flexible work hours"],"openings":"4"},{"url":"/internship/detail/flutter-development-work-from-home-job-internship-at-oye-busy-technologies-private-limited1667414803","name":"Flutter Development","company":"Oye Busy Technologies Private Limited","location":"Work From Home","duration":"4 Months","stipend":"2,000-5,000 /month","applications":"Be an early applicant","skills":["Dart","Flutter","REST API"],"perks":["Certificate","Letter of recommendation","Flexible work hours","Job offer"],"openings":"3"},{"url":"/internship/detail/mobile-app-development-work-from-home-job-internship-at-wisbox-technology-private-limited1667403093","name":"Mobile App Development","company":"Wisbox Technology Private Limited","location":"Work From Home","duration":"3 Months","stipend":"3,000 /month","applications":"29 applicants","skills":["Flutter","REST API"],"perks":["Certificate","Letter of recommendation","Flexible work hours"],"openings":"1"},{"url":"/internship/detail/flutter-development-internship-in-surat-at-redjinni-industries-private-limited1667390376","name":"Flutter Development","company":"Redjinni Industries Private Limited","location":"Surat","duration":"6 Months","stipend":"5,000 /month","applications":"Be an early applicant","skills":["Dart","Flutter"],"perks":["Certificate"],"openings":"1"},{"url":"/internship/detail/flutter-development-work-from-home-job-internship-at-cogent-codebucket1667381310","name":"Flutter Development","company":"Cogent Codebucket","location":"Work From Home","duration":"6 Months","stipend":"10,000 /month","applications":"53 applicants","skills":["Firebase","Flutter","REST API"],"perks":["Certificate","Letter of recommendation","Flexible work hours","Job offer"],"openings":"2"},{"url":"/internship/detail/mobile-app-development-work-from-home-job-internship-at-rydeu-logistics-ug1667330195","name":"Mobile App Development","company":"Rydeu Logistics UG","location":"Work From Home","duration":"6 Months","stipend":"10,000-12,000 /month","applications":"159 applicants","skills":["Android","Flutter","ReactJS","React Native"],"perks":["Certificate","Letter of recommendation"],"openings":"1"},{"url":"/internship/detail/mobile-app-development-work-from-home-job-internship-at-pettocare-limited1667367273","name":"Mobile App Development","company":"Pettocare Limited","location":"Work From Home","duration":"3 Months","stipend":"5,000 /month + Incentives","applications":"26 applicants","skills":["Firebase","Flutter"],"perks":["Certificate","Letter of recommendation","Flexible work hours","5 days a week","Job offer"],"openings":"6"},{"url":"/internship/detail/mobile-app-development-work-from-home-job-internship-at-rac-repair1667360438","name":"Mobile App Development","company":"RAC Repair","location":"Work From Home","duration":"2 Months","stipend":"1,000-3,000 /month","applications":"Be an early applicant","skills":["Flutter"],"perks":["Certificate","Flexible work hours"],"openings":"5"},{"url":"/internship/detail/mobile-app-development-work-from-home-job-internship-at-astarix-agency-llp1667358783","name":"Mobile App Development","company":"Astarix Agency LLP","location":"Work From Home","duration":"2 Months","stipend":"7,000 /month","applications":"36 applicants","skills":["Android","Firebase","Flutter","iOS","Java","REST API","Swift"],"perks":["Certificate","Letter of recommendation","5 days a week"],"openings":"2"},{"url":"/internship/detail/mobile-app-development-internship-in-delhi-bhopal-at-sna-sistec-private-limited1667278575","name":"Mobile App Development","company":"SNA SISTEC Private Limited","location":"Delhi","duration":"3 Months","stipend":"3,000-5,000 /month","applications":"Be an early applicant","skills":["Android","Firebase","Flutter","Java"],"perks":["Certificate","Letter of recommendation","Flexible work hours","Informal dress code","5 days a week","Free snacks & beverages"],"openings":"10"},{"url":"/internship/detail/mobile-app-development-work-from-home-job-internship-at-codebeautify1667315648","name":"Mobile App Development","company":"CodeBeautify","location":"Work From Home","duration":"6 Months","stipend":"3,000 /month","applications":"Be an early applicant","skills":[],"perks":["Certificate","Letter of recommendation","Flexible work hours","5 days a week"],"openings":"1"},{"url":"/internship/detail/mobile-app-development-internship-in-multiple-locations-at-software-it-solutions1667285233","name":"Mobile App Development","company":"Software IT Solutions","location":"Ambala","duration":"3 Months","stipend":"8,000-12,000 /month","applications":"Be an early applicant","skills":["Android","Firebase","Flutter","iOS","Java","Kotlin","Node.js","ReactJS","React Native","REST API"],"perks":["Certificate","Letter of recommendation","5 days a week"],"openings":"6"},{"url":"/internship/detail/mobile-app-development-internship-in-patna-at-krishna-academy-patna1667302893","name":"Mobile App Development","company":"Krishna Academy Patna","location":"Patna","duration":"6 Months","stipend":"6,000-15,000 /month","applications":"Be an early applicant","skills":["Android","CSS","Firebase","Flutter","HTML","iOS","Java","JavaScript","Kotlin","Node.js","PHP","ReactJS","React Native","REST API"],"perks":["Certificate","Letter of recommendation","Flexible work hours","Informal dress code"],"openings":"1"},{"url":"/internship/detail/mobile-app-development-work-from-home-job-internship-at-geniobits-private-limited1667287663","name":"Mobile App Development","company":"Geniobits Private Limited","location":"Work From Home","duration":"2 Months","stipend":"6,000 /month","applications":"90 applicants","skills":["Android","Firebase","Flutter","Java","Kotlin"],"perks":["Certificate","Flexible work hours"],"openings":"1"},{"url":"/internship/detail/mobile-app-development-work-from-home-job-internship-at-rida-international-management-solutions-rims1667300507","name":"Mobile App Development","company":"Rida International Management Solutions (RIMS)","location":"Work From Home","duration":"3 Months","stipend":"1,000 /month","applications":"Be an early applicant","skills":["Android","Firebase","Flutter","iOS","Java","Kotlin","Node.js","ReactJS","React Native","REST API"],"perks":["Certificate"],"openings":"3"},{"url":"/internship/detail/flutter-development-work-from-home-job-internship-at-newlit-technologies1667299515","name":"Flutter Development","company":"Newlit Technologies","location":"Work From Home","duration":"3 Months","stipend":"18,000-22,000 /month","applications":"83 applicants","skills":["C++ Programming","Firebase","Flutter","JavaScript","Python","ReactJS","React Native"],"perks":["Flexible work hours","5 days a week"],"openings":"1"},{"url":"/internship/detail/mobile-app-development-work-from-home-job-internship-at-six-sense-mobility1667290545","name":"Mobile App Development","company":"Six Sense Mobility","location":"Work From Home","duration":"3 Months","stipend":"2,000 /month + Incentives","applications":"Be an early applicant","skills":["Android","Flutter"],"perks":["Certificate","Letter of recommendation","Flexible work hours"],"openings":"5"},{"url":"/internship/detail/mobile-app-development-work-from-home-job-internship-at-saharanpur-crafts1667219221","name":"Mobile App Development","company":"Saharanpur Crafts","location":"Work From Home","duration":"2 Months","stipend":"2,000-3,000 lump sum","applications":"45 applicants","skills":["Android","Firebase","Flutter","iOS","Java","Kotlin","Node.js","ReactJS","React Native","REST API"],"perks":["Certificate","Letter of recommendation","Flexible work hours","5 days a week"],"openings":"1"},{"url":"/internship/detail/mobile-app-development-internship-in-mumbai-at-medisage1667242778","name":"Mobile App Development","company":"Medisage","location":"Mumbai","duration":"5 Months","stipend":"20,000 /month + Incentives","applications":"Be an early applicant","skills":["Flutter","Node.js","React Native"],"perks":["Certificate","Letter of recommendation","Informal dress code","Job offer"],"openings":"2"},{"url":"/internship/detail/flutter-development-part-time-job-internship-at-delhi-in-walnut1667284381","name":"Flutter Development","company":"Walnut","location":"Delhi","duration":"3 Months","stipend":"10,000-15,000 /month","applications":"27 applicants","skills":["Android","Dart","Flutter","GitHub","iOS","REST API","UI & UX Design","User Interface (UI) Development"],"perks":["Certificate","Letter of recommendation","Flexible work hours","5 days a week"],"openings":"1"}]}