{"success":40,"failed":0,"internships":[{"url":"/internship/detail/web-development-work-from-home-job-internship-at-oyesters-trainings1667560898","name":"Web Development","company":"Oyesters Trainings","location":"Work From Home","duration":"3 Months","stipend":"5,000-10,000 /month","applications":"Be an early applicant","skills":["MongoDB","MySQL","Node.js"],"perks":["Certificate","Letter of recommendation","Flexible work hours","5 days a week"],"openings":"2"},{"url":"/internship/detail/reactjs-front-end-development-internship-in-multiple-locations-at-marksdzyn1667646520","name":"ReactJs Front End Development","company":"MarksDzyn","location":"Delhi","duration":"3 Months","stipend":"5,000-15,000 /month","applications":"Be an early applicant","skills":["ReactJS"],"perks":["Certificate","Letter of recommendation","Flexible work hours","Informal dress code","5 days a week","Job offer"],"openings":"4"},{"url":"/internship/detail/web-development-internship-in-multiple-locations-at-techasoft-private-limited1667581814","name":"Web Development","company":"Techasoft Private Limited","location":"Chandigarh","duration":"6 Months","stipend":"6,000-8,000 /month","applications":"Be an early applicant","skills":["Bootstrap","CSS","HTML","JavaScript","jQuery","MySQL","Node.js","PHP","Python","ReactJS","WordPress"],"perks":["Certificate","Flexible work hours"],"openings":"2"},{"url":"/internship/detail/web-development-work-from-home-job-internship-at-social-more1667548995","name":"Web Development","company":"Social More","location":"Work From Home","duration":"4 Months","stipend":"2,000-7,000 /month","applications":"45 applicants","skills":["Content Writing","Design Thinking","WordPress"],"perks":["Certificate","Letter of recommendation","5 days a week"],"openings":"2"},{"url":"/internship/detail/front-end-development-reactjs-work-from-home-job-internship-at-j-b-technologies1667594413","name":"Front End Development - ReactJS","company":"J&B Technologies","location":"Work From Home","duration":"2 Months","stipend":"5,000-20,000 /month","applications":"82 applicants","skills":["JavaScript","ReactJS","TypeScript"],"perks":["Certificate","Letter of recommendation","Flexible work hours"],"openings":"2"},{"url":"/internship/detail/web-development-work-from-home-job-internship-at-revoir1667487286","name":"Web Development","company":"Revoir","location":"Work From Home","duration":"3 Months","stipend":"1,500 /month + Incentives","applications":"85 applicants","skills":["Golang","ReactJS"],"perks":["Flexible work hours","5 days a week"],"openings":"1"},{"url":"/internship/detail/front-end-development-flutter-work-from-home-job-internship-at-relu-consultancy1667535385","name":"Front End Development (Flutter)","company":"Relu Consultancy","location":"Work From Home","duration":"6 Months","stipend":"10,000-20,000 /month","applications":"94 applicants","skills":["Android","Dart","Flutter","iOS","JSON","REST API"],"perks":["Certificate","Letter of recommendation","Flexible work hours"],"openings":"5"},{"url":"/internship/detail/vuejs-development-work-from-home-job-internship-at-the-renal-project1667569885","name":"Vue.js Development","company":"The Renal Project","location":"Work From Home","duration":"4 Months","stipend":"8,000-12,000 /month","applications":"Be an early applicant","skills":["Bootstrap","JavaScript","JSON","Vue Js"],"perks":["Certificate","Flexible work hours","Job offer"],"openings":"2"},{"url":"/internship/detail/wordpress-development-work-from-home-job-internship-at-the-learn-cloud1667563167","name":"WordPress Development","company":"The Learn Cloud","location":"Work From Home","duration":"6 Months","stipend":"10,000 /month","applications":"98 applicants","skills":["CSS","HTML","JavaScript","PHP","Python","WordPress"],"perks":["Certificate","Letter of recommendation","Job offer"],"openings":"4"},{"url":"/internship/detail/reactjs-nextjs-development-internship-in-delhi-gurgaon-at-voxturr-consulting-private-limited1667562354","name":"React.js/Next.js Development","company":"Voxturr Consulting Private Limited","location":"Delhi","duration":"3 Months","stipend":"10,000 /month","applications":"55 applicants","skills":[],"perks":["Certificate","Letter of recommendation","Informal dress code","5 days a week"],"openings":"2"},{"url":"/internship/detail/front-end-development-internship-in-noida-at-meetri1667557218","name":"Front End Development","company":"Meetri","location":"Noida","duration":"3 Months","stipend":"7,000 /month","applications":"28 applicants","skills":["Node.js","ReactJS","Redux"],"perks":["Certificate","5 days a week"],"openings":"1"},{"url":"/internship/detail/web-development-part-time-job-internship-at-delhi-gurgaon-in-rsks-agency1667460819","name":"Web Development","company":"RSKS Agency","location":"Delhi","duration":"3 Months","stipend":"6,000 /month + Incentives","applications":"49 applicants","skills":["Bootstrap","HTML","JavaScript","MySQL","PHP","WordPress"],"perks":["Certificate","Letter of recommendation","Flexible work hours","Informal dress code","5 days a week","Job offer"],"openings":"2"},{"url":"/internship/detail/front-end-development-work-from-home-job-internship-at-vibencode-private-limited1667553581","name":"Front End Development","company":"VIBENCODE PRIVATE LIMITED","location":"Work From Home","duration":"3 Months","stipend":"4,000 /month","applications":"45 applicants","skills":["AngularJS","CSS","HTML","MEAN/MERN Stack","Node.js","ReactJS","Redux"],"perks":["Certificate","Flexible work hours","5 days a week","Job offer"],"openings":"1"},{"url":"/internship/detail/wordpress-development-work-from-home-job-internship-at-sku-creations1667552667","name":"WordPress Development","company":"SKU Creations","location":"Work From Home","duration":"2 Months","stipend":"1,000-2,000 /month","applications":"55 applicants","skills":["WordPress"],"perks":["Certificate","Letter of recommendation","Flexible work hours","5 days a week","Job offer"],"openings":"4"},{"url":"/internship/detail/front-end-development-reactjs-work-from-home-job-internship-at-omikron-technologies-private-limited1667552515","name":"Front End Development (ReactJS)","company":"Omikron Technologies Private Limited","location":"Work From Home","duration":"3 Months","stipend":"10,000 /month","applications":"518 applicants","skills":["Bootstrap","CSS","HTML","MEAN/MERN Stack","ReactJS","Redux"],"perks":["Certificate","Letter of recommendation","Flexible work hours"],"openings":"3"},{"url":"/internship/detail/flutter-development-work-from-home-job-internship-at-blackcoffer1667549620","name":"Flutter Development","company":"Blackcoffer","location":"Work From Home","duration":"6 Months","stipend":"5,000 /month","applications":"35 applicants","skills":["Firebase","Flutter","React Native"],"perks":["Certificate","Letter of recommendation","Flexible work hours"],"openings":"10"},{"url":"/internship/detail/reactjs-development-work-from-home-job-internship-at-hvantage-technologies-incorporated1667547214","name":"ReactJS Development","company":"Hvantage Technologies Incorporated","location":"Work From Home","duration":"6 Months","stipend":"3,000-4,000 /month","applications":"31 applicants","skills":["English Proficiency (Spoken)","English Proficiency (Written)","HTML","JavaScript","Node.js","ReactJS"],"perks":["Certificate","Letter of recommendation"],"openings":"2"},{"url":"/internship/detail/backend-development-work-from-home-job-internship-at-qualyval1667471206","name":"Backend Development","company":"Qualyval","location":"Work From Home","duration":"6 Months","stipend":"6,000 /month","applications":"81 applicants","skills":["MongoDB","Node.js","Python","REST API"],"perks":["Certificate","Letter of recommendation","Flexible work hours"],"openings":"2"},{"url":"/internship/detail/wordpress-development-work-from-home-job-internship-at-coach-foundation1667546545","name":"WordPress Development","company":"Coach Foundation","location":"Work From Home","duration":"6 Months","stipend":"400 /month","applications":"73 applicants","skills":["JavaScript","WordPress"],"perks":["Flexible work hours","5 days a week"],"openings":"1"},{"url":"/internship/detail/react-development-internship-in-multiple-locations-at-factwise-tech1667546184","name":"React Development","company":"FactWise Tech","location":"Thane","duration":"3 Months","stipend":"7,000-15,000 /month","applications":"Be an early applicant","skills":["ReactJS","TypeScript"],"perks":["Letter of recommendation","Informal dress code","5 days a week","Job offer"],"openings":"2"},{"url":"/internship/detail/web-development-work-from-home-job-internship-at-putatoe-technologies-private-limited1667479192","name":"Web Development","company":"Putatoe Technologies Private Limited","location":"Work From Home","duration":"4 Months","stipend":"1,000-5,000 /month","applications":"250 applicants","skills":["Bootstrap","CSS","HTML","JavaScript","jQuery","ReactJS"],"perks":["Certificate","Letter of recommendation","Flexible work hours"],"openings":"2"},{"url":"/internship/detail/reactjs-development-internship-in-hyderabad-at-osos-private-limited1667544020","name":"ReactJS Development","company":"OSOS Private Limited","location":"Hyderabad","duration":"3 Months","stipend":"20,000 /month","applications":"46 applicants","skills":["ReactJS"],"perks":["Certificate","Letter of recommendation","Flexible work hours","Informal dress code","Job offer"],"openings":"2"},{"url":"/internship/detail/wordpress-development-work-from-home-job-internship-at-bollygrad-studioz1667465428","name":"WordPress Development","company":"Bollygrad Studioz","location":"Work From Home","duration":"6 Months","stipend":"7,000-10,000 /month","applications":"80 applicants","skills":["CSS","HTML","JavaScript","MySQL","PHP","Search Engine Optimization (SEO)","WordPress"],"perks":["Certificate","Letter of recommendation"],"openings":"5"},{"url":"/internship/detail/mern-stack-development-internship-in-indore-bhopal-at-eulogik1667543984","name":"MERN Stack Development","company":"Eulogik","location":"Indore","duration":"4 Months","stipend":"6,000-8,000 /month","applications":"Be an early applicant","skills":["CSS","Express.js","HTML","JavaScript","MongoDB","Node.js","ReactJS"],"perks":["Letter of recommendation"],"openings":"2"},{"url":"/internship/detail/wordpress-development-internship-in-chennai-at-pikcha-india-private-limited1667542993","name":"WordPress Development","company":"Pikcha India Private Limited","location":"Chennai","duration":"6 Months","stipend":"20,000-35,000 /month","applications":"Be an early applicant","skills":["jQuery","PHP","React Native","WordPress"],"perks":["Flexible work hours","5 days a week"],"openings":"1"},{"url":"/internship/detail/reactjs-development-internship-in-kanpur-at-srijcon-innovations-private-limited1667542389","name":"ReactJS Development","company":"Srijcon Innovations Private Limited","location":"Kanpur","duration":"2 Months","stipend":"3,000 /month","applications":"Be an early applicant","skills":["CSS","GitHub","HTML","JavaScript","jQuery","ReactJS","Redux"],"perks":["Certificate","Informal dress code"],"openings":"2"},{"url":"/internship/detail/wordpress-web-design-internship-in-chennai-at-w3squad-technology-solutions-llp1667480575","name":"WordPress Web Design","company":"W3Squad Technology Solutions LLP","location":"Chennai","duration":"3 Months","stipend":"6,000 /month","applications":"Be an early applicant","skills":["CSS","HTML","JavaScript","WordPress"],"perks":["Certificate","Letter of recommendation","Flexible work hours","Informal dress code","5 days a week","Free snacks & beverages"],"openings":"1"},{"url":"/internship/detail/reactjs-development-internship-in-noida-at-techville-eservices1667409191","name":"ReactJS Development","company":"Techville EServices","location":"Noida","duration":"2 Months","stipend":"1,500 /week","applications":"34 applicants","skills":["ReactJS"],"perks":["Certificate","Flexible work hours","Informal dress code","5 days a week","Free snacks & beverages"],"openings":"2"},{"url":"/internship/detail/wordpress-development-internship-in-mumbai-at-vitorscape-technologies1667415227","name":"WordPress Development","company":"Vitorscape Technologies","location":"Mumbai","duration":"3 Months","stipend":"8,000 /month","applications":"Be an early applicant","skills":["CSS","HTML","JavaScript","LARAVEL","PHP","Search Engine Optimization (SEO)","WordPress"],"perks":[],"openings":"1"},{"url":"/internship/detail/web-development-internship-in-pune-at-digipeddle-technologies1667389430","name":"Web Development","company":"Digipeddle Technologies","location":"Pune","duration":"3 Months","stipend":"5,000-8,000 /month","applications":"63 applicants","skills":["CSS","HTML","JavaScript","PHP","WordPress"],"perks":["Certificate","Letter of recommendation","Job offer"],"openings":"2"},{"url":"/internship/detail/full-stack-development-internship-in-multiple-locations-at-vidyalai1667393334","name":"Full Stack Development","company":"Vidyalai","location":"Kochi","duration":"6 Months","stipend":"15,000 /month","applications":"30 applicants","skills":["CSS","HTML","JavaScript","MongoDB","Node.js","ReactJS"],"perks":["Certificate","Letter of recommendation","Informal dress code","Job offer"],"openings":"2"},{"url":"/internship/detail/front-end-angular-development-part-time-job-internship-at-hyderabad-in-dapplogix-software-private-limited1667461735","name":"Front-End (Angular) Development","company":"Dapplogix Software Private Limited","location":"Hyderabad","duration":"3 Months","stipend":"3,000-10,000 /month","applications":"Be an early applicant","skills":["Angular 7.0","Bootstrap","CSS","HTML","JavaScript"],"perks":["Certificate","Letter of recommendation"],"openings":"3"},{"url":"/internship/detail/web-development-work-from-home-job-internship-at-mumtree1667390302","name":"Web Development","company":"Mumtree","location":"Work From Home","duration":"3 Months","stipend":"3,000-5,000 /month","applications":"53 applicants","skills":["Search Engine Optimization (SEO)","WordPress"],"perks":["Certificate","Flexible work hours"],"openings":"1"},{"url":"/internship/detail/front-end-development-work-from-home-job-internship-at-digipplus1667461213","name":"Front End Development","company":"Digipplus","location":"Work From Home","duration":"6 Months","stipend":"20,000-30,000 /month","applications":"133 applicants","skills":["ReactJS"],"perks":["Certificate","Letter of recommendation"],"openings":"1"},{"url":"/internship/detail/angular-development-internship-in-vadodara-at-webbybutter-technologies1667458089","name":"Angular Development","company":"Webbybutter Technologies","location":"Vadodara","duration":"6 Months","stipend":"5,000 /month","applications":"Be an early applicant","skills":["Angular 2.0","Angular 7.0","AngularJS","JavaScript"],"perks":["Certificate","Letter of recommendation","Flexible work hours","Informal dress code","5 days a week"],"openings":"3"},{"url":"/internship/detail/reactjs-development-work-from-home-job-internship-at-surjal-services-private-limited1667411903","name":"ReactJS Development","company":"Surjal Services Private Limited","location":"Work From Home","duration":"3 Months","stipend":"10,000 /month","applications":"129 applicants","skills":["ReactJS","React Native"],"perks":["Certificate","Letter of recommendation","Flexible work hours"],"openings":"2"},{"url":"/internship/detail/wordpress-development-part-time-job-internship-at-vadodara-in-nmr-enterprise1667390263","name":"WordPress Development","company":"NMR Enterprise","location":"Vadodara","duration":"3 Months","stipend":"3,000-8,000 /month","applications":"Be an early applicant","skills":["WordPress"],"perks":["Certificate","Letter of recommendation","Flexible work hours","Informal dress code","5 days a week"],"openings":"2"},{"url":"/internship/detail/front-end-web-development-internship-in-delhi-at-p2l-impact-learning-empowers-private-limited1667389006","name":"Front End Web Development","company":"P2L Impact Learning Empowers Private Limited","location":"Delhi","duration":"3 Months","stipend":"2,000-3,000 /month","applications":"39 applicants","skills":["Bootstrap","CSS","Django","HTML","JavaScript"],"perks":["Certificate","Letter of recommendation","5 days a week"],"openings":"2"},{"url":"/internship/detail/mobile-app-development-react-native-work-from-home-job-internship-at-redpositive-service-opc-private-limited1667366895","name":"Mobile App Development (React Native)","company":"Redpositive Service (OPC) Private Limited","location":"Work From Home","duration":"4 Months","stipend":"2,000-8,000 /month","applications":"34 applicants","skills":["Algorithms","JavaScript","Model View Controller(MVC)","ReactJS","React Native","Redux","REST API","TypeScript","Xcode"],"perks":["Certificate","Letter of recommendation","Flexible work hours"],"openings":"20"},{"url":"/internship/detail/mern-stack-work-from-home-job-internship-at-confederation-of-global-innovators1667298448","name":"MERN Stack","company":"Confederation Of Global Innovators","location":"Work From Home","duration":"2 Months","stipend":"15,000 /month","applications":"153 applicants","skills":["CSS","Data Structures","JavaScript","Node.js","ReactJS","Tailwind CSS"],"perks":["Certificate","Letter of recommendation"],"openings":"1"}]}