{"success":40,"failed":0,"internships":[{"url":"/internship/detail/mern-stack-development-work-from-home-job-internship-at-zaveri-it-solutions-llc1667651225","name":"MERN Stack Development","company":"Zaveri IT Solutions LLC","location":"Work From Home","duration":"6 Months","stipend":"5,000 /month","applications":"Be an early applicant","skills":["C++ Programming","Hibernate (Java)","Java","Node.js","SQL"],"perks":["Certificate","Letter of recommendation","Flexible work hours","5 days a week","Job offer"],"openings":"9"},{"url":"/internship/detail/full-stack-development-work-from-home-job-internship-at-settyl1667574976","name":"Full Stack Development","company":"Settyl","location":"Work From Home","duration":"6 Months","stipend":"3,000-6,000 /month","applications":"56 applicants","skills":["Express.js","JavaScript","MongoDB","Node.js","ReactJS","REST API"],"perks":["Certificate","Letter of recommendation","Flexible work hours"],"openings":"3"},{"url":"/internship/detail/full-stack-development-work-from-home-job-internship-at-vyorius1667569486","name":"Full Stack Development","company":"Vyorius","location":"Work From Home","duration":"2 Months","stipend":"2,000-5,000 /month","applications":"47 applicants","skills":["CSS","HTML","JavaScript","Node.js","ReactJS","Redux"],"perks":["Certificate","Letter of recommendation","Flexible work hours","Job offer"],"openings":"2"},{"url":"/internship/detail/full-stack-development-internship-in-noida-at-concept-catalyst-solutions-private-limited1667563197","name":"Full Stack Development","company":"Concept Catalyst Solutions Private Limited","location":"Noida","duration":"3 Months","stipend":"5,000-15,000 /month","applications":"Be an early applicant","skills":["CSS","Express.js","GitHub","HTML","JavaScript","MongoDB","Node.js","ReactJS","SQL"],"perks":["Certificate","Letter of recommendation","Flexible work hours","Informal dress code","Free snacks & beverages","Job offer"],"openings":"2"},{"url":"/internship/detail/fullstack-development-ai-ml-work-from-home-job-internship-at-cybranex1667496918","name":"Fullstack Development (AI/ML)","company":"CybraneX","location":"Work From Home","duration":"3 Months","stipend":"2,500-3,500 /month","applications":"64 applicants","skills":["Computer Vision","CSS","Django","Git","HTML","Java","JavaScript","Natural Language Processing (NLP)","PHP","Python","ReactJS"],"perks":["Certificate","Letter of recommendation","Flexible work hours"],"openings":"2"},{"url":"/internship/detail/full-stack-development-web-application-development-work-from-home-job-internship-at-aero2astro1667545957","name":"Full Stack Development/Web Application Development","company":"Aero2Astro","location":"Work From Home","duration":"3 Months","stipend":"10,000 lump sum","applications":"68 applicants","skills":["Amazon Web Server (AWS)","Amazon Web Services (AWS)","AngularJS","C++ Programming","DigitalOcean","Django","Express.js","JavaScript","LARAVEL","Linux","Node.js","Python","ReactJS","React Native","Spring MVC","Tailwind CSS","User Interface (UI) Development","Windows Mobile Application Development"],"perks":["Certificate","Letter of recommendation"],"openings":"6"},{"url":"/internship/detail/mern-stack-development-internship-in-indore-bhopal-at-eulogik1667543984","name":"MERN Stack Development","company":"Eulogik","location":"Indore","duration":"4 Months","stipend":"6,000-8,000 /month","applications":"Be an early applicant","skills":["CSS","Express.js","HTML","JavaScript","MongoDB","Node.js","ReactJS"],"perks":["Letter of recommendation"],"openings":"2"},{"url":"/internship/detail/full-stack-development-internship-in-chennai-coimbatore-at-revoltaxe-india-private-limited1667517073","name":"Full Stack Development","company":"Revoltaxe India Private Limited","location":"Chennai","duration":"3 Months","stipend":"10,000 /month","applications":"Be an early applicant","skills":["AngularJS","CSS","JavaScript","MySQL","PHP","Python","ReactJS","React Native"],"perks":[],"openings":"2"},{"url":"/internship/detail/mean-development-work-from-home-job-internship-at-rudra-group1667475975","name":"MEAN Development","company":"Rudra Group","location":"Work From Home","duration":"2 Months","stipend":"10,000-15,000 /month","applications":"64 applicants","skills":["Angular 2.0","Angular 7.0","CSS","Express.js","HTML","MongoDB","Node.js"],"perks":["Certificate","Letter of recommendation","Flexible work hours"],"openings":"4"},{"url":"/internship/detail/full-stack-development-work-from-home-job-internship-at-aerocraft-aviation1667383931","name":"Full Stack Development","company":"Aerocraft Aviation","location":"Work From Home","duration":"1 Month","stipend":"1,500 /month + Incentives","applications":"122 applicants","skills":["CSS","HTML","JavaScript","MySQL","PHP"],"perks":["Certificate","Letter of recommendation","Flexible work hours"],"openings":"1"},{"url":"/internship/detail/full-stack-development-internship-in-multiple-locations-at-vidyalai1667393334","name":"Full Stack Development","company":"Vidyalai","location":"Kochi","duration":"6 Months","stipend":"15,000 /month","applications":"30 applicants","skills":["CSS","HTML","JavaScript","MongoDB","Node.js","ReactJS"],"perks":["Certificate","Letter of recommendation","Informal dress code","Job offer"],"openings":"2"},{"url":"/internship/detail/web-development-full-stack-internship-in-kolkata-howrah-at-cvdragon-india1667451166","name":"Web Development (Full Stack)","company":"CvDragon India","location":"Kolkata","duration":"3 Months","stipend":"5,000 /month","applications":"Be an early applicant","skills":["Bootstrap","CSS","GitHub","HTML","JavaScript","jQuery","MySQL","PHP","ReactJS"],"perks":["Certificate","Letter of recommendation","Informal dress code","Job offer"],"openings":"5"},{"url":"/internship/detail/full-stack-development-mern-internship-in-bangalore-at-protoezy-designs-private-limited1667443366","name":"Full Stack Development (MERN)","company":"Protoezy Designs Private Limited","location":"Bangalore","duration":"2 Months","stipend":"10,000 /month","applications":"Be an early applicant","skills":["Amazon Web Services (AWS)","Express.js","Git","MongoDB","Node.js","ReactJS"],"perks":["Certificate","Letter of recommendation","Informal dress code","Job offer"],"openings":"2"},{"url":"/internship/detail/full-stack-development-internship-in-mumbai-at-vitorscape-technologies1667412600","name":"Full Stack Development","company":"Vitorscape Technologies","location":"Mumbai","duration":"3 Months","stipend":"8,000 /month","applications":"Be an early applicant","skills":["AngularJS","CSS","HTML","JavaScript","MongoDB","MySQL","Node.js","PHP","Python","ReactJS"],"perks":[],"openings":"1"},{"url":"/internship/detail/full-stack-python-flask-web-development-work-from-home-job-internship-at-dendriteai1667403547","name":"Full Stack Python/Flask Web Development","company":"Dendrite.ai","location":"Work From Home","duration":"4 Months","stipend":"4,000 /month","applications":"43 applicants","skills":["Docker","Flask","Git","Python","SQL","Unix"],"perks":["Certificate","Flexible work hours"],"openings":"2"},{"url":"/internship/detail/full-stack-development-internship-in-chennai-at-klentysoft-incorporation1667391772","name":"Full Stack Development","company":"KlentySoft Incorporation","location":"Chennai","duration":"3 Months","stipend":"15,000 /month","applications":"Be an early applicant","skills":["Express.js","MongoDB","Node.js","ReactJS"],"perks":["Certificate","Letter of recommendation","Flexible work hours","Informal dress code","5 days a week","Free snacks & beverages"],"openings":"7"},{"url":"/internship/detail/mern-stack-development-internship-in-noida-at-hexadecimal-software1667390314","name":"MERN Stack Development","company":"Hexadecimal Software","location":"Noida","duration":"3 Months","stipend":"10,000 /month","applications":"53 applicants","skills":["Node.js","ReactJS"],"perks":["Letter of recommendation"],"openings":"10"},{"url":"/internship/detail/mern-stack-work-from-home-job-internship-at-confederation-of-global-innovators1667298448","name":"MERN Stack","company":"Confederation Of Global Innovators","location":"Work From Home","duration":"2 Months","stipend":"15,000 /month","applications":"153 applicants","skills":["CSS","Data Structures","JavaScript","Node.js","ReactJS","Tailwind CSS"],"perks":["Certificate","Letter of recommendation"],"openings":"1"},{"url":"/internship/detail/full-stack-web-development-work-from-home-job-internship-at-tnit-solutions-llp1667303876","name":"Full Stack Web Development","company":"TNIT Solutions LLP","location":"Work From Home","duration":"2 Months","stipend":"4,000-6,000 /month","applications":"80 applicants","skills":["Adobe XD","Amazon Web Server (AWS)","CSS","Figma","HTML","JavaScript","MongoDB","MySQL","Node.js","PHP","ReactJS"],"perks":["Letter of recommendation"],"openings":"2"},{"url":"/internship/detail/full-stack-development-work-from-home-job-internship-at-main-marshals1667378390","name":"Full Stack Development","company":"Main Marshals","location":"Work From Home","duration":"3 Months","stipend":"5,000 /month","applications":"32 applicants","skills":["Amazon Web Server (AWS)","AngularJS","CSS","HTML","Java","JavaScript","MongoDB","MySQL","Node.js","Python","ReactJS","React Native","web3.js"],"perks":["Certificate","Letter of recommendation","Job offer"],"openings":"2"},{"url":"/internship/detail/full-stack-nodejs-development-internship-in-hyderabad-at-outshade-digital-media1667375762","name":"Full Stack/Node.js Development","company":"Outshade Digital Media","location":"Hyderabad","duration":"3 Months","stipend":"8,000-15,000 /month","applications":"40 applicants","skills":["Node.js","REST API","SQL"],"perks":["Certificate"],"openings":"5"},{"url":"/internship/detail/full-stack-development-work-from-home-job-internship-at-redpositive-service-opc-private-limited1667366770","name":"Full Stack Development","company":"Redpositive Service (OPC) Private Limited","location":"Work From Home","duration":"4 Months","stipend":"2,000-7,000 /month","applications":"76 applicants","skills":["CSS","Express.js","JavaScript","JSON","MEAN/MERN Stack","MongoDB","Node.js","NoSQL","ReactJS","Redux","REST API"],"perks":["Certificate","Letter of recommendation","Flexible work hours"],"openings":"20"},{"url":"/internship/detail/full-stack-development-work-from-home-job-internship-at-iesoft-technologies-private-limited1667297285","name":"Full Stack Development","company":"IESoft Technologies Private Limited","location":"Work From Home","duration":"6 Months","stipend":"20,000 /month","applications":"382 applicants","skills":["AngularJS","CSS","HTML","JavaScript","Node.js","Python","ReactJS"],"perks":["Certificate","Letter of recommendation"],"openings":"5"},{"url":"/internship/detail/full-stack-development-internship-in-jaipur-at-shopsky-india-private-limited1667363547","name":"Full Stack Development","company":"Shopsky India Private Limited","location":"Jaipur","duration":"2 Months","stipend":"30,000 /month","applications":"Be an early applicant","skills":["AngularJS","CSS","HTML","JavaScript","MySQL","PHP","ReactJS"],"perks":["Certificate","Letter of recommendation"],"openings":"1"},{"url":"/internship/detail/back-end-development-mern-internship-in-bangalore-at-juntrax-solutions-private-limited1667336356","name":"Back End Development (MERN)","company":"Juntrax Solutions Private Limited","location":"Bangalore","duration":"6 Months","stipend":"15,000 /month + Incentives","applications":"Be an early applicant","skills":["MEAN/MERN Stack","MongoDB","Node.js","ReactJS","TypeScript"],"perks":["Certificate","Informal dress code","5 days a week","Job offer"],"openings":"1"},{"url":"/internship/detail/full-stack-web-development-ar-vr-and-ai-work-from-home-job-internship-at-protohubs-technology-llp1667310892","name":"Full Stack Web Development (AR/VR And AI)","company":"ProtoHubs Technology LLP","location":"Work From Home","duration":"4 Months","stipend":"5,000 /month","applications":"Be an early applicant","skills":["Database Management System (DBMS)","Django","JavaScript","MEAN/MERN Stack","MongoDB","Node.js","ReactJS"],"perks":["Certificate","Letter of recommendation","Flexible work hours","5 days a week"],"openings":"2"},{"url":"/internship/detail/full-stack-development-internship-in-gurgaon-at-material-library1667293023","name":"Full Stack Development","company":"Material Library","location":"Gurgaon","duration":"3 Months","stipend":"10,000-15,000 /month","applications":"94 applicants","skills":["Amazon Web Services (AWS)","JavaScript","MongoDB","Node.js","ReactJS"],"perks":["Certificate","Free snacks & beverages","Job offer"],"openings":"4"},{"url":"/internship/detail/full-stack-development-work-from-home-job-internship-at-sortwind-private-limited1667287614","name":"Full Stack Development","company":"SortWind Private Limited","location":"Work From Home","duration":"3 Months","stipend":"3,000 /month","applications":"58 applicants","skills":["AngularJS","CSS","HTML","JavaScript","MongoDB","MySQL","Node.js","ReactJS"],"perks":["Certificate","Letter of recommendation","Flexible work hours","Job offer"],"openings":"5"},{"url":"/internship/detail/full-stack-development-work-from-home-job-internship-at-docsup-private-limited1667287359","name":"Full Stack Development","company":"Docsup Private Limited","location":"Work From Home","duration":"3 Months","stipend":"3,000 /month","applications":"Be an early applicant","skills":["Amazon Web Server (AWS)","Bootstrap","CSS","Express.js","Firebase","GitHub","HTML","Materialize","MongoDB","Node.js","ReactJS","Redux","REST API","Stripe Payment API"],"perks":["Certificate","Letter of recommendation"],"openings":"3"},{"url":"/internship/detail/full-stack-development-web-app-internship-in-hyderabad-at-badhaan1667282243","name":"Full Stack Development - Web App","company":"Badhaan","location":"Hyderabad","duration":"6 Months","stipend":"5,000 /month","applications":"Be an early applicant","skills":["Amazon Web Server (AWS)","Amazon Web Services (AWS)","Angular 2.0","Angular 7.0","Firebase","Git","JavaScript","MEAN/MERN Stack","Node.js","NoSQL","React Native","Unix"],"perks":[],"openings":"5"},{"url":"/internship/detail/full-stack-development-work-from-home-job-internship-at-site-galleria1667118272","name":"Full Stack Development","company":"Site Galleria","location":"Work From Home","duration":"6 Months","stipend":"5,000 /month","applications":"104 applicants","skills":["MongoDB","Node.js","NoSQL","REST API","SQL"],"perks":["Certificate","Letter of recommendation"],"openings":"2"},{"url":"/internship/detail/mern-stack-development-work-from-home-job-internship-at-digital-ipsum1667048070","name":"MERN Stack Development","company":"Digital Ipsum","location":"Work From Home","duration":"3 Months","stipend":"4,000 /month","applications":"242 applicants","skills":["AJAX","CSS","Express.js","HTML","MySQL","Node.js","ReactJS","REST API"],"perks":["Certificate","Letter of recommendation"],"openings":"3"},{"url":"/internship/detail/mobile-app-development-work-from-home-job-internship-at-gravity-brain1667024682","name":"Mobile App Development","company":"Gravity Brain","location":"Work From Home","duration":"3 Months","stipend":"5,000 /month","applications":"91 applicants","skills":["Android","AngularJS","Flutter","Java","Node.js","React Native","REST API"],"perks":["Certificate","Letter of recommendation","Flexible work hours","5 days a week"],"openings":"1"},{"url":"/internship/detail/full-stack-development-work-from-home-job-internship-at-skillmile1666951953","name":"Full Stack Development","company":"Skillmile","location":"Work From Home","duration":"3 Months","stipend":"5,000-10,000 /month","applications":"145 applicants","skills":["Java","JavaScript","MySQL","Node.js","PHP","Python","ReactJS","SQL"],"perks":["Certificate","Letter of recommendation","Flexible work hours"],"openings":"2"},{"url":"/internship/detail/full-stack-development-internship-in-pune-at-encubate-tech-private-limited1666942729","name":"Full Stack Development","company":"Encubate Tech Private Limited","location":"Pune","duration":"6 Months","stipend":"15,000-20,000 /month","applications":"35 applicants","skills":[".NET","Bootstrap","JavaScript","MongoDB","ReactJS"],"perks":["Certificate","Letter of recommendation","5 days a week"],"openings":"4"},{"url":"/internship/detail/full-stack-development-work-from-home-job-internship-at-prime-vogue-sikdar-technologies-private-limited1666893858","name":"Full Stack Development","company":"Prime Vogue (Sikdar Technologies Private Limited)","location":"Work From Home","duration":"2 Months","stipend":"15,000 /month","applications":"148 applicants","skills":["iOS","Node.js","PostgreSQL","ReactJS","React Native","REST API","TypeScript"],"perks":["Certificate","Letter of recommendation","Flexible work hours","5 days a week"],"openings":"2"},{"url":"/internship/detail/full-stack-development-work-from-home-job-internship-at-ravi-ahirwar1666884798","name":"Full Stack Development","company":"Ravi Ahirwar","location":"Work From Home","duration":"3 Months","stipend":"8,000 /month","applications":"98 applicants","skills":["Amazon Web Server (AWS)","CSS","Express.js","JavaScript","MongoDB","Node.js","ReactJS"],"perks":["Letter of recommendation","Flexible work hours"],"openings":"1"},{"url":"/internship/detail/full-stack-development-work-from-home-job-internship-at-activeloc1666880083","name":"Full Stack Development","company":"ActiveLoc","location":"Work From Home","duration":"2 Months","stipend":"12,000 /month","applications":"93 applicants","skills":["Amazon Web Services (AWS)","AngularJS","CSS","DevOps","HTML","JavaScript","jQuery","MongoDB","MySQL","Node.js","ReactJS"],"perks":["Certificate","Letter of recommendation","5 days a week"],"openings":"1"},{"url":"/internship/detail/full-stack-development-internship-in-roorkee-at-ispock-technologies-private-limited1666339245","name":"Full Stack Development","company":"ISpock Technologies Private Limited","location":"Roorkee","duration":"6 Months","stipend":"10,000-15,000 /month","applications":"35 applicants","skills":["C++ Programming","C Programming","CSS","Embedded Systems","HTML","Java","JavaScript","MongoDB","MySQL","Node.js","Python","ReactJS"],"perks":["Certificate","Letter of recommendation","Informal dress code","Free snacks & beverages","Job offer"],"openings":"2"},{"url":"/internship/detail/full-stack-development-work-from-home-job-internship-at-swap-multiservices1666850439","name":"Full Stack Development","company":"SWAP Multiservices","location":"Work From Home","duration":"2 Months","stipend":"4,000 /month","applications":"30 applicants","skills":["FastAPI","Flask","JavaScript","Node.js","Python","REST API"],"perks":["Certificate","Letter of recommendation","Flexible work hours"],"openings":"1"}]}