{"success":16,"failed":0,"internships":[{"url":"/internship/detail/unreal-engine-development-internship-in-multiple-locations-at-queppelin-technology-solutions-private-limited1667652113","name":"Unreal Engine Development","company":"Queppelin Technology Solutions Private Limited","location":"Faridabad","duration":"6 Months","stipend":"15,000 /month","applications":"Be an early applicant","skills":["C++ Programming","Unreal Engine"],"perks":["Certificate","Informal dress code","5 days a week","Job offer"],"openings":"2"},{"url":"/internship/detail/unity-developer-internship-in-indore-bhopal-at-satya-kabir-e-solutions-private-limited1667574385","name":"Unity Developer","company":"Satya Kabir E-solutions Private Limited","location":"Indore","duration":"4 Months","stipend":"3,000-15,000 /month","applications":"Be an early applicant","skills":["Unity 3D"],"perks":["Certificate","Informal dress code"],"openings":"10"},{"url":"/internship/detail/game-development-work-from-home-job-internship-at-duke-and-clyde-innovation-center-private-limited1667482593","name":"Game Development","company":"Duke And Clyde Innovation Center Private Limited","location":"Work From Home","duration":"3 Months","stipend":"3,000 lump sum","applications":"Be an early applicant","skills":["Blender 3D","Unreal Engine"],"perks":["Certificate","Letter of recommendation","Flexible work hours","5 days a week"],"openings":"2"},{"url":"/internship/detail/game-development-internship-in-ahmedabad-at-itechnuts1666080474","name":"Game Development","company":"Itechnuts","location":"Ahmedabad","duration":"6 Months","stipend":"8,000 /month","applications":"Be an early applicant","skills":["Android","C++ Programming","C Programming","iOS","Java"],"perks":["Certificate","Letter of recommendation","Informal dress code","Job offer"],"openings":"6"},{"url":"/internship/detail/game-development-work-from-home-job-internship-at-otakukart1667485626","name":"Game Development","company":"OtakuKart","location":"Work From Home","duration":"3 Months","stipend":"6,000 /month","applications":"69 applicants","skills":["Blender 3D","C#","JavaScript","Unity 3D","Unity Engine","Unreal Engine"],"perks":["Certificate","Letter of recommendation","Flexible work hours"],"openings":"2"},{"url":"/internship/detail/unity-game-development-internship-in-pune-at-augmentastic-private-limited1667474298","name":"Unity Game Development","company":"Augmentastic Private Limited","location":"Pune","duration":"6 Months","stipend":"10,000 /month + Incentives","applications":"Be an early applicant","skills":["C#","Unity 3D","Unity Engine","User Interface (UI) Development"],"perks":["Certificate","Letter of recommendation","Informal dress code","Free snacks & beverages","Job offer"],"openings":"5"},{"url":"/internship/detail/game-development-work-from-home-job-internship-at-cogent-codebucket1667381472","name":"Game Development","company":"Cogent Codebucket","location":"Work From Home","duration":"6 Months","stipend":"10,000 /month","applications":"65 applicants","skills":["C#","Unity 3D","Unity Engine"],"perks":["Certificate","Letter of recommendation","Flexible work hours","Job offer"],"openings":"2"},{"url":"/internship/detail/unreal-development-internship-in-chennai-at-hexr-factory1667451273","name":"Unreal Development","company":"HEXR Factory","location":"Chennai","duration":"3 Months","stipend":"12,000 /month","applications":"Be an early applicant","skills":["C++ Programming","Unreal Engine"],"perks":["Certificate","Letter of recommendation","Informal dress code","Free snacks & beverages","Job offer"],"openings":"7"},{"url":"/internship/detail/unity-game-development-internship-in-multiple-locations-at-todquest-enterprises-private-limited1667292368","name":"Unity Game Development","company":"Todquest Enterprises Private Limited","location":"Ghaziabad","duration":"3 Months","stipend":"10,000-15,000 /month","applications":"Be an early applicant","skills":["Unity 3D"],"perks":["Certificate","Flexible work hours","5 days a week","Job offer"],"openings":"1"},{"url":"/internship/detail/game-development-work-from-home-job-internship-at-youth-buzz-educom-llp1667118257","name":"Game Development","company":"Youth Buzz Educom LLP","location":"Work From Home","duration":"3 Months","stipend":"3,500-5,000 /month","applications":"37 applicants","skills":["Blender 3D","C#","CSS","HTML","JavaScript","PHP","Unity 3D","Unity Engine"],"perks":["Certificate","Letter of recommendation","Flexible work hours"],"openings":"2"},{"url":"/internship/detail/unity-development-work-from-home-job-internship-at-caarya1667035966","name":"Unity Development","company":"Caarya","location":"Work From Home","duration":"2 Months","stipend":"5,000 /month","applications":"77 applicants","skills":["Java","Kotlin","Unity 3D"],"perks":["Certificate","Letter of recommendation","Flexible work hours"],"openings":"3"},{"url":"/internship/detail/game-development-internship-in-delhi-at-freak-x-apps1666852308","name":"Game Development","company":"Freak X Apps","location":"Delhi","duration":"4 Months","stipend":"5,000 /month","applications":"Be an early applicant","skills":["GitHub","HTML","Unity Engine"],"perks":["Certificate","Letter of recommendation","Informal dress code","5 days a week","Job offer"],"openings":"3"},{"url":"/internship/detail/3d-modeling-internship-in-multiple-locations-at-assist-design-automation-private-limited1666872977","name":"3D Modeling","company":"Assist Design Automation Private Limited","location":"Pune","duration":"6 Months","stipend":"8,000 /month","applications":"Be an early applicant","skills":["Blender 3D","Unity 3D","Unreal Engine"],"perks":["Certificate","Letter of recommendation","Flexible work hours","Informal dress code"],"openings":"1"},{"url":"/internship/detail/blender-development-internship-in-jabalpur-at-homegurujicom1666872341","name":"Blender Development","company":"Homeguruji.com","location":"Jabalpur","duration":"3 Months","stipend":"5,000-8,000 /month","applications":"Be an early applicant","skills":["Autodesk Maya","Blender 3D"],"perks":["Certificate","Letter of recommendation","Informal dress code"],"openings":"5"},{"url":"/internship/detail/unity-3d-game-development-work-from-home-job-internship-at-moong-labs-technologies-private-limited1666866876","name":"Unity 3D Game Development","company":"Moong Labs Technologies Private Limited","location":"Work From Home","duration":"6 Months","stipend":"10,000 /month","applications":"80 applicants","skills":["Unity 3D"],"perks":[],"openings":"4"},{"url":"/internship/detail/unity-development-work-from-home-job-internship-at-homegurujicom1666337870","name":"Unity Development","company":"Homeguruji.com","location":"Work From Home","duration":"3 Months","stipend":"2,000-5,000 /month","applications":"80 applicants","skills":["Autodesk Maya","Blender 3D","C#","C++ Programming","C Programming","Java","Python"],"perks":["Certificate"],"openings":"10"}]}