{"success":8,"failed":0,"internships":[{"url":"/internship/detail/database-validation-internship-in-chennai-at-confederation-of-indian-industry-cii1667472555","name":"Database Validation","company":"Confederation Of Indian Industry (CII)","location":"Chennai","duration":"2 Months","stipend":"8,000 /month","applications":"Be an early applicant","skills":[],"perks":["Certificate"],"openings":"2"},{"url":"/internship/detail/digital-marketing-internship-in-chennai-at-confederation-of-indian-industry-cii1666938470","name":"Digital Marketing","company":"Confederation Of Indian Industry (CII)","location":"Chennai","duration":"2 Months","stipend":"12,000 /month","applications":"34 applicants","skills":[],"perks":[],"openings":"2"},{"url":"/internship/detail/research-intern-internship-in-delhi-at-aam-aadmi-party1666459634","name":"Research Intern","company":"Aam Aadmi Party","location":"Delhi","duration":"2 Months","stipend":"Unpaid","applications":"188 applicants","skills":["Research and Analytics"],"perks":["Certificate","Letter of recommendation"],"openings":"10"},{"url":"/internship/detail/public-policy-work-from-home-job-internship-at-international-institute-of-sdgs-public-policy-research1667289458","name":"Public Policy","company":"International Institute Of SDGs & Public Policy Research","location":"Work From Home","duration":"1 Month","stipend":"Unpaid","applications":"32 applicants","skills":[],"perks":["Certificate","Letter of recommendation","Flexible work hours","5 days a week"],"openings":"10"},{"url":"/internship/detail/law-legal-work-from-home-job-internship-at-international-institute-of-sdgs-public-policy-research1667289494","name":"Law/Legal","company":"International Institute Of SDGs & Public Policy Research","location":"Work From Home","duration":"1 Month","stipend":"Unpaid","applications":"73 applicants","skills":[],"perks":["Certificate","Letter of recommendation","Flexible work hours","5 days a week"],"openings":"10"},{"url":"/internship/detail/event-management-promotions-internship-in-delhi-noida-at-centre-for-the-study-of-caste-capitalism1667031558","name":"Event Management & Promotions","company":"Centre For The Study Of Caste & Capitalism","location":"Delhi","duration":"3 Months","stipend":"6,000 /month + Incentives","applications":"Be an early applicant","skills":["Digital Marketing","English Proficiency (Spoken)","English Proficiency (Written)","Event Management","Facebook Marketing","Instagram Marketing"],"perks":["Certificate","Letter of recommendation","Informal dress code","Free snacks & beverages"],"openings":"2"},{"url":"/internship/detail/consultancy-government-private-projects-internship-in-delhi-at-centre-for-the-study-of-caste-capitalism1666954790","name":"Consultancy - Government & Private Projects","company":"Centre For The Study Of Caste & Capitalism","location":"Delhi","duration":"3 Months","stipend":"8,000 /month","applications":"Be an early applicant","skills":["Business Analysis","Business Research","Content Writing","Data Analytics","English Proficiency (Spoken)","English Proficiency (Written)","Operations","Project Management","Research and Analytics"],"perks":["Certificate","Letter of recommendation","Informal dress code","Free snacks & beverages"],"openings":"1"},{"url":"/internship/detail/web-development-internship-in-hyderabad-at-iffco1666762200","name":"Web Development","company":"IFFCO","location":"Hyderabad","duration":"6 Months","stipend":"25,000 /month","applications":"80 applicants","skills":["Adobe Photoshop","Animation","AutoCAD","Bash","Blogging","Bootstrap","C++ Programming","Canva","CSS","Firebase","Git","Git Bash","Google Analytics","MySQL"],"perks":["Certificate","Letter of recommendation","Flexible work hours","5 days a week"],"openings":"1"}]}