{"success":40,"failed":0,"internships":[{"url":"/internship/detail/graphic-design-internship-in-multiple-locations-at-scizers-technologies-llp1667288147","name":"Graphic Design","company":"Scizers Technologies LLP","location":"Chandigarh","duration":"6 Months","stipend":"10,000 /month","applications":"Be an early applicant","skills":["Adobe After Effects","Adobe Creative Suite","Adobe Illustrator","Adobe Indesign","Adobe Photoshop","Adobe Premiere Pro","Figma","UI & UX Design"],"perks":["Certificate","Letter of recommendation","Flexible work hours","5 days a week"],"openings":"2"},{"url":"/internship/detail/graphic-design-internship-in-mumbai-at-iide-education-private-limited1667465559","name":"Graphic Design","company":"IIDE Education Private Limited","location":"Mumbai","duration":"6 Months","stipend":"5,000-8,000 /month","applications":"Be an early applicant","skills":["Adobe After Effects","Adobe Illustrator","Adobe Photoshop","Adobe Photoshop Lightroom CC","Adobe Premiere Pro","English Proficiency (Spoken)","English Proficiency (Written)","Video Editing"],"perks":["Certificate","Letter of recommendation"],"openings":"1"},{"url":"/internship/detail/graphic-design-internship-in-mumbai-at-tring1667368452","name":"Graphic Design","company":"Tring","location":"Mumbai","duration":"3 Months","stipend":"8,500 /month","applications":"47 applicants","skills":[],"perks":["Letter of recommendation","Flexible work hours","Informal dress code"],"openings":"1"},{"url":"/internship/detail/graphic-design-internship-in-mumbai-at-altorise-ventures-private-limited1666959107","name":"Graphic Design","company":"Altorise Ventures Private Limited","location":"Mumbai","duration":"3 Months","stipend":"10,000 /month","applications":"32 applicants","skills":["Adobe After Effects","Adobe Illustrator","Adobe Photoshop","Video Editing"],"perks":["Letter of recommendation","5 days a week"],"openings":"1"},{"url":"/internship/detail/graphic-design-internship-in-gurgaon-at-totality-corporation1666851435","name":"Graphic Design","company":"Totality Corporation","location":"Gurgaon","duration":"3 Months","stipend":"15,000 /month","applications":"67 applicants","skills":["Adobe Illustrator","Adobe Photoshop","Canva","English Proficiency (Spoken)","English Proficiency (Written)","Figma","UI & UX Design","Video Editing"],"perks":["Certificate","Letter of recommendation","Flexible work hours","5 days a week","Job offer"],"openings":"3"},{"url":"/internship/detail/graphic-design-internship-in-mumbai-at-educational-software-technologies-limited1666962178","name":"Graphic Design","company":"Educational Software Technologies Limited","location":"Mumbai","duration":"3 Months","stipend":"10,000 /month","applications":"26 applicants","skills":["Adobe After Effects","Adobe Creative Suite","Adobe Illustrator","Adobe Indesign","Adobe Photoshop","Adobe Photoshop Lightroom CC","Adobe Premiere Pro","Colour Theory for Designers","CorelDRAW","UI & UX Design","Video Editing"],"perks":["Certificate","Letter of recommendation","Informal dress code","Job offer"],"openings":"2"},{"url":"/internship/detail/graphic-design-internship-in-mumbai-at-aastey1667544082","name":"Graphic Design","company":"Aastey","location":"Mumbai","duration":"3 Months","stipend":"8,000 /month","applications":"Be an early applicant","skills":["Adobe After Effects","Adobe Illustrator","Adobe Photoshop"],"perks":["Certificate","Letter of recommendation","Informal dress code","Free snacks & beverages"],"openings":"1"},{"url":"/internship/detail/graphic-design-internship-in-delhi-at-unimonks1667483719","name":"Graphic Design","company":"Unimonks","location":"Delhi","duration":"4 Months","stipend":"6,000-16,000 /month","applications":"Be an early applicant","skills":["Adobe After Effects","Adobe Illustrator","Video Editing"],"perks":["Certificate","Letter of recommendation"],"openings":"2"},{"url":"/internship/detail/graphic-design-internship-in-hyderabad-at-startoon-labs-private-limited1666777774","name":"Graphic Design","company":"Startoon Labs Private Limited","location":"Hyderabad","duration":"6 Months","stipend":"12,000-17,000 /month","applications":"Be an early applicant","skills":["Adobe After Effects","Adobe Creative Suite","Adobe Illustrator","Adobe Indesign","Adobe Photoshop","Adobe Premiere Pro","UI & UX Design","Video Editing"],"perks":["Certificate","Free snacks & beverages","Job offer"],"openings":"1"},{"url":"/internship/detail/graphic-design-internship-in-hyderabad-at-swipe1667283967","name":"Graphic Design","company":"Swipe","location":"Hyderabad","duration":"3 Months","stipend":"10,000-15,000 /month","applications":"35 applicants","skills":["Adobe Creative Suite","Adobe Illustrator","Adobe Photoshop","Figma"],"perks":["Certificate","Letter of recommendation","Free snacks & beverages","Job offer"],"openings":"2"},{"url":"/internship/detail/graphic-design-internship-in-chennai-at-almi-blogging-school-pro-almi-production-land-solar-private-limited1667535751","name":"Graphic Design","company":"ALMI Blogging School Pro (Almi Production Land Solar Private Limited)","location":"Chennai","duration":"3 Months","stipend":"3,000 /month","applications":"Be an early applicant","skills":["Adobe Photoshop","Video Editing","Video Making"],"perks":["Certificate","Letter of recommendation","Flexible work hours","Job offer"],"openings":"5"},{"url":"/internship/detail/graphic-design-internship-in-mumbai-at-design-centric1667208968","name":"Graphic Design","company":"Design Centric","location":"Mumbai","duration":"3 Months","stipend":"5,000-8,000 /month","applications":"Be an early applicant","skills":["Adobe After Effects","Adobe Creative Suite","Adobe Illustrator","Adobe Indesign","Adobe Photoshop","Adobe Photoshop Lightroom CC","Adobe Premiere Pro","CorelDRAW","UI & UX Design","Video Editing"],"perks":["Certificate","Letter of recommendation","Flexible work hours","Informal dress code","5 days a week","Job offer"],"openings":"1"},{"url":"/internship/detail/newspaper-design-internship-in-delhi-at-unimonks1667389117","name":"Newspaper Design","company":"Unimonks","location":"Delhi","duration":"4 Months","stipend":"3,000-8,000 /month","applications":"Be an early applicant","skills":["QuarkXPress"],"perks":["Certificate","Letter of recommendation"],"openings":"1"},{"url":"/internship/detail/sketching-cum-illustration-internship-in-delhi-at-unimonks1667388886","name":"Sketching Cum Illustration","company":"Unimonks","location":"Delhi","duration":"3 Months","stipend":"3,000-8,000 /month","applications":"Be an early applicant","skills":["Painting","Sketching"],"perks":["Certificate","Letter of recommendation"],"openings":"3"},{"url":"/internship/detail/graphic-design-internship-in-mumbai-at-mouth-and-foot-painting-artists1666708828","name":"Graphic Design","company":"Mouth And Foot Painting Artists","location":"Mumbai","duration":"3 Months","stipend":"10,000 /month","applications":"42 applicants","skills":["Adobe Illustrator","Adobe Photoshop"],"perks":["Certificate","Letter of recommendation","Flexible work hours","Informal dress code","5 days a week","Job offer"],"openings":"1"},{"url":"/internship/detail/graphic-design-internship-in-bangalore-at-li-ning-studio1666876058","name":"Graphic Design","company":"Li-Ning Studio","location":"Bangalore","duration":"1 Month","stipend":"10,000 /month","applications":"41 applicants","skills":["Adobe After Effects","Adobe Creative Suite","Adobe Illustrator","Adobe Photoshop","Adobe Premiere Pro","Video Editing"],"perks":["Certificate","Letter of recommendation","Informal dress code"],"openings":"2"},{"url":"/internship/detail/graphic-design-internship-in-multiple-locations-at-seventh-triangle-consulting1667305231","name":"Graphic Design","company":"Seventh Triangle Consulting","location":"Delhi","duration":"3 Months","stipend":"10,000 /month","applications":"30 applicants","skills":["Adobe Photoshop","Adobe Premiere Pro","Adobe XD","CorelDRAW","Figma","UI & UX Design"],"perks":["Certificate","Letter of recommendation","5 days a week"],"openings":"2"},{"url":"/internship/detail/social-media-marketing-internship-in-delhi-at-stylestry-ventures1667220553","name":"Social Media Marketing","company":"Stylestry Ventures","location":"Delhi","duration":"3 Months","stipend":"10,000 /month","applications":"73 applicants","skills":["Digital Marketing","Instagram Marketing","Social Media Marketing"],"perks":["Certificate","Letter of recommendation","Informal dress code"],"openings":"2"},{"url":"/internship/detail/graphic-design-part-time-job-internship-at-mumbai-in-imperio-railing-systems1667454996","name":"Graphic Design","company":"Imperio Railing Systems","location":"Mumbai","duration":"3 Months","stipend":"10,000 /month","applications":"28 applicants","skills":["Adobe Photoshop Lightroom CC","CorelDRAW","UI & UX Design"],"perks":["Certificate","Letter of recommendation","Flexible work hours","Informal dress code","5 days a week","Free snacks & beverages"],"openings":"1"},{"url":"/internship/detail/graphic-design-internship-in-delhi-gurgaon-at-everstylish-lifestyle-private-limited1667367447","name":"Graphic Design","company":"Everstylish Lifestyle Private Limited","location":"Delhi","duration":"3 Months","stipend":"5,000-15,000 /month","applications":"36 applicants","skills":["Adobe After Effects","Adobe Creative Suite","Adobe Illustrator","Adobe Indesign","Adobe Photoshop","Adobe Photoshop Lightroom CC","Adobe Premiere Pro","CorelDRAW","UI & UX Design","Video Editing"],"perks":["Certificate","Letter of recommendation","Job offer"],"openings":"2"},{"url":"/internship/detail/graphic-design-part-time-job-internship-at-pitampura-in-youth-empowerment-foundation1666739132","name":"Graphic Design","company":"Youth Empowerment Foundation","location":"Pitampura","duration":"3 Months","stipend":"Unpaid","applications":"30 applicants","skills":[],"perks":["Certificate"],"openings":"10"},{"url":"/internship/detail/meme-creation-internship-in-bangalore-at-anq-digital-finserv-private-limited1667653633","name":"Meme Creation","company":"Anq Digital Finserv Private Limited","location":"Bangalore","duration":"1 Month","stipend":"5,000 /month","applications":"Be an early applicant","skills":["English Proficiency (Written)"],"perks":["Certificate"],"openings":"1"},{"url":"/internship/detail/graphic-design-internship-in-delhi-at-growify-digital1667653178","name":"Graphic Design","company":"Growify Digital","location":"Delhi","duration":"6 Months","stipend":"8,000-10,000 /month","applications":"Be an early applicant","skills":["Adobe Photoshop","CorelDRAW"],"perks":["Certificate","Letter of recommendation","Informal dress code","Job offer"],"openings":"2"},{"url":"/internship/detail/graphic-design-internship-in-mumbai-at-nimbu-pani-advertisers1667560671","name":"Graphic Design","company":"Nimbu Pani Advertisers","location":"Mumbai","duration":"3 Months","stipend":"6,000 /month","applications":"Be an early applicant","skills":["Adobe Illustrator","Adobe Photoshop","CorelDRAW"],"perks":["Certificate"],"openings":"1"},{"url":"/internship/detail/graphic-design-internship-in-bangalore-at-dreammithra-private-limited-vistas-learning1667582752","name":"Graphic Design","company":"Dreammithra Private Limited (Vista's Learning)","location":"Bangalore","duration":"3 Months","stipend":"10,000 /month","applications":"Be an early applicant","skills":["Adobe After Effects","Adobe Illustrator","Adobe Photoshop","Adobe Premiere Pro","CorelDRAW","UI & UX Design","Video Editing"],"perks":["Certificate","Job offer"],"openings":"10"},{"url":"/internship/detail/graphic-design-work-from-home-job-internship-at-ips-technical-solutions-private-limited1667584157","name":"Graphic Design","company":"IPS Technical Solutions Private Limited","location":"Work From Home","duration":"1 Month","stipend":"8,000 /month","applications":"Be an early applicant","skills":[],"perks":[],"openings":"50"},{"url":"/internship/detail/3d-character-design-work-from-home-job-internship-at-dybo1667650098","name":"3D Character Design","company":"Dybo","location":"Work From Home","duration":"3 Months","stipend":"5,000-10,000 /month","applications":"Be an early applicant","skills":["Adobe Photoshop","Blender 3D","Unreal Engine"],"perks":["Certificate","Letter of recommendation","Flexible work hours","5 days a week"],"openings":"3"},{"url":"/internship/detail/image-and-video-editing-internship-in-chennai-at-foonix1667646826","name":"Image And Video Editing","company":"Foonix","location":"Chennai","duration":"6 Months","stipend":"3,000 /month","applications":"Be an early applicant","skills":["Adobe After Effects","Adobe Creative Suite","Adobe Photoshop","Adobe Premiere Pro","Video Editing"],"perks":["Certificate","Letter of recommendation","Flexible work hours","5 days a week"],"openings":"2"},{"url":"/internship/detail/graphic-design-internship-in-delhi-at-trippybug1667564643","name":"Graphic Design","company":"TrippyBug","location":"Delhi","duration":"6 Months","stipend":"8,000 /month","applications":"Be an early applicant","skills":["Adobe After Effects","Adobe Photoshop","Adobe Premiere Pro","Video Editing"],"perks":["Letter of recommendation","Informal dress code"],"openings":"1"},{"url":"/internship/detail/graphic-design-internship-in-gurgaon-delhi-at-blacktie-private-limited1667564217","name":"Graphic Design","company":"Blacktie Private Limited","location":"Gurgaon","duration":"6 Months","stipend":"7,000-20,000 /month","applications":"Be an early applicant","skills":["Adobe Creative Suite","Adobe Illustrator","Adobe Photoshop","Adobe Premiere Pro","Video Editing"],"perks":["Certificate","Letter of recommendation","Informal dress code","Free snacks & beverages"],"openings":"42"},{"url":"/internship/detail/creative-design-work-from-home-job-internship-at-forschene-private-limited1667567736","name":"Creative Design","company":"Forschene Private Limited","location":"Work From Home","duration":"3 Months","stipend":"2,000-30,000 /month","applications":"35 applicants","skills":["Adobe After Effects","Adobe Creative Suite","Adobe Illustrator","Adobe Photoshop","CorelDRAW"],"perks":["Certificate","Flexible work hours"],"openings":"1"},{"url":"/internship/detail/graphic-design-internship-in-gurgaon-at-digital-shoppe1667549124","name":"Graphic Design","company":"Digital Shoppe","location":"Gurgaon","duration":"6 Months","stipend":"8,000-12,000 /month","applications":"Be an early applicant","skills":["Adobe Photoshop"],"perks":["Certificate","Letter of recommendation","Informal dress code"],"openings":"2"},{"url":"/internship/detail/graphic-design-and-video-editing-work-from-home-job-internship-at-alphanumeric-ideas-private-limited1667634907","name":"Graphic Design And Video Editing","company":"Alphanumeric Ideas Private Limited","location":"Work From Home","duration":"3 Months","stipend":"1,500-3,000 /month","applications":"29 applicants","skills":["Research and Analytics"],"perks":["Certificate","Letter of recommendation","Flexible work hours","5 days a week","Job offer"],"openings":"2"},{"url":"/internship/detail/graphic-design-part-time-job-internship-at-delhi-in-kapableclub1667633473","name":"Graphic Design","company":"Kapable.club","location":"Delhi","duration":"3 Months","stipend":"5,000-10,000 /month","applications":"Be an early applicant","skills":["Adobe After Effects","Adobe Creative Suite","Adobe Illustrator","Adobe Indesign","Adobe Photoshop","Adobe Photoshop Lightroom CC","Adobe Premiere Pro","CorelDRAW","UI & UX Design","Video Editing"],"perks":["Certificate","Letter of recommendation"],"openings":"4"},{"url":"/internship/detail/graphic-design-work-from-home-job-internship-at-woro-media-llp1667556122","name":"Graphic Design","company":"Woro Media LLP","location":"Work From Home","duration":"3 Months","stipend":"5,000-6,000 /month","applications":"68 applicants","skills":["Adobe Illustrator","Adobe Photoshop","Canva"],"perks":["Certificate","Letter of recommendation"],"openings":"1"},{"url":"/internship/detail/graphic-design-work-from-home-job-internship-at-improbrand-digital-private-limited1667550438","name":"Graphic Design","company":"ImproBrand Digital Private Limited","location":"Work From Home","duration":"3 Months","stipend":"1,000 /month","applications":"29 applicants","skills":["Adobe Illustrator","Adobe Photoshop","Canva","Video Editing"],"perks":["Certificate","Letter of recommendation","Flexible work hours","Job offer"],"openings":"2"},{"url":"/internship/detail/graphic-design-work-from-home-job-internship-at-jalan-distributors-company1667608206","name":"Graphic Design","company":"Jalan Distributors & Company","location":"Work From Home","duration":"2 Months","stipend":"5,000 /month","applications":"Be an early applicant","skills":["Canva"],"perks":["Certificate","Letter of recommendation","Flexible work hours"],"openings":"2"},{"url":"/internship/detail/graphic-design-internship-in-delhi-at-sukham-inv-healthcare1667594459","name":"Graphic Design","company":"Sukham (INV Healthcare)","location":"Delhi","duration":"3 Months","stipend":"5,000-10,000 /month","applications":"Be an early applicant","skills":["Adobe After Effects","Adobe Illustrator","Adobe Indesign","Adobe Photoshop","Adobe Premiere Pro","UI & UX Design","Video Editing"],"perks":["Certificate","Letter of recommendation","Flexible work hours","Informal dress code","Free snacks & beverages"],"openings":"1"},{"url":"/internship/detail/graphic-design-work-from-home-job-internship-at-leanbeing-healthcare1667592403","name":"Graphic Design","company":"Leanbeing Healthcare","location":"Work From Home","duration":"2 Months","stipend":"5,000 /month","applications":"60 applicants","skills":[],"perks":["Certificate","Letter of recommendation","Flexible work hours"],"openings":"1"},{"url":"/internship/detail/graphic-design-internship-in-vadodara-at-prabandhh1667585790","name":"Graphic Design","company":"Prabandhh","location":"Vadodara","duration":"3 Months","stipend":"10,000-20,000 /month","applications":"Be an early applicant","skills":["Adobe After Effects","Adobe Creative Suite","Adobe Illustrator","Adobe Indesign","Adobe Photoshop","Adobe Premiere Pro","CorelDRAW","UI & UX Design","Video Editing"],"perks":["Certificate","Letter of recommendation","5 days a week"],"openings":"2"}]}