{"success":24,"failed":0,"internships":[{"url":"/internship/detail/hotel-management-thailand-internship-in-bangkok-at-excursia-global-education-private-limited1667361448","name":"Hotel Management (Thailand)","company":"Excursia Global Education Private Limited","location":"Bangkok (Thailand)","duration":"6 Months","stipend":"25,000 /month","applications":"Be an early applicant","skills":[],"perks":["Certificate","Letter of recommendation","Informal dress code","Free snacks & beverages"],"openings":"5"},{"url":"/internship/detail/travel-tourism-internship-in-bangalore-at-star-fing1667357585","name":"Travel & Tourism","company":"Star Fing","location":"Bangalore","duration":"3 Months","stipend":"5,000 /month + Incentives","applications":"69 applicants","skills":[],"perks":["Certificate","Letter of recommendation"],"openings":"20"},{"url":"/internship/detail/hotel-management-internship-in-pune-at-servehunt-private-limited1667562523","name":"Hotel Management","company":"ServeHunt Private Limited","location":"Pune","duration":"1 Week","stipend":"3,000 /week","applications":"Be an early applicant","skills":[],"perks":["Certificate","Letter of recommendation"],"openings":"5"},{"url":"/internship/detail/travel-tourism-internship-in-mumbai-at-direct-konnect1667566965","name":"Travel & Tourism","company":"Direct Konnect","location":"Mumbai","duration":"5 Months","stipend":"7,000 /month","applications":"Be an early applicant","skills":[],"perks":["Certificate","Letter of recommendation"],"openings":"2"},{"url":"/internship/detail/travel-tourism-work-from-home-job-internship-at-livingstone-stays1667559069","name":"Travel & Tourism","company":"LivingStone Stays","location":"Work From Home","duration":"4 Months","stipend":"7,000 /month","applications":"Be an early applicant","skills":["English Proficiency (Spoken)","English Proficiency (Written)"],"perks":["Certificate","Letter of recommendation"],"openings":"2"},{"url":"/internship/detail/hotel-management-cafe-kitchen-internship-in-kolkata-at-ubuntu-eat1667494732","name":"Hotel Management (Cafe Kitchen)","company":"Ubuntu Eat","location":"Kolkata","duration":"3 Months","stipend":"2,000-2,500 /month","applications":"Be an early applicant","skills":[],"perks":["Certificate","Letter of recommendation","Informal dress code","Free snacks & beverages","Job offer"],"openings":"1"},{"url":"/internship/detail/travel-tourism-internship-in-mumbai-at-veena-world1667472578","name":"Travel & Tourism","company":"Veena World","location":"Mumbai","duration":"2 Months","stipend":"8,000 /month","applications":"Be an early applicant","skills":["MS-Office"],"perks":["Certificate"],"openings":"5"},{"url":"/internship/detail/travel-tourism-internship-in-multiple-locations-at-baligotripscom1667410147","name":"Travel & Tourism","company":"Baligotrips.com","location":"Chennai","duration":"3 Months","stipend":"8,000-15,000 /month","applications":"31 applicants","skills":["English Proficiency (Spoken)","English Proficiency (Written)","MS-Excel"],"perks":["Certificate","Letter of recommendation","Job offer"],"openings":"3"},{"url":"/internship/detail/operations-internship-in-navi-mumbai-at-snooze-house1667368508","name":"Operations","company":"Snooze House","location":"Navi Mumbai","duration":"3 Months","stipend":"7,000 /month","applications":"Be an early applicant","skills":["English Proficiency (Spoken)","English Proficiency (Written)","Hindi Proficiency (Spoken)","MS-Excel"],"perks":[],"openings":"1"},{"url":"/internship/detail/commis-chef-internship-in-bangalore-at-itc-limited-foods-division1667327641","name":"Commis Chef","company":"ITC Limited (Foods Division)","location":"Bangalore","duration":"6 Months","stipend":"10,000-11,000 /month","applications":"Be an early applicant","skills":[],"perks":["Certificate","Flexible work hours","Informal dress code"],"openings":"5"},{"url":"/internship/detail/journalism-ecology-and-travel-work-from-home-job-internship-at-terravellercom1667375917","name":"Journalism (Ecology And Travel)","company":"Terraveller.com","location":"Work From Home","duration":"6 Months","stipend":"5,000 /month","applications":"Be an early applicant","skills":["Blogging","Creative Writing","Digital Marketing","English Proficiency (Spoken)","English Proficiency (Written)","Hindi Proficiency (Spoken)","Hindi Proficiency (Written)","Search Engine Optimization (SEO)","Social Media Marketing"],"perks":["Certificate","Letter of recommendation","Job offer"],"openings":"4"},{"url":"/internship/detail/international-travel-consultantion-internship-in-mumbai-at-wander-xo1667291449","name":"International Travel Consultantion","company":"Wander XO","location":"Mumbai","duration":"6 Months","stipend":"9,000 /month","applications":"Be an early applicant","skills":["English Proficiency (Spoken)","English Proficiency (Written)"],"perks":["Letter of recommendation","Informal dress code","Job offer"],"openings":"5"},{"url":"/internship/detail/international-travel-consultantion-internship-in-nagpur-at-wander-xo1667291406","name":"International Travel Consultantion","company":"Wander XO","location":"Nagpur","duration":"6 Months","stipend":"9,000 /month","applications":"Be an early applicant","skills":["English Proficiency (Spoken)","English Proficiency (Written)"],"perks":["Letter of recommendation","Informal dress code","Job offer"],"openings":"5"},{"url":"/internship/detail/travel-tourism-internship-in-vadodara-at-nihar-hospitality-private-limited1667278162","name":"Travel & Tourism","company":"NIHAR HOSPITALITY PRIVATE LIMITED","location":"Vadodara","duration":"6 Months","stipend":"5,000-10,000 /month","applications":"Be an early applicant","skills":["Client Relationship","English Proficiency (Spoken)","English Proficiency (Written)","Google Workspace","MS-Excel","MS-Office"],"perks":["Certificate","Letter of recommendation","Informal dress code"],"openings":"3"},{"url":"/internship/detail/travel-tourism-internship-in-cuttack-at-odisha-maritime1664375976","name":"Travel & Tourism","company":"Odisha Maritime","location":"Cuttack","duration":"3 Months","stipend":"5,000 /month","applications":"Be an early applicant","skills":[],"perks":["Certificate","Letter of recommendation","Informal dress code","5 days a week","Free snacks & beverages"],"openings":"4"},{"url":"/internship/detail/hospitality-internship-in-puducherry-at-micasa-hostels1667194523","name":"Hospitality","company":"Micasa Hostels","location":"Puducherry","duration":"2 Months","stipend":"2,000 /month","applications":"Be an early applicant","skills":[],"perks":["Certificate","Letter of recommendation","Flexible work hours","Informal dress code","Free snacks & beverages"],"openings":"1"},{"url":"/internship/detail/travel-tourism-work-from-home-job-internship-at-parents-holiday1666961519","name":"Travel & Tourism","company":"Parents Holiday","location":"Work From Home","duration":"3 Months","stipend":"10,000 /month","applications":"191 applicants","skills":[],"perks":["Certificate","Letter of recommendation","Flexible work hours","Job offer"],"openings":"3"},{"url":"/internship/detail/culinary-arts-work-from-home-job-internship-at-foozie-fitness-private-limited1666896882","name":"Culinary Arts","company":"Foozie Fitness Private Limited","location":"Work From Home","duration":"2 Months","stipend":"3,000 /month","applications":"31 applicants","skills":["Culinary Arts","Video Editing"],"perks":["Certificate","Letter of recommendation","Flexible work hours","5 days a week"],"openings":"2"},{"url":"/internship/detail/travel-tourism-internship-in-mumbai-at-agency091666867327","name":"Travel & Tourism","company":"AGENCY09","location":"Mumbai","duration":"6 Months","stipend":"8,000-10,000 /month","applications":"Be an early applicant","skills":["English Proficiency (Spoken)","English Proficiency (Written)","MS-PowerPoint"],"perks":["Certificate","Letter of recommendation","Informal dress code","5 days a week"],"openings":"2"},{"url":"/internship/detail/hotel-management-part-time-job-internship-at-gurgaon-in-healthy-minds1666947972","name":"Hotel Management","company":"Healthy Minds","location":"Gurgaon","duration":"2 Months","stipend":"5,000 /month","applications":"Be an early applicant","skills":[],"perks":["Certificate","Informal dress code","5 days a week"],"openings":"1"},{"url":"/internship/detail/travel-tourism-sales-internship-in-delhi-at-voyagers-beat1666939563","name":"Travel & Tourism (Sales)","company":"Voyagers Beat","location":"Delhi","duration":"4 Months","stipend":"8,000-15,000 /month","applications":"Be an early applicant","skills":["Sales and Marketing","Salesforce"],"perks":["Certificate","Letter of recommendation","Informal dress code","Job offer"],"openings":"4"},{"url":"/internship/detail/hotel-management-internship-in-ahmedabad-at-the-metropole-hotel1666864574","name":"Hotel Management","company":"The Metropole Hotel","location":"Ahmedabad","duration":"6 Months","stipend":"3,000 /month","applications":"Be an early applicant","skills":[],"perks":["Certificate","Letter of recommendation","Flexible work hours","Free snacks & beverages"],"openings":"15"},{"url":"/internship/detail/travel-tourism-work-from-home-job-internship-at-easytrip3651666816428","name":"Travel & Tourism","company":"Easytrip365","location":"Work From Home","duration":"6 Months","stipend":"5,000 /month","applications":"140 applicants","skills":[],"perks":["Certificate","Letter of recommendation"],"openings":"2"},{"url":"/internship/detail/travel-tourism-internship-in-kolkata-at-time-tours1664789821","name":"Travel & Tourism","company":"TIME TOURS","location":"Kolkata","duration":"4 Months","stipend":"5,000-7,500 /month","applications":"64 applicants","skills":["English Proficiency (Spoken)","English Proficiency (Written)"],"perks":["Certificate","Letter of recommendation"],"openings":"2"}]}