{"success":8,"failed":0,"internships":[{"url":"/internship/detail/hotel-management-thailand-internship-in-bangkok-at-excursia-global-education-private-limited1667361448","name":"Hotel Management (Thailand)","company":"Excursia Global Education Private Limited","location":"Bangkok (Thailand)","duration":"6 Months","stipend":"25,000 /month","applications":"Be an early applicant","skills":[],"perks":["Certificate","Letter of recommendation","Informal dress code","Free snacks & beverages"],"openings":"5"},{"url":"/internship/detail/hotel-management-internship-in-pune-at-servehunt-private-limited1667562523","name":"Hotel Management","company":"ServeHunt Private Limited","location":"Pune","duration":"1 Week","stipend":"3,000 /week","applications":"Be an early applicant","skills":[],"perks":["Certificate","Letter of recommendation"],"openings":"5"},{"url":"/internship/detail/hotel-management-cafe-kitchen-internship-in-kolkata-at-ubuntu-eat1667494732","name":"Hotel Management (Cafe Kitchen)","company":"Ubuntu Eat","location":"Kolkata","duration":"3 Months","stipend":"2,000-2,500 /month","applications":"Be an early applicant","skills":[],"perks":["Certificate","Letter of recommendation","Informal dress code","Free snacks & beverages","Job offer"],"openings":"1"},{"url":"/internship/detail/operations-internship-in-navi-mumbai-at-snooze-house1667368508","name":"Operations","company":"Snooze House","location":"Navi Mumbai","duration":"3 Months","stipend":"7,000 /month","applications":"Be an early applicant","skills":["English Proficiency (Spoken)","English Proficiency (Written)","Hindi Proficiency (Spoken)","MS-Excel"],"perks":[],"openings":"1"},{"url":"/internship/detail/commis-chef-internship-in-bangalore-at-itc-limited-foods-division1667327641","name":"Commis Chef","company":"ITC Limited (Foods Division)","location":"Bangalore","duration":"6 Months","stipend":"10,000-11,000 /month","applications":"Be an early applicant","skills":[],"perks":["Certificate","Flexible work hours","Informal dress code"],"openings":"5"},{"url":"/internship/detail/culinary-arts-work-from-home-job-internship-at-foozie-fitness-private-limited1666896882","name":"Culinary Arts","company":"Foozie Fitness Private Limited","location":"Work From Home","duration":"2 Months","stipend":"3,000 /month","applications":"31 applicants","skills":["Culinary Arts","Video Editing"],"perks":["Certificate","Letter of recommendation","Flexible work hours","5 days a week"],"openings":"2"},{"url":"/internship/detail/hotel-management-part-time-job-internship-at-gurgaon-in-healthy-minds1666947972","name":"Hotel Management","company":"Healthy Minds","location":"Gurgaon","duration":"2 Months","stipend":"5,000 /month","applications":"Be an early applicant","skills":[],"perks":["Certificate","Informal dress code","5 days a week"],"openings":"1"},{"url":"/internship/detail/hotel-management-internship-in-ahmedabad-at-the-metropole-hotel1666864574","name":"Hotel Management","company":"The Metropole Hotel","location":"Ahmedabad","duration":"6 Months","stipend":"3,000 /month","applications":"Be an early applicant","skills":[],"perks":["Certificate","Letter of recommendation","Flexible work hours","Free snacks & beverages"],"openings":"15"}]}