{"success":40,"failed":0,"internships":[{"url":"/internship/detail/human-resources-hr-internship-in-bangalore-at-phonepe-private-limited1667563674","name":"Human Resources (HR)","company":"PhonePe Private Limited","location":"Bangalore","duration":"3 Months","stipend":"25,000 /month","applications":"Be an early applicant","skills":["English Proficiency (Spoken)","MS-Excel","MS-Office"],"perks":["Certificate","Letter of recommendation","5 days a week","Free snacks & beverages"],"openings":"2"},{"url":"/internship/detail/hr-tech-internship-in-mumbai-at-tata-aia-life-insurance1667546943","name":"HR (Tech)","company":"Tata AIA Life Insurance","location":"Mumbai","duration":"6 Months","stipend":"10,000 /month","applications":"33 applicants","skills":[],"perks":["Certificate"],"openings":"1"},{"url":"/internship/detail/human-resources-hr-internship-in-ghaziabad-at-fashion-tv-india1667570317","name":"Human Resources (HR)","company":"Fashion TV India","location":"Ghaziabad","duration":"3 Months","stipend":"7,000 /month","applications":"Be an early applicant","skills":["English Proficiency (Spoken)","English Proficiency (Written)","MS-Excel","MS-Office","MS-Word"],"perks":["Certificate","Letter of recommendation","Informal dress code","Job offer"],"openings":"2"},{"url":"/internship/detail/human-resources-hr-internship-in-mumbai-bandra-at-muthoot-fincorp-limited1667562086","name":"Human Resources (HR)","company":"Muthoot Fincorp Limited","location":"Mumbai","duration":"6 Months","stipend":"10,000 /month","applications":"Be an early applicant","skills":["Recruitment"],"perks":["Certificate","Letter of recommendation"],"openings":"1"},{"url":"/internship/detail/human-resources-hr-internship-in-gurgaon-at-mobikwik1667477763","name":"Human Resources (HR)","company":"MobiKwik","location":"Gurgaon","duration":"3 Months","stipend":"20,000 /month","applications":"100 applicants","skills":["English Proficiency (Spoken)"],"perks":["Certificate","Letter of recommendation","Informal dress code","5 days a week"],"openings":"1"},{"url":"/internship/detail/human-resources-hr-internship-in-delhi-at-niit-foundation1667387295","name":"Human Resources (HR)","company":"NIIT Foundation","location":"Delhi","duration":"6 Months","stipend":"15,000 /month","applications":"49 applicants","skills":["English Proficiency (Spoken)","MS-Excel","MS-Word"],"perks":["Certificate"],"openings":"2"},{"url":"/internship/detail/human-resources-hr-internship-in-mumbai-at-godrej-and-boyce-mfg-company-limited1666950558","name":"Human Resources (HR)","company":"Godrej And Boyce Mfg. Company Limited","location":"Mumbai","duration":"3 Months","stipend":"2,000 /month","applications":"34 applicants","skills":["English Proficiency (Spoken)","English Proficiency (Written)","MS-Excel","MS-Office","MS-Word"],"perks":["Certificate","5 days a week"],"openings":"2"},{"url":"/internship/detail/human-resources-hr-internship-in-pune-at-firstcry1667375518","name":"Human Resources (HR)","company":"FirstCry","location":"Pune","duration":"3 Months","stipend":"5,000 /month","applications":"69 applicants","skills":["Recruitment"],"perks":["Certificate"],"openings":"4"},{"url":"/internship/detail/human-resources-hr-internship-in-ahmedabad-at-ciie-initiatives-iim-ahmedabad1667388366","name":"Human Resources (HR)","company":"CIIE Initiatives (IIM Ahmedabad)","location":"Ahmedabad","duration":"6 Months","stipend":"10,000 /month","applications":"Be an early applicant","skills":["English Proficiency (Spoken)","English Proficiency (Written)","MS-Office"],"perks":["Certificate","Letter of recommendation","Informal dress code","5 days a week"],"openings":"1"},{"url":"/internship/detail/human-resources-hr-internship-in-mumbai-at-saregama-india-limited1667285257","name":"Human Resources (HR)","company":"Saregama India Limited","location":"Mumbai","duration":"3 Months","stipend":"8,000-10,000 /month","applications":"111 applicants","skills":["English Proficiency (Spoken)","English Proficiency (Written)","MS-Excel"],"perks":["Certificate","5 days a week","Free snacks & beverages"],"openings":"1"},{"url":"/internship/detail/human-resources-hr-internship-in-gurgaon-at-vistara1666954208","name":"Human Resources (HR)","company":"Vistara","location":"Gurgaon","duration":"6 Months","stipend":"10,000 /month","applications":"140 applicants","skills":["English Proficiency (Spoken)","English Proficiency (Written)","MS-Excel"],"perks":["5 days a week"],"openings":"3"},{"url":"/internship/detail/human-resources-hr-internship-in-gurgaon-at-canara-hsbc-life-insurance1666806580","name":"Human Resources (HR)","company":"Canara HSBC Life Insurance","location":"Gurgaon","duration":"4 Months","stipend":"8,000 /month","applications":"87 applicants","skills":["English Proficiency (Spoken)","English Proficiency (Written)","MS-Excel","MS-Office","MS-Word"],"perks":["Certificate","Flexible work hours","5 days a week"],"openings":"4"},{"url":"/internship/detail/human-resources-hr-internship-in-mumbai-at-kotak-mahindra-bank1666853375","name":"Human Resources (HR)","company":"Kotak Mahindra Bank","location":"Mumbai","duration":"2 Months","stipend":"5,000 /month","applications":"123 applicants","skills":["English Proficiency (Spoken)","English Proficiency (Written)","MS-Excel","MS-Office","MS-Word"],"perks":["Certificate","5 days a week"],"openings":"2"},{"url":"/internship/detail/human-resources-hr-internship-in-mumbai-at-policy-bazaar1666266590","name":"Human Resources (HR)","company":"Policy Bazaar","location":"Mumbai","duration":"3 Months","stipend":"15,000 /month","applications":"156 applicants","skills":[],"perks":["Certificate"],"openings":"1"},{"url":"/internship/detail/human-resources-hr-internship-in-gurgaon-at-eazydiner1666336725","name":"Human Resources (HR)","company":"EazyDiner","location":"Gurgaon","duration":"6 Months","stipend":"10,000 /month","applications":"66 applicants","skills":[],"perks":[],"openings":"1"},{"url":"/internship/detail/human-resources-hr-internship-in-noida-at-stareye-media-entertainment-private-limited1667549614","name":"Human Resources (HR)","company":"Stareye Media & Entertainment Private Limited","location":"Noida","duration":"3 Months","stipend":"5,000-12,000 /month","applications":"Be an early applicant","skills":["English Proficiency (Spoken)","English Proficiency (Written)","MS-Excel","MS-Office"],"perks":["Certificate","Letter of recommendation","Flexible work hours","Informal dress code"],"openings":"5"},{"url":"/internship/detail/human-resources-hr-internship-in-multiple-locations-at-futk-private-limited1667032205","name":"Human Resources (HR)","company":"FUTK Private Limited","location":"Chandigarh","duration":"6 Months","stipend":"12,000-15,000 /month","applications":"42 applicants","skills":[],"perks":["Certificate","Letter of recommendation","Flexible work hours","5 days a week"],"openings":"9"},{"url":"/internship/detail/human-resources-hr-internship-in-noida-at-lloyd-harrington-australia-proprietary-limited1666595345","name":"Human Resources (HR)","company":"Lloyd Harrington Australia Proprietary Limited","location":"Noida","duration":"6 Months","stipend":"10,000 /month","applications":"57 applicants","skills":["English Proficiency (Spoken)","MS-Office"],"perks":["Certificate"],"openings":"5"},{"url":"/internship/detail/human-resources-hr-internship-in-delhi-at-rusk-media1667223536","name":"Human Resources (HR)","company":"Rusk Media","location":"Delhi","duration":"3 Months","stipend":"7,000 /month","applications":"47 applicants","skills":[],"perks":["Certificate","5 days a week"],"openings":"1"},{"url":"/internship/detail/human-resources-hr-internship-in-noida-at-edneed1667471840","name":"Human Resources (HR)","company":"Edneed","location":"Noida","duration":"6 Months","stipend":"5,000 /month + Incentives","applications":"Be an early applicant","skills":["English Proficiency (Spoken)","English Proficiency (Written)","MS-Excel","MS-Office","MS-Word"],"perks":["Certificate","Letter of recommendation","Informal dress code","5 days a week","Job offer"],"openings":"2"},{"url":"/internship/detail/human-resources-hr-internship-in-mumbai-at-tring1667207054","name":"Human Resources (HR)","company":"Tring","location":"Mumbai","duration":"3 Months","stipend":"8,500 /month","applications":"47 applicants","skills":[],"perks":["Letter of recommendation","Flexible work hours","Informal dress code"],"openings":"1"},{"url":"/internship/detail/human-resources-hr-internship-in-noida-at-cloudbird-digital-private-limited1667474637","name":"Human Resources (HR)","company":"CloudBird Digital Private Limited","location":"Noida","duration":"3 Months","stipend":"6,500-7,000 /month","applications":"Be an early applicant","skills":[],"perks":["Certificate","Letter of recommendation","Flexible work hours"],"openings":"4"},{"url":"/internship/detail/human-resources-hr-internship-in-hyderabad-at-startoon-labs-private-limited1667315697","name":"Human Resources (HR)","company":"Startoon Labs Private Limited","location":"Hyderabad","duration":"6 Months","stipend":"8,000 /month","applications":"28 applicants","skills":["English Proficiency (Spoken)","English Proficiency (Written)"],"perks":["5 days a week","Free snacks & beverages"],"openings":"1"},{"url":"/internship/detail/human-resources-hr-internship-in-pune-at-techno-edge-global-learning-solutions1667478982","name":"Human Resources (HR)","company":"Techno Edge Global Learning Solutions","location":"Pune","duration":"6 Months","stipend":"10,000-12,000 /month","applications":"66 applicants","skills":["English Proficiency (Spoken)","English Proficiency (Written)"],"perks":["Certificate","Letter of recommendation"],"openings":"5"},{"url":"/internship/detail/human-resources-hr-internship-in-delhi-at-stirring-minds1667413337","name":"Human Resources (HR)","company":"Stirring Minds","location":"Delhi","duration":"6 Months","stipend":"7,000-10,000 /month","applications":"34 applicants","skills":["English Proficiency (Spoken)","English Proficiency (Written)","MS-Excel","MS-Office","MS-Word"],"perks":["Certificate","Letter of recommendation","Informal dress code","Free snacks & beverages","Job offer"],"openings":"2"},{"url":"/internship/detail/human-resources-hr-internship-in-delhi-at-opensense-labs-private-limited1667389511","name":"Human Resources (HR)","company":"OpenSense Labs Private Limited","location":"Delhi","duration":"6 Months","stipend":"10,000-15,000 /month","applications":"71 applicants","skills":["English Proficiency (Spoken)","English Proficiency (Written)","MS-Excel","MS-Office","MS-Word"],"perks":["Certificate","5 days a week","Job offer"],"openings":"1"},{"url":"/internship/detail/human-resources-hr-internship-in-hyderabad-at-revidd1667279378","name":"Human Resources (HR)","company":"Revidd","location":"Hyderabad","duration":"3 Months","stipend":"5,000-10,000 /month","applications":"41 applicants","skills":["English Proficiency (Spoken)","English Proficiency (Written)","MS-Excel"],"perks":["Certificate","Letter of recommendation","Informal dress code","5 days a week","Job offer"],"openings":"2"},{"url":"/internship/detail/human-resources-hr-internship-in-thane-mumbai-at-gigfactory-private-limited1667214428","name":"Human Resources (HR)","company":"Gigfactory Private Limited","location":"Thane","duration":"2 Months","stipend":"2,000 /month + Incentives","applications":"Be an early applicant","skills":["English Proficiency (Spoken)","English Proficiency (Written)","MS-Excel","MS-Office"],"perks":["Certificate","Letter of recommendation","Flexible work hours","Informal dress code","5 days a week","Job offer"],"openings":"6"},{"url":"/internship/detail/human-resources-hr-internship-in-rajasthan-at-lloyd-harrington-australia-proprietary-limited1666593829","name":"Human Resources (HR)","company":"Lloyd Harrington Australia Proprietary Limited","location":"Rajasthan","duration":"6 Months","stipend":"10,000 /month","applications":"43 applicants","skills":["English Proficiency (Spoken)","English Proficiency (Written)","MS-Excel","MS-Office","MS-Word"],"perks":["Certificate"],"openings":"5"},{"url":"/internship/detail/human-resources-hr-internship-in-thiruvananthapuram-at-lloyd-harrington-australia-proprietary-limited1666593287","name":"Human Resources (HR)","company":"Lloyd Harrington Australia Proprietary Limited","location":"Thiruvananthapuram","duration":"6 Months","stipend":"10,000 /month","applications":"Be an early applicant","skills":["English Proficiency (Spoken)","English Proficiency (Written)","MS-Excel","MS-Office","MS-Word"],"perks":["Certificate"],"openings":"5"},{"url":"/internship/detail/human-resources-hr-internship-in-delhi-at-unibots1667544807","name":"Human Resources (HR)","company":"Unibots","location":"Delhi","duration":"6 Months","stipend":"10,000 /month","applications":"29 applicants","skills":[],"perks":["Certificate","Letter of recommendation","5 days a week"],"openings":"1"},{"url":"/internship/detail/human-resources-hr-internship-in-lucknow-at-lloyd-harrington-australia-proprietary-limited1666593725","name":"Human Resources (HR)","company":"Lloyd Harrington Australia Proprietary Limited","location":"Lucknow","duration":"6 Months","stipend":"10,000 /month","applications":"56 applicants","skills":["English Proficiency (Spoken)","MS-Office"],"perks":["Certificate"],"openings":"5"},{"url":"/internship/detail/human-resources-hr-internship-in-chennai-at-almi-blogging-school-pro-almi-production-land-solar-private-limited1667535492","name":"Human Resources (HR)","company":"ALMI Blogging School Pro (Almi Production Land Solar Private Limited)","location":"Chennai","duration":"2 Months","stipend":"3,000 /month","applications":"Be an early applicant","skills":["Digital Marketing","English Proficiency (Spoken)","English Proficiency (Written)","Recruitment"],"perks":["Certificate","Letter of recommendation","Flexible work hours"],"openings":"4"},{"url":"/internship/detail/human-resources-hr-internship-in-delhi-at-purani-dili-talkies-llp1667037526","name":"Human Resources (HR)","company":"Purani Dili Talkies LLP","location":"Delhi","duration":"6 Months","stipend":"10,000 /month","applications":"54 applicants","skills":["English Proficiency (Spoken)","English Proficiency (Written)","MS-Excel","MS-Office","MS-Word"],"perks":["Certificate","Letter of recommendation"],"openings":"1"},{"url":"/internship/detail/human-resources-hr-internship-in-multiple-locations-at-omninos-technologies-international-private-limited1666863719","name":"Human Resources (HR)","company":"Omninos Technologies International Private Limited","location":"Chandigarh","duration":"6 Weeks","stipend":"10,000 /month","applications":"47 applicants","skills":["English Proficiency (Spoken)","English Proficiency (Written)"],"perks":["Certificate","Letter of recommendation","Flexible work hours","Informal dress code","5 days a week"],"openings":"4"},{"url":"/internship/detail/human-resources-hr-internship-in-bangalore-at-gloify1667376937","name":"Human Resources (HR)","company":"Gloify","location":"Bangalore","duration":"4 Months","stipend":"8,000 /month","applications":"53 applicants","skills":[],"perks":["Certificate","Informal dress code","5 days a week","Job offer"],"openings":"2"},{"url":"/internship/detail/talent-acquisition-internship-in-bangalore-at-able-jobs1666932261","name":"Talent Acquisition","company":"Able Jobs","location":"Bangalore","duration":"3 Months","stipend":"10,000-12,000 /month","applications":"40 applicants","skills":["English Proficiency (Spoken)","English Proficiency (Written)","MS-Excel"],"perks":["Certificate","Letter of recommendation","Informal dress code","Free snacks & beverages","Job offer"],"openings":"4"},{"url":"/internship/detail/human-resources-hr-internship-in-mumbai-at-patilkaki1667281187","name":"Human Resources (HR)","company":"PatilKaki","location":"Mumbai","duration":"6 Months","stipend":"10,000-15,000 /month","applications":"75 applicants","skills":["English Proficiency (Spoken)","English Proficiency (Written)","Google Workspace","MS-Excel","MS-Office"],"perks":["Certificate","Letter of recommendation","Flexible work hours","Informal dress code"],"openings":"1"},{"url":"/internship/detail/human-resources-hr-internship-in-mumbai-at-4am-worldwide-advertising-private-limited1666941712","name":"Human Resources (HR)","company":"4AM Worldwide Advertising Private Limited","location":"Mumbai","duration":"3 Months","stipend":"2,000 /month","applications":"Be an early applicant","skills":["English Proficiency (Spoken)","English Proficiency (Written)","Recruitment"],"perks":["Certificate","Letter of recommendation","Informal dress code"],"openings":"1"},{"url":"/internship/detail/human-resources-hr-internship-in-delhi-at-lloyd-harrington-australia-proprietary-limited1666593483","name":"Human Resources (HR)","company":"Lloyd Harrington Australia Proprietary Limited","location":"Delhi","duration":"6 Months","stipend":"10,000 /month","applications":"70 applicants","skills":["English Proficiency (Spoken)","English Proficiency (Written)","MS-Excel","MS-Office","MS-Word"],"perks":["Certificate"],"openings":"5"}]}