{"success":40,"failed":0,"internships":[{"url":"/internship/detail/public-policy-internship-in-jaipur-at-patrika1667291613","name":"Public Policy","company":"Patrika","location":"Jaipur","duration":"3 Months","stipend":"12,000 /month","applications":"Be an early applicant","skills":["Hindi Proficiency (Written)"],"perks":["Certificate"],"openings":"2"},{"url":"/internship/detail/research-intern-internship-in-delhi-at-aam-aadmi-party1666459634","name":"Research Intern","company":"Aam Aadmi Party","location":"Delhi","duration":"2 Months","stipend":"Unpaid","applications":"188 applicants","skills":["Research and Analytics"],"perks":["Certificate","Letter of recommendation"],"openings":"10"},{"url":"/internship/detail/subject-matter-expert-english-internship-in-delhi-at-unimonks1667553165","name":"Subject Matter Expert (English)","company":"Unimonks","location":"Delhi","duration":"3 Months","stipend":"5,000-16,000 /month","applications":"Be an early applicant","skills":["Online Teaching"],"perks":["Certificate","Letter of recommendation"],"openings":"2"},{"url":"/internship/detail/csr-fundraising-internship-in-delhi-at-foundation-for-reproductive-health-services-india1667568909","name":"CSR Fundraising","company":"Foundation For Reproductive Health Services India","location":"Delhi","duration":"4 Months","stipend":"8,000 /month","applications":"Be an early applicant","skills":["Content Writing","Creative Writing","English Proficiency (Written)","MS-Office"],"perks":["Certificate","5 days a week"],"openings":"1"},{"url":"/internship/detail/law-legal-internship-in-delhi-at-mohit-khatri1667463144","name":"Law/Legal","company":"Mohit Khatri","location":"Delhi","duration":"1 Month","stipend":"3,000 /month","applications":"Be an early applicant","skills":["English Proficiency (Written)","Hindi Proficiency (Spoken)","MS-Office"],"perks":["Certificate","Flexible work hours"],"openings":"2"},{"url":"/internship/detail/text-solutions-compact-answering-physics-business-studies-mathematics-law-humanities-work-from-home-job-internship-at-cloudbird-digital-private-limited1667555196","name":"Text Solutions - Compact Answering (Physics/Business Studies/Mathematics/Law/Humanities)","company":"CloudBird Digital Private Limited","location":"Work From Home","duration":"3 Months","stipend":"7,000-8,000 /month","applications":"151 applicants","skills":["Accounting","Mathematics","Physics"],"perks":["Certificate","Flexible work hours"],"openings":"20"},{"url":"/internship/detail/environmental-social-governance-internship-in-delhi-at-vmc-management-consulting-private-limited1667554033","name":"Environmental Social Governance","company":"VMC Management Consulting Private Limited","location":"Delhi","duration":"6 Months","stipend":"15,000 /month","applications":"26 applicants","skills":[],"perks":["Certificate"],"openings":"2"},{"url":"/internship/detail/proofreading-client-interaction-work-from-home-job-internship-at-internshala1667549261","name":"Proofreading & Client Interaction","company":"Internshala","location":"Work From Home","duration":"6 Months","stipend":"16,667 /month","applications":"106 applicants","skills":["English Proficiency (Spoken)","English Proficiency (Written)"],"perks":["Certificate","5 days a week"],"openings":"3"},{"url":"/internship/detail/tutoring-english-work-from-home-job-internship-at-camp-k121667542525","name":"Tutoring (English)","company":"Camp K12","location":"Work From Home","duration":"6 Months","stipend":"16,000-26,000 /month","applications":"40 applicants","skills":["American English","English Proficiency (Spoken)","English Proficiency (Written)"],"perks":["Certificate","Flexible work hours"],"openings":"10"},{"url":"/internship/detail/esg-research-internship-in-delhi-at-kaizzen-pr1667541138","name":"ESG Research","company":"Kaizzen PR","location":"Delhi","duration":"3 Months","stipend":"12,000 /month","applications":"Be an early applicant","skills":["English Proficiency (Spoken)","English Proficiency (Written)","Research and Analytics"],"perks":["Certificate","5 days a week","Job offer"],"openings":"5"},{"url":"/internship/detail/teaching-economics-ib-igcse-board-work-from-home-job-internship-at-auriv-learning1667409208","name":"Teaching Economics (IB/IGCSE Board)","company":"Auriv Learning","location":"Work From Home","duration":"2 Months","stipend":"10,000 /month","applications":"61 applicants","skills":[],"perks":["Certificate","Letter of recommendation","Flexible work hours","5 days a week"],"openings":"4"},{"url":"/internship/detail/content-development-logical-reasoning-internship-in-delhi-at-unimonks1667391103","name":"Content Development (Logical Reasoning)","company":"Unimonks","location":"Delhi","duration":"2 Months","stipend":"4,000-8,000 /month","applications":"Be an early applicant","skills":["English Proficiency (Written)","Mathematics"],"perks":["Certificate","Letter of recommendation","Flexible work hours"],"openings":"1"},{"url":"/internship/detail/equity-research-internship-in-mumbai-at-first-water-capital-advisors-llp1667388305","name":"Equity Research","company":"First Water Capital Advisors LLP","location":"Mumbai","duration":"3 Months","stipend":"10,000-12,000 /month","applications":"33 applicants","skills":["Accounting","English Proficiency (Spoken)","English Proficiency (Written)","MS-Excel","MS-PowerPoint"],"perks":["Certificate","Letter of recommendation","Flexible work hours","Informal dress code","5 days a week","Job offer"],"openings":"2"},{"url":"/internship/detail/research-policy-making-internship-in-gurgaon-at-areness-foundation1667387837","name":"Research & Policy Making","company":"Areness Foundation","location":"Gurgaon","duration":"3 Months","stipend":"5,000 /month","applications":"Be an early applicant","skills":["Research and Analytics"],"perks":["Certificate","Letter of recommendation","5 days a week"],"openings":"3"},{"url":"/internship/detail/subject-matter-expert-economics-work-from-home-job-internship-at-evelyn-learning-systems1667321758","name":"Subject Matter Expert (Economics)","company":"Evelyn Learning Systems","location":"Work From Home","duration":"4 Months","stipend":"12,000 /month","applications":"100 applicants","skills":["Econometrics","Economics","English Proficiency (Spoken)","English Proficiency (Written)","MS-Excel","MS-Office"],"perks":["Certificate","5 days a week"],"openings":"4"},{"url":"/internship/detail/library-science-work-from-home-job-internship-at-karytron-electricals-private-limited1667290996","name":"Library Science","company":"Karytron Electricals Private Limited","location":"Work From Home","duration":"1 Month","stipend":"Unpaid","applications":"Be an early applicant","skills":["English Proficiency (Written)","MS-Word"],"perks":["Certificate","Flexible work hours"],"openings":"10"},{"url":"/internship/detail/public-policy-work-from-home-job-internship-at-international-institute-of-sdgs-public-policy-research1667289458","name":"Public Policy","company":"International Institute Of SDGs & Public Policy Research","location":"Work From Home","duration":"1 Month","stipend":"Unpaid","applications":"32 applicants","skills":[],"perks":["Certificate","Letter of recommendation","Flexible work hours","5 days a week"],"openings":"10"},{"url":"/internship/detail/researching-script-writing-work-from-home-job-internship-at-science-of-space1667238804","name":"Researching & Script Writing","company":"Science Of Space","location":"Work From Home","duration":"3 Months","stipend":"3,000-5,000 /month","applications":"34 applicants","skills":["Content Writing","English Proficiency (Written)","Hindi Proficiency (Spoken)","Research and Analytics"],"perks":["Flexible work hours","5 days a week"],"openings":"2"},{"url":"/internship/detail/online-english-teaching-work-from-home-job-internship-at-vikalp-india-private-limited1667309861","name":"Online English Teaching","company":"Vikalp India Private Limited","location":"Work From Home","duration":"6 Months","stipend":"7,000 /month + Incentives","applications":"118 applicants","skills":[],"perks":["Certificate","Letter of recommendation","Flexible work hours","Job offer"],"openings":"3"},{"url":"/internship/detail/training-ielts-part-time-job-internship-at-multiple-locations-in-futur-educoz1667296153","name":"Training (IELTS)","company":"Futur Educoz","location":"Ahmedabad","duration":"6 Months","stipend":"8,000-20,000 /month","applications":"Be an early applicant","skills":["American English","British English","English Proficiency (Spoken)","English Proficiency (Written)"],"perks":["Certificate","Letter of recommendation","Flexible work hours","5 days a week"],"openings":"7"},{"url":"/internship/detail/content-writing-indian-polity-history-work-from-home-job-internship-at-qa-solvers1667293412","name":"Content Writing (Indian Polity & History)","company":"QA Solvers","location":"Work From Home","duration":"4 Months","stipend":"12,000-15,000 /month","applications":"328 applicants","skills":["English Proficiency (Spoken)","English Proficiency (Written)"],"perks":["Certificate","Letter of recommendation"],"openings":"7"},{"url":"/internship/detail/content-writing-geography-work-from-home-job-internship-at-qa-solvers1667282006","name":"Content Writing (Geography)","company":"QA Solvers","location":"Work From Home","duration":"3 Months","stipend":"15,000-20,000 /month","applications":"249 applicants","skills":["English Proficiency (Spoken)","English Proficiency (Written)"],"perks":["Certificate","Letter of recommendation"],"openings":"5"},{"url":"/internship/detail/policy-research-work-from-home-job-internship-at-assembly1667218424","name":"Policy Research","company":"Assembly","location":"Work From Home","duration":"3 Weeks","stipend":"1,000 lump sum","applications":"39 applicants","skills":["American English","British English","Proofreading","Report Writing"],"perks":["Certificate","Letter of recommendation","Flexible work hours"],"openings":"1"},{"url":"/internship/detail/policy-analysis-internship-in-greater-noida-at-lohum-cleantech-private-limited1667198056","name":"Policy Analysis","company":"Lohum Cleantech Private Limited","location":"Greater Noida","duration":"4 Months","stipend":"30,000-40,000 /month","applications":"Be an early applicant","skills":["English Proficiency (Spoken)","English Proficiency (Written)"],"perks":["Certificate","Letter of recommendation","Job offer"],"openings":"1"},{"url":"/internship/detail/content-writing-social-studies-work-from-home-job-internship-at-quizzy1667194621","name":"Content Writing (Social Studies)","company":"Quizzy","location":"Work From Home","duration":"3 Months","stipend":"3,000-5,000 /month","applications":"347 applicants","skills":["English Proficiency (Spoken)","English Proficiency (Written)","MS-Excel","MS-Word"],"perks":["Certificate"],"openings":"20"},{"url":"/internship/detail/psychology-research-mood-swings-work-from-home-job-internship-at-krsh-welfare-foundation1667197298","name":"Psychology Research (Mood Swings)","company":"Krsh Welfare Foundation","location":"Work From Home","duration":"1 Month","stipend":"Unpaid","applications":"36 applicants","skills":["Research and Analytics"],"perks":["Certificate","Letter of recommendation","Flexible work hours","5 days a week"],"openings":"5"},{"url":"/internship/detail/research-political-science-internship-in-delhi-at-center-of-policy-research-and-governance-cprg1667194917","name":"Research (Political Science)","company":"Center Of Policy Research And Governance-CPRG","location":"Delhi","duration":"2 Months","stipend":"Unpaid","applications":"Be an early applicant","skills":["Audio Editing","Canva","English Proficiency (Written)","History","MS-Excel","MS-Office","MS-PowerPoint","MS-Word","Report Writing","Social Media Marketing","WordPress"],"perks":["Certificate","Informal dress code","5 days a week"],"openings":"4"},{"url":"/internship/detail/teaching-german-work-from-home-job-internship-at-auriv-learning1667192900","name":"Teaching (German)","company":"Auriv Learning","location":"Work From Home","duration":"2 Months","stipend":"10,000 /month","applications":"32 applicants","skills":[],"perks":["Certificate","Letter of recommendation","Flexible work hours","5 days a week"],"openings":"4"},{"url":"/internship/detail/content-development-science-arts-commerce-work-from-home-job-internship-at-sunokitaab-education1667037451","name":"Content Development (Science-Arts-Commerce)","company":"Sunokitaab Education","location":"Work From Home","duration":"2 Months","stipend":"1,500 /month + Incentives","applications":"109 applicants","skills":["Biology","Chemistry","Physics","Voice-over artist"],"perks":["Certificate","Flexible work hours"],"openings":"10"},{"url":"/internship/detail/research-analysis-humanities-wing-internship-in-delhi-at-adisha-foundation1666988939","name":"Research Analysis (Humanities Wing)","company":"Adisha Foundation","location":"Delhi","duration":"2 Months","stipend":"15,000 /month","applications":"Be an early applicant","skills":["English Proficiency (Spoken)","English Proficiency (Written)","Research and Analytics","Subject Matter Expert (SME)"],"perks":["Certificate","Letter of recommendation","Job offer"],"openings":"1"},{"url":"/internship/detail/research-analysis-finance-economics-wing-internship-in-delhi-at-adisha-foundation1666989211","name":"Research Analysis (Finance & Economics Wing)","company":"Adisha Foundation","location":"Delhi","duration":"2 Months","stipend":"15,000 /month","applications":"84 applicants","skills":["English Proficiency (Spoken)","English Proficiency (Written)","Research and Analytics","Subject Matter Expert (SME)"],"perks":["Certificate","Letter of recommendation","Job offer"],"openings":"1"},{"url":"/internship/detail/process-management-internship-in-delhi-gurgaon-at-wechartered-consultancy-private-limited1666957985","name":"Process Management","company":"WEchartered Consultancy Private Limited","location":"Delhi","duration":"6 Months","stipend":"15,000-20,000 /month","applications":"Be an early applicant","skills":["English Proficiency (Spoken)","Hindi Proficiency (Spoken)","MS-Office"],"perks":["5 days a week"],"openings":"4"},{"url":"/internship/detail/consultancy-government-private-projects-internship-in-delhi-at-centre-for-the-study-of-caste-capitalism1666954790","name":"Consultancy - Government & Private Projects","company":"Centre For The Study Of Caste & Capitalism","location":"Delhi","duration":"3 Months","stipend":"8,000 /month","applications":"Be an early applicant","skills":["Business Analysis","Business Research","Content Writing","Data Analytics","English Proficiency (Spoken)","English Proficiency (Written)","Operations","Project Management","Research and Analytics"],"perks":["Certificate","Letter of recommendation","Informal dress code","Free snacks & beverages"],"openings":"1"},{"url":"/internship/detail/research-economics-part-time-job-internship-at-delhi-in-osgan-consultants-private-limited1666854318","name":"Research (Economics)","company":"Osgan Consultants Private Limited","location":"Delhi","duration":"2 Months","stipend":"2,500-5,000 /month","applications":"31 applicants","skills":["Economics","English Proficiency (Written)","MS-Excel"],"perks":["Certificate","Flexible work hours"],"openings":"2"},{"url":"/internship/detail/social-science-research-work-from-home-job-internship-at-deepthought-edutech-ventures-private-limited1666872594","name":"Social Science Research","company":"DeepThought Edutech Ventures Private Limited","location":"Work From Home","duration":"6 Months","stipend":"4,000-6,000 /month","applications":"56 applicants","skills":[],"perks":[],"openings":"2"},{"url":"/internship/detail/vba-excel-programming-algorithmic-trading-internship-in-delhi-at-dnk-securities1666884856","name":"VBA Excel Programming (Algorithmic Trading)","company":"DNK Securities","location":"Delhi","duration":"4 Months","stipend":"6,000 /month","applications":"Be an early applicant","skills":["Financial Modeling","MS-Excel","Python"],"perks":["Certificate","Letter of recommendation","Informal dress code"],"openings":"15"},{"url":"/internship/detail/social-research-internship-in-gurgaon-at-heeals1666357999","name":"Social Research","company":"HEEALS","location":"Gurgaon","duration":"2 Months","stipend":"Unpaid","applications":"Be an early applicant","skills":[],"perks":["Certificate","Flexible work hours","Informal dress code","5 days a week","Free snacks & beverages"],"openings":"1"},{"url":"/internship/detail/fashion-communication-internship-in-ahmedabad-at-gaatha--a-tale-of-crafts1666727093","name":"Fashion Communication","company":"Gaatha ~ A Tale Of Crafts","location":"Ahmedabad","duration":"2 Months","stipend":"6,000-8,000 /month","applications":"Be an early applicant","skills":["Adobe Photoshop"],"perks":["Certificate"],"openings":"1"},{"url":"/internship/detail/content-writing-work-from-home-job-internship-at-litbug1666594641","name":"Content Writing","company":"Litbug","location":"Work From Home","duration":"2 Months","stipend":"5,000 /month","applications":"151 applicants","skills":["Creative Writing","English Proficiency (Written)"],"perks":["Certificate","Flexible work hours"],"openings":"3"},{"url":"/internship/detail/policy-research-work-from-home-job-internship-at-wecitizens-foundation1666517134","name":"Policy Research","company":"WeCitizens Foundation","location":"Work From Home","duration":"2 Months","stipend":"Unpaid","applications":"62 applicants","skills":["English Proficiency (Spoken)","Report Writing"],"perks":["Certificate","Letter of recommendation","Flexible work hours"],"openings":"15"}]}