{"success":2,"failed":0,"internships":[{"url":"/internship/detail/image-and-signal-processing-internship-in-bangalore-at-euphotic-labs-private-limited1667486041","name":"Image And Signal Processing","company":"Euphotic Labs Private Limited","location":"Bangalore","duration":"6 Months","stipend":"15,000-25,000 /month","applications":"Be an early applicant","skills":["Computer Vision","Digital Signal Processing","Image Processing","OpenCV","Python"],"perks":["Certificate","Letter of recommendation","Flexible work hours","Informal dress code","Free snacks & beverages"],"openings":"1"},{"url":"/internship/details/internship-at-indraprastha-institute-of-information-technology-delhi1614341284","name":"Summer Research","company":"Indraprastha Institute Of Information Technology, Delhi","location":"Delhi","duration":"2 Months","stipend":"5,000 /month","applications":"Be an early applicant","skills":[],"perks":[]}]}