{"success":2,"failed":0,"internships":[{"url":"/internship/detail/production-engineering-electronics-internship-in-hyderabad-at-startoon-labs-private-limited1667556156","name":"Production Engineering (Electronics)","company":"Startoon Labs Private Limited","location":"Hyderabad","duration":"6 Months","stipend":"8,000 /month","applications":"Be an early applicant","skills":[],"perks":["Certificate","5 days a week","Job offer"],"openings":"2"},{"url":"/internship/detail/quality-engineering-electro-mechanical-internship-in-greater-noida-at-indoma-industries-private-limited1667464735","name":"Quality Engineering (Electro-Mechanical)","company":"Indoma Industries Private Limited","location":"Greater Noida","duration":"6 Months","stipend":"5,000 /month","applications":"Be an early applicant","skills":["MS-Office"],"perks":["Certificate","Letter of recommendation","Job offer"],"openings":"1"}]}