{"success":6,"failed":0,"internships":[{"url":"/internship/detail/industrial-design-work-from-home-job-internship-at-gudgudee1667545244","name":"Industrial Design","company":"Gudgudee","location":"Work From Home","duration":"3 Months","stipend":"10,000 /month","applications":"Be an early applicant","skills":["Adobe Illustrator","Adobe Indesign","Adobe Photoshop","AutoCAD","MS-PowerPoint","Rhino"],"perks":["Certificate","Letter of recommendation","Job offer"],"openings":"3"},{"url":"/internship/detail/industrial-design-internship-in-nashik-at-viaterra-travel-gear-private-limited1667463118","name":"Industrial Design","company":"Viaterra Travel Gear Private Limited","location":"Nashik","duration":"3 Months","stipend":"15,000-20,000 /month","applications":"Be an early applicant","skills":["Adobe Creative Suite","AutoCAD","Autodesk Fusion 360","Autodesk SketchBook","Design Thinking"],"perks":["Certificate","Informal dress code"],"openings":"1"},{"url":"/internship/detail/industrial-design-internship-in-bangalore-at-pereyan-llp1667153964","name":"Industrial Design","company":"Pereyan LLP","location":"Bangalore","duration":"6 Months","stipend":"10,000 /month","applications":"33 applicants","skills":["Adobe Illustrator","Adobe Photoshop"],"perks":["Certificate"],"openings":"2"},{"url":"/internship/detail/product-design-internship-in-bangalore-at-pereyan-llp1667154122","name":"Product Design","company":"Pereyan LLP","location":"Bangalore","duration":"6 Months","stipend":"10,000 /month","applications":"46 applicants","skills":["Adobe Illustrator"],"perks":["Certificate"],"openings":"2"},{"url":"/internship/detail/mechanical-product-development-internship-in-bangalore-at-lazy-idli-private-limited1666871391","name":"Mechanical Product Development","company":"Lazy Idli Private Limited","location":"Bangalore","duration":"6 Months","stipend":"16,000 /month + Incentives","applications":"54 applicants","skills":["MS-Excel","SolidWorks"],"perks":["Certificate","Letter of recommendation","Flexible work hours","Informal dress code","5 days a week","Free snacks & beverages"],"openings":"2"},{"url":"/internship/detail/architecture-interior-design-internship-in-multiple-locations-at-formatrix1666727214","name":"Architecture & Interior Design","company":"Formatrix","location":"Faridabad","duration":"6 Months","stipend":"8,000-12,000 /month","applications":"Be an early applicant","skills":["AutoCAD","Google SketchUp","MS-Excel"],"perks":["Certificate","Letter of recommendation","Informal dress code","Free snacks & beverages"],"openings":"2"}]}