{"success":40,"failed":0,"internships":[{"url":"/internship/detail/software-project-management-work-from-home-job-internship-at-iit-bombay1666934144","name":"Software Project Management","company":"IIT Bombay","location":"Work From Home","duration":"6 Months","stipend":"1,000-2,000 /month","applications":"343 applicants","skills":["English Proficiency (Spoken)","English Proficiency (Written)","Hindi Proficiency (Spoken)","Hindi Proficiency (Written)"],"perks":["Certificate","Letter of recommendation","Flexible work hours","5 days a week"],"openings":"1"},{"url":"/internship/detail/network-engineering-internship-in-jaipur-at-requin-solutions-private-limited1667553911","name":"Network Engineering","company":"Requin Solutions Private Limited","location":"Jaipur","duration":"6 Months","stipend":"8,000-10,000 /month","applications":"Be an early applicant","skills":["CCNA"],"perks":["Informal dress code"],"openings":"2"},{"url":"/internship/detail/technical-assistance-work-from-home-job-internship-at-vigyantram1667573435","name":"Technical Assistance","company":"VIGYANTRAM","location":"Work From Home","duration":"3 Months","stipend":"15,000 /month","applications":"Be an early applicant","skills":["Android","Computer Vision","Machine Learning","Python","Robotics"],"perks":["Certificate","Letter of recommendation","Flexible work hours"],"openings":"5"},{"url":"/internship/detail/network-engineering-internship-in-bangalore-at-hirect1667563199","name":"Network Engineering","company":"Hirect","location":"Bangalore","duration":"6 Months","stipend":"20,000 /month","applications":"Be an early applicant","skills":["CCNA","Computer Networking","Computer Networks","Linux"],"perks":["Certificate"],"openings":"1"},{"url":"/internship/detail/networking-and-security-internship-in-jaipur-at-requin-solutions-private-limited1667553629","name":"Networking And Security","company":"Requin Solutions Private Limited","location":"Jaipur","duration":"6 Months","stipend":"8,000-12,000 /month","applications":"Be an early applicant","skills":["CCNA","Computer Networking"],"perks":[],"openings":"2"},{"url":"/internship/detail/information-technology-internship-in-pune-at-scg-design-solutions1667478797","name":"Information Technology","company":"SCG Design Solutions","location":"Pune","duration":"6 Months","stipend":"10,000 /month","applications":"Be an early applicant","skills":["Computer Networking"],"perks":["Certificate","Letter of recommendation","Informal dress code","5 days a week"],"openings":"1"},{"url":"/internship/detail/technical-support-internship-in-gurgaon-at-wijungle-by-httpcart1667543175","name":"Technical Support","company":"WiJungle - by HttpCart","location":"Gurgaon","duration":"3 Months","stipend":"17,000-19,000 /month","applications":"Be an early applicant","skills":["CCNA","English Proficiency (Spoken)"],"perks":["Certificate","Letter of recommendation","Job offer"],"openings":"2"},{"url":"/internship/detail/tech-support-internship-in-delhi-noida-at-munjal-chakraborty-softwares-and-media-private-limited-mcsam1667479743","name":"Tech Support","company":"Munjal Chakraborty Softwares And Media Private Limited (MCSAM)","location":"Delhi","duration":"6 Months","stipend":"10,000 /month","applications":"Be an early applicant","skills":[],"perks":["Certificate","Letter of recommendation","5 days a week","Free snacks & beverages"],"openings":"1"},{"url":"/internship/detail/technical-writing-work-from-home-job-internship-at-the-bulletin-boards1667418208","name":"Technical Writing","company":"The Bulletin Boards","location":"Work From Home","duration":"6 Months","stipend":"2,000-2,100 /month","applications":"Be an early applicant","skills":["English Proficiency (Spoken)","English Proficiency (Written)"],"perks":["Certificate","Letter of recommendation","Job offer"],"openings":"4"},{"url":"/internship/detail/content-writing-work-from-home-job-internship-at-technocrat-united1667395639","name":"Content Writing","company":"Technocrat United","location":"Work From Home","duration":"2 Months","stipend":"1,000-2,000 /month","applications":"60 applicants","skills":["Blogging"],"perks":["Certificate","Letter of recommendation","Flexible work hours","5 days a week","Job offer"],"openings":"5"},{"url":"/internship/detail/product-designing-internship-in-delhi-at-shilpkar-construction-private-limited1667461910","name":"Product Designing","company":"Shilpkar Construction Private Limited","location":"Delhi","duration":"2 Months","stipend":"5,000 /month","applications":"Be an early applicant","skills":["Adobe Illustrator","Adobe Photoshop","Blender 3D","Google Suite (G Suite)"],"perks":["Certificate","Letter of recommendation","Informal dress code"],"openings":"1"},{"url":"/internship/detail/customer-success-internship-in-bangalore-at-finshakti-solutions-private-limited1667455799","name":"Customer Success","company":"FinShakti Solutions Private Limited","location":"Bangalore","duration":"6 Months","stipend":"20,000-30,000 /month","applications":"Be an early applicant","skills":["English Proficiency (Spoken)","Hindi Proficiency (Spoken)"],"perks":["Certificate","Letter of recommendation","Flexible work hours","Informal dress code","5 days a week"],"openings":"2"},{"url":"/internship/detail/it-admin-internship-in-noida-at-keenheads-technologies-private-limited1667455092","name":"IT Admin","company":"Keenheads Technologies Private Limited","location":"Noida","duration":"3 Months","stipend":"12,000 /month","applications":"Be an early applicant","skills":["C++ Programming","English Proficiency (Spoken)","English Proficiency (Written)","HTML","Linux","Python","SharePoint","Unix"],"perks":["Certificate","Letter of recommendation","Informal dress code","Job offer"],"openings":"2"},{"url":"/internship/detail/robotics-training-in-education-sector-internship-in-hyderabad-at-qlearncept-edutech-llp1667454225","name":"Robotics Training In Education Sector","company":"Qlearncept Edutech LLP","location":"Hyderabad","duration":"6 Months","stipend":"8,000 /month","applications":"Be an early applicant","skills":["Arduino","C++ Programming","Circuit Design","C Programming","Internet of Things (IoT)","Python","Robotics"],"perks":["Certificate","Letter of recommendation"],"openings":"5"},{"url":"/internship/detail/support-engineering-part-time-job-internship-at-mumbai-in-pratham-systech-india-private-limited1667447842","name":"Support Engineering","company":"Pratham Systech India Private Limited","location":"Mumbai","duration":"6 Months","stipend":"5,000 /month","applications":"Be an early applicant","skills":[".NET","SQL"],"perks":["Certificate","Flexible work hours"],"openings":"6"},{"url":"/internship/detail/information-technology-internship-in-mumbai-at-cleantech-solar1667390544","name":"Information Technology","company":"Cleantech Solar","location":"Mumbai","duration":"6 Months","stipend":"15,000-20,000 /month","applications":"Be an early applicant","skills":["Cloud Computing","Computer Networking","Content Writing","English Proficiency (Spoken)","English Proficiency (Written)","MS-Office","MS-PowerPoint"],"perks":["Certificate","Flexible work hours","5 days a week","Free snacks & beverages","Job offer"],"openings":"1"},{"url":"/internship/detail/configuration-engineering-internship-in-bangalore-at-signzy1667382612","name":"Configuration Engineering","company":"Signzy","location":"Bangalore","duration":"6 Months","stipend":"25,000 /month","applications":"Be an early applicant","skills":[".NET","Java","Node.js","REST API"],"perks":["Certificate","Letter of recommendation","Flexible work hours","5 days a week","Free snacks & beverages","Job offer"],"openings":"2"},{"url":"/internship/detail/integration-engineering-internship-in-chennai-at-health-sensei-india-private-limited1667381529","name":"Integration Engineering","company":"Health Sensei India Private Limited","location":"Chennai","duration":"6 Months","stipend":"12,000 /month","applications":"Be an early applicant","skills":[],"perks":["Certificate","Letter of recommendation","Informal dress code"],"openings":"1"},{"url":"/internship/detail/technical-support-engineering-internship-in-hyderabad-at-startoon-labs-private-limited1667312471","name":"Technical Support Engineering","company":"Startoon Labs Private Limited","location":"Hyderabad","duration":"6 Months","stipend":"8,000-10,000 /month","applications":"40 applicants","skills":["English Proficiency (Spoken)","English Proficiency (Written)"],"perks":["Certificate","5 days a week","Free snacks & beverages"],"openings":"2"},{"url":"/internship/detail/cyber-security-internship-in-navi-mumbai-mumbai-at-cybernxt1667362949","name":"Cyber Security","company":"CyberNxt","location":"Navi Mumbai","duration":"6 Months","stipend":"12,000 /month","applications":"83 applicants","skills":["CCNA","Ethical Hacking","VAPT"],"perks":[],"openings":"10"},{"url":"/internship/detail/devops-engineering-cloud-engineering-internship-in-visakhapatnam-at-cloudearl1667307276","name":"DevOps Engineering/Cloud Engineering","company":"CloudEarl","location":"Visakhapatnam","duration":"2 Months","stipend":"5,000 /month","applications":"81 applicants","skills":["Amazon Web Services (AWS)","C++ Programming","Cloud Computing","C Programming","Google Cloud Computing","Java","Microsoft Azure"],"perks":["Certificate","Letter of recommendation","Job offer"],"openings":"2"},{"url":"/internship/detail/network-engineering-internship-in-mumbai-at-alfa-kpo-private-limited1667219110","name":"Network Engineering","company":"ALFA KPO Private Limited","location":"Mumbai","duration":"6 Months","stipend":"15,000-18,000 /month","applications":"Be an early applicant","skills":["CCNA"],"perks":["Informal dress code","5 days a week","Free snacks & beverages"],"openings":"5"},{"url":"/internship/detail/technical-content-writing-work-from-home-job-internship-at-helpworx-technology-private-limited1667301689","name":"Technical Content Writing","company":"Helpworx Technology Private Limited","location":"Work From Home","duration":"6 Months","stipend":"20,000 /month","applications":"77 applicants","skills":[],"perks":[],"openings":"10"},{"url":"/internship/detail/cloud-data-engineering-internship-in-ahmedabad-at-squadron-technology-private-limited1667294605","name":"Cloud Data Engineering","company":"Squadron Technology Private Limited","location":"Ahmedabad","duration":"6 Months","stipend":"8,000-10,000 /month","applications":"50 applicants","skills":["Amazon Web Server (AWS)","Cloud Computing","Google Cloud Computing","Java","Microsoft Azure","Python"],"perks":["Certificate","Letter of recommendation","Flexible work hours","Informal dress code","5 days a week","Job offer"],"openings":"6"},{"url":"/internship/detail/gis-and-it-administration-work-from-home-job-internship-at-disruptive-consultancy-services-private-limited-development-monitors-india1667285469","name":"GIS And IT Administration","company":"Disruptive Consultancy Services Private Limited (Development Monitors India)","location":"Work From Home","duration":"6 Months","stipend":"200 /month","applications":"37 applicants","skills":["ArcGIS"],"perks":["Letter of recommendation","Flexible work hours"],"openings":"1"},{"url":"/internship/detail/incident-response-internship-in-navi-mumbai-vashi-navi-mumbai-at-anzen-technologies-private-limited1667142541","name":"Incident Response","company":"Anzen Technologies Private Limited","location":"Navi Mumbai","duration":"6 Months","stipend":"15,000 /month","applications":"53 applicants","skills":[],"perks":["Certificate"],"openings":"5"},{"url":"/internship/detail/osp-engineering-internship-in-warangal-at-magnify-it-private-limited1667216257","name":"OSP Engineering","company":"Magnify IT Private Limited","location":"Warangal","duration":"3 Months","stipend":"3,000-5,000 /month","applications":"Be an early applicant","skills":["ArcGIS","AutoCAD"],"perks":["Certificate","Flexible work hours","Job offer"],"openings":"2"},{"url":"/internship/detail/cyber-security-internship-in-pune-at-cyber-security-corporation1667201588","name":"Cyber Security","company":"Cyber Security Corporation","location":"Pune","duration":"6 Months","stipend":"2,000 /month","applications":"76 applicants","skills":["Computer Networking","Ethical Hacking","VAPT"],"perks":["Certificate","Flexible work hours","5 days a week"],"openings":"2"},{"url":"/internship/detail/system-administration-internship-in-chandigarh-mohali-at-itechserv1667210586","name":"System Administration","company":"ITechServ","location":"Chandigarh","duration":"6 Months","stipend":"7,000 /month","applications":"Be an early applicant","skills":["CCNA"],"perks":["Certificate","Flexible work hours","Informal dress code","5 days a week","Free snacks & beverages"],"openings":"1"},{"url":"/internship/detail/blockchain-cryptocurrency-work-from-home-job-internship-at-sahil-kapoor1667115442","name":"Blockchain Cryptocurrency","company":"Sahil Kapoor","location":"Work From Home","duration":"1 Month","stipend":"10,000-18,000 /month","applications":"101 applicants","skills":["Blockchain"],"perks":[],"openings":"2"},{"url":"/internship/detail/operations-part-time-job-internship-at-guwahati-assam-in-appsndevice-technologies-private-limited1667045437","name":"Operations","company":"Appsndevice Technologies Private Limited","location":"Guwahati","duration":"3 Months","stipend":"10,000 /month","applications":"61 applicants","skills":["Distributed Computing"],"perks":["Certificate","Informal dress code"],"openings":"20"},{"url":"/internship/detail/information-technology-manualtesting-internship-in-mumbai-at-grt-global-logistics-private-limited1667027723","name":"Information Technology (ManualTesting)","company":"GRT Global Logistics Private Limited","location":"Mumbai","duration":"3 Months","stipend":"5,000 /month","applications":"48 applicants","skills":[],"perks":["Certificate","Informal dress code"],"openings":"1"},{"url":"/internship/detail/human-resources-hr-internship-in-mumbai-at-edelweiss-financial-services1666877230","name":"Human Resources (HR)","company":"Edelweiss Financial Services","location":"Mumbai","duration":"6 Months","stipend":"10,000 /month","applications":"84 applicants","skills":["English Proficiency (Spoken)"],"perks":[],"openings":"1"},{"url":"/internship/detail/cyber-security-internship-in-mumbai-at-cybernx-technologies-private-limited1666957820","name":"Cyber Security","company":"CyberNX Technologies Private Limited","location":"Mumbai","duration":"3 Months","stipend":"10,000 /month","applications":"184 applicants","skills":["Computer Networking","Ethical Hacking","VAPT","Web Application Security"],"perks":["Certificate","Flexible work hours","Free snacks & beverages","Job offer"],"openings":"4"},{"url":"/internship/detail/technical-support-internship-in-mumbai-at-credence-analytics1666955141","name":"Technical Support","company":"Credence Analytics","location":"Mumbai","duration":"6 Months","stipend":"15,000 /month","applications":"52 applicants","skills":["CSS","HTML","Java","Oracle","SQL"],"perks":["Certificate","Letter of recommendation","Flexible work hours","Informal dress code","5 days a week"],"openings":"10"},{"url":"/internship/detail/cloud-engineering-work-from-home-job-internship-at-mactores1666942492","name":"Cloud Engineering","company":"Mactores","location":"Work From Home","duration":"3 Months","stipend":"3,000-6,000 /month","applications":"252 applicants","skills":["Amazon Web Services (AWS)"],"perks":["Certificate","Flexible work hours","5 days a week"],"openings":"3"},{"url":"/internship/detail/aws-devops-engineering-work-from-home-job-internship-at-hj-infotech1666932736","name":"AWS DevOps Engineering","company":"HJ Infotech","location":"Work From Home","duration":"6 Months","stipend":"10,000 /month","applications":"298 applicants","skills":["Amazon Web Services (AWS)","CI/CD","Cloud Computing","DevOps","Docker","Kubernetes","Linux","Shell Scripting","Terraform"],"perks":["Certificate","Letter of recommendation","Flexible work hours","5 days a week"],"openings":"2"},{"url":"/internship/detail/cyber-security-internship-in-pune-at-inorbvict-healthcare-india-private-limited1666936812","name":"Cyber Security","company":"Inorbvict Healthcare India Private Limited","location":"Pune","duration":"6 Months","stipend":"10,000 /month","applications":"74 applicants","skills":[],"perks":["Certificate","Letter of recommendation","Informal dress code"],"openings":"2"},{"url":"/internship/detail/it-support-cloud-computing-internship-in-gurgaon-at-btrack-india-private-limited1666936934","name":"IT Support/Cloud Computing","company":"Btrack India Private Limited","location":"Gurgaon","duration":"3 Months","stipend":"5,000 /month","applications":"Be an early applicant","skills":[],"perks":["Certificate"],"openings":"2"},{"url":"/internship/detail/devops-engineering-internship-in-bangalore-at-yosecal-tech-llp1666894583","name":"DevOps Engineering","company":"YOSECAL TECH LLP","location":"Bangalore","duration":"3 Months","stipend":"10,000 /month","applications":"85 applicants","skills":["Amazon Web Services (AWS)","Docker","Kubernetes"],"perks":["Certificate","Letter of recommendation","Flexible work hours","Informal dress code","5 days a week","Free snacks & beverages","Job offer"],"openings":"1"}]}