{"success":16,"failed":0,"internships":[{"url":"/internship/detail/embedded-systems-iot-internship-in-chandigarh-mohali-at-zippiai1667464129","name":"Embedded Systems IOT","company":"Zippiai","location":"Chandigarh","duration":"4 Months","stipend":"5,000-8,000 /month","applications":"Be an early applicant","skills":["Arduino","C Programming","Embedded Systems","Internet of Things (IoT)","Raspberry Pi"],"perks":["Certificate","Letter of recommendation","Flexible work hours","Informal dress code","5 days a week","Job offer"],"openings":"2"},{"url":"/internship/detail/electronics-engineering-iot-internship-in-multiple-locations-at-experiencesdigital1667458527","name":"Electronics Engineering - IOT","company":"Experiences.digital","location":"Chennai","duration":"6 Months","stipend":"10,000 /month","applications":"46 applicants","skills":["Python"],"perks":["Certificate","5 days a week"],"openings":"2"},{"url":"/internship/detail/electronics-engineering-part-time-job-internship-at-kolkata-in-aeonix-research-and-innovations1667418062","name":"Electronics Engineering","company":"Aeonix Research And Innovations","location":"Kolkata","duration":"4 Months","stipend":"3,000-8,000 /month","applications":"Be an early applicant","skills":["Arduino","C++ Programming","Circuit Design","C Programming","Embedded Systems","Internet of Things (IoT)"],"perks":["Certificate","Letter of recommendation","Flexible work hours"],"openings":"3"},{"url":"/internship/detail/teaching-electronics-internship-in-moradabad-at-main-marshals1667453889","name":"Teaching (Electronics)","company":"Main Marshals","location":"Moradabad","duration":"6 Months","stipend":"10,000 /month","applications":"Be an early applicant","skills":["Arduino","C Programming","Embedded Systems","Internet of Things (IoT)","PCB Design","Python","Raspberry Pi","Teaching"],"perks":["Certificate","Letter of recommendation"],"openings":"2"},{"url":"/internship/detail/hardware-design-engineering-internship-in-indore-at-ev-urjaa1667373807","name":"Hardware Design Engineering","company":"EV-Urjaa","location":"Indore","duration":"3 Months","stipend":"6,000-10,000 /month","applications":"Be an early applicant","skills":["Embedded Systems","Internet of Things (IoT)"],"perks":["Certificate","Letter of recommendation"],"openings":"2"},{"url":"/internship/detail/internet-of-things-iot-internship-in-multiple-locations-at-techvolt-software-private-limited1667203018","name":"Internet Of Things (IoT)","company":"Techvolt Software Private Limited","location":"Coimbatore","duration":"2 Months","stipend":"4,000 /month","applications":"Be an early applicant","skills":["C Programming"],"perks":["Certificate","Letter of recommendation","Flexible work hours","Informal dress code","5 days a week"],"openings":"10"},{"url":"/internship/detail/internet-of-things-iot-internship-in-bangalore-at-redhill-softec1667199185","name":"Internet Of Things (IoT)","company":"Redhill Softec","location":"Bangalore","duration":"6 Months","stipend":"6,000-12,000 /month","applications":"43 applicants","skills":["Arduino","C Programming","Embedded Systems","Python"],"perks":["Certificate","Letter of recommendation","Informal dress code","Job offer"],"openings":"2"},{"url":"/internship/detail/embedded-systems-internship-in-delhi-at-rightwatts1666955291","name":"Embedded Systems","company":"RightWatts","location":"Delhi","duration":"3 Months","stipend":"2,000 /month","applications":"30 applicants","skills":["ARM Microcontroller","C++ Programming","Circuit Design","C Programming","Embedded Systems","Internet of Things (IoT)","Python"],"perks":["Certificate","Informal dress code"],"openings":"1"},{"url":"/internship/detail/embedded-systems-engineering-internship-in-nagpur-at-machlab-innovations-and-research-centre1666933903","name":"Embedded Systems Engineering","company":"Machlab Innovations And Research Centre","location":"Nagpur","duration":"6 Months","stipend":"7,000 /month","applications":"Be an early applicant","skills":["Circuit Design","EAGLE","Embedded Systems","Internet of Things (IoT)","PCB Design","PCB Soldering"],"perks":["Certificate","Informal dress code"],"openings":"1"},{"url":"/internship/detail/robotics-iot-part-time-job-internship-at-kolkata-in-aeonix-research-and-innovations1666887291","name":"Robotics & IoT","company":"Aeonix Research And Innovations","location":"Kolkata","duration":"3 Months","stipend":"3,000-8,000 /month","applications":"28 applicants","skills":["Artificial Intelligence","C++ Programming","C Programming","Embedded Systems","Internet of Things (IoT)"],"perks":["Certificate","Letter of recommendation","Flexible work hours","5 days a week"],"openings":"3"},{"url":"/internship/detail/electronics-communication-engineering-internship-in-ahmedabad-at-sri-laxmi-kravia-techlabs-private-limited1666860878","name":"Electronics & Communication Engineering","company":"Sri Laxmi Kravia Techlabs Private Limited","location":"Ahmedabad","duration":"3 Months","stipend":"5,000 /month","applications":"Be an early applicant","skills":["Arduino","C Programming","MATLAB","PCB Design","Raspberry Pi"],"perks":["Certificate","Informal dress code"],"openings":"3"},{"url":"/internship/detail/internet-of-things-iot-part-time-job-internship-at-jaipur-in-9-pointers-tech-private-limited1666556209","name":"Internet Of Things (IoT)","company":"9 Pointers Tech Private Limited","location":"Jaipur","duration":"6 Months","stipend":"5,000-9,000 /month","applications":"Be an early applicant","skills":["Arduino","ARM Microcontroller","Embedded Systems","Internet of Things (IoT)","JSON","Raspberry Pi"],"perks":["Certificate","Letter of recommendation","Flexible work hours","Informal dress code","Free snacks & beverages"],"openings":"8"},{"url":"/internship/detail/embedded-iot-development-internship-in-jaipur-at-9-pointers-tech-private-limited1666556149","name":"Embedded & IoT Development","company":"9 Pointers Tech Private Limited","location":"Jaipur","duration":"6 Months","stipend":"4,000 /month","applications":"Be an early applicant","skills":["Artificial Intelligence","C Programming","ElectronJS","Embedded Systems","Internet of Things (IoT)"],"perks":["Certificate","Letter of recommendation","Flexible work hours","Informal dress code","Free snacks & beverages"],"openings":"4"},{"url":"/internship/detail/internet-of-things-iot-internship-in-udaipur-amravati-at-doxpro-robotics-private-limited1666510888","name":"Internet Of Things (IoT)","company":"DoxPro Robotics Private Limited","location":"Udaipur","duration":"6 Months","stipend":"5,000 /month + Incentives","applications":"Be an early applicant","skills":["C Programming","Embedded Systems","Internet of Things (IoT)"],"perks":["Certificate","Letter of recommendation","Free snacks & beverages"],"openings":"2"},{"url":"/internship/detail/iot-engineering-prototyping-internship-in-multiple-locations-at-kaatru-iit-madras1666342870","name":"IoT Engineering (Prototyping)","company":"Kaatru, IIT Madras","location":"Chennai","duration":"6 Months","stipend":"20,000-25,000 /month","applications":"91 applicants","skills":["Amazon Web Services (AWS)","Arduino","C Programming","Internet of Things (IoT)","PCB Design","Python"],"perks":["Certificate","Flexible work hours","Informal dress code","5 days a week","Job offer"],"openings":"6"},{"url":"/internship/detail/electronics-engineering-iot-internship-in-bangalore-at-bodhi-labs-software-services-private-limited1665384038","name":"Electronics Engineering (IoT)","company":"Bodhi Labs Software Services Private Limited","location":"Bangalore","duration":"2 Months","stipend":"7,000-12,000 /month","applications":"126 applicants","skills":["Circuit Design","C Programming","Internet of Things (IoT)"],"perks":["Certificate"],"openings":"1"}]}