{"success":40,"failed":0,"internships":[{"url":"/internship/detail/interior-design-internship-in-mumbai-at-medius-technologies-private-limited1667390311","name":"Interior Design","company":"Medius Technologies Private Limited","location":"Mumbai","duration":"6 Months","stipend":"5,000 /month","applications":"Be an early applicant","skills":["Autodesk 123D design"],"perks":[],"openings":"5"},{"url":"/internship/detail/architecture-interior-design-internship-in-ahmedabad-at-hexaspace1667373996","name":"Architecture & Interior Design","company":"Hexaspace","location":"Ahmedabad","duration":"6 Months","stipend":"4,000 /month","applications":"Be an early applicant","skills":["3ds Max","AutoCAD","Google SketchUp"],"perks":["Certificate","Letter of recommendation","Informal dress code"],"openings":"10"},{"url":"/internship/detail/civil-engineering-interior-designing-internship-in-bangalore-at-soulgoal1667580779","name":"Civil Engineering/Interior Designing","company":"Soulgoal","location":"Bangalore","duration":"6 Months","stipend":"2,000 /month","applications":"Be an early applicant","skills":["Adobe Photoshop","AutoCAD","Autodesk Revit","Autodesk SketchBook"],"perks":["Certificate","Letter of recommendation","Flexible work hours","Informal dress code"],"openings":"3"},{"url":"/internship/detail/traditional-architecture-work-from-home-job-internship-at-vaidarbhi-foods1667489758","name":"Traditional Architecture","company":"Vaidarbhi Foods","location":"Work From Home","duration":"2 Weeks","stipend":"250 /week","applications":"27 applicants","skills":["3ds Max","AutoCAD","Autodesk SketchBook"],"perks":["Certificate","Letter of recommendation","Flexible work hours","Job offer"],"openings":"1"},{"url":"/internship/detail/architecture-and-interior-designing-internship-in-ahmedabad-at-raw-project1667538747","name":"Architecture and Interior Designing","company":"Raw Project","location":"Ahmedabad","duration":"6 Months","stipend":"5,000-7,000 /month","applications":"Be an early applicant","skills":["Adobe Illustrator","Adobe Indesign","Adobe Photoshop","AutoCAD","Google SketchUp","Sketching"],"perks":["Certificate","Letter of recommendation","Informal dress code","Free snacks & beverages"],"openings":"2"},{"url":"/internship/detail/interior-design-internship-in-delhi-at-manglam-interiors1667453005","name":"Interior Design","company":"Manglam Interiors","location":"Delhi","duration":"3 Months","stipend":"4,000 /month","applications":"Be an early applicant","skills":["3ds Max","AutoCAD","Autodesk Inventor","Autodesk Revit"],"perks":["Certificate","Letter of recommendation","Flexible work hours","Informal dress code"],"openings":"4"},{"url":"/internship/detail/interior-design-architect-internship-in-ahmedabad-at-jm-architects1667460823","name":"Interior Design/Architect","company":"JM Architects","location":"Ahmedabad","duration":"6 Months","stipend":"5,000 /month + Incentives","applications":"Be an early applicant","skills":["AutoCAD","Google SketchUp"],"perks":["Flexible work hours","Informal dress code"],"openings":"2"},{"url":"/internship/detail/interior-design-internship-in-multiple-locations-at-asia-interiors-exteriors1667448309","name":"Interior Design","company":"Asia Interiors & Exteriors","location":"Ajmer","duration":"6 Months","stipend":"2,000 /month","applications":"Be an early applicant","skills":["3ds Max","Adobe Photoshop","AutoCAD","Autodesk Revit","Autodesk SketchBook"],"perks":["Certificate","Letter of recommendation","Flexible work hours","5 days a week","Free snacks & beverages","Job offer"],"openings":"6"},{"url":"/internship/detail/sales-cum-interior-designing-internship-in-multiple-locations-at-greatworks-interiors-private-limited1667371408","name":"Sales Cum Interior Designing","company":"Greatworks Interiors Private Limited","location":"Chennai","duration":"6 Months","stipend":"5,000 /month","applications":"Be an early applicant","skills":["AutoCAD","Client Relationship","Estimation (estimating)"],"perks":[],"openings":"1"},{"url":"/internship/detail/interior-design-internship-in-delhi-at-home-developers-llp1667376588","name":"Interior Design","company":"Home Developers LLP","location":"Delhi","duration":"3 Months","stipend":"6,000-10,000 /month","applications":"31 applicants","skills":["3ds Max","Adobe Photoshop","AutoCAD"],"perks":["Certificate","Letter of recommendation","Flexible work hours","Free snacks & beverages","Job offer"],"openings":"2"},{"url":"/internship/detail/interior-design-internship-in-multiple-locations-at-living-balconies1667294241","name":"Interior Design","company":"Living Balconies","location":"Gurgaon","duration":"6 Months","stipend":"3,000 /month","applications":"Be an early applicant","skills":["MS-Excel","MS-Word"],"perks":["Certificate","Letter of recommendation","Informal dress code","5 days a week","Free snacks & beverages"],"openings":"4"},{"url":"/internship/detail/interior-design-internship-in-bangalore-at-evolve-architects1667289405","name":"Interior Design","company":"Evolve Architects","location":"Bangalore","duration":"6 Months","stipend":"5,000 /month","applications":"Be an early applicant","skills":["AutoCAD"],"perks":["Certificate","Letter of recommendation"],"openings":"2"},{"url":"/internship/detail/architecture-interior-design-internship-in-mumbai-at-zalani-architects1667299349","name":"Architecture & Interior Design","company":"Zalani Architects","location":"Mumbai","duration":"6 Months","stipend":"3,000-5,000 /month","applications":"Be an early applicant","skills":["3ds Max","Adobe Photoshop","AutoCAD"],"perks":["Certificate","Letter of recommendation","Informal dress code"],"openings":"2"},{"url":"/internship/detail/interior-design-internship-in-delhi-gurgaon-at-idesign-market1667283984","name":"Interior Design","company":"IDesign Market","location":"Delhi","duration":"6 Months","stipend":"5,000-8,000 /month","applications":"Be an early applicant","skills":["3ds Max","AutoCAD"],"perks":[],"openings":"2"},{"url":"/internship/detail/interior-design-internship-in-mumbai-at-staging-spaces-design1667228993","name":"Interior Design","company":"Staging Spaces Design","location":"Mumbai","duration":"6 Months","stipend":"10,000 /month","applications":"28 applicants","skills":["AutoCAD"],"perks":["Certificate","Letter of recommendation"],"openings":"1"},{"url":"/internship/detail/interior-and-architecture-design-internship-in-pune-at-risha-tyagi1663827419","name":"Interior And Architecture Design","company":"Risha Tyagi","location":"Pune","duration":"6 Months","stipend":"8,000-12,000 /month","applications":"26 applicants","skills":["Adobe Photoshop","AutoCAD","Google SketchUp","MS-Excel"],"perks":["Certificate","Letter of recommendation"],"openings":"2"},{"url":"/internship/detail/interior-design-internship-in-gurgaon-at-srizo1667284652","name":"Interior Design","company":"Srizo","location":"Gurgaon","duration":"6 Months","stipend":"12,000 /month","applications":"Be an early applicant","skills":["3ds Max","Adobe Photoshop","AutoCAD","Autodesk Revit"],"perks":["Certificate","Letter of recommendation","Flexible work hours","Informal dress code","Job offer"],"openings":"5"},{"url":"/internship/detail/interior-design-work-from-home-job-internship-at-sunny-overseas1667202932","name":"Interior Design","company":"Sunny Overseas","location":"Work From Home","duration":"6 Months","stipend":"15,000 /month","applications":"208 applicants","skills":["3ds Max","AutoCAD","Sketch"],"perks":[],"openings":"2"},{"url":"/internship/detail/interior-design-internship-in-pune-at-area-planz1667200930","name":"Interior Design","company":"Area Planz","location":"Pune","duration":"6 Months","stipend":"5,000-10,000 /month","applications":"Be an early applicant","skills":["3ds Max","AutoCAD","Google SketchUp"],"perks":["Certificate","Letter of recommendation","Informal dress code"],"openings":"5"},{"url":"/internship/detail/interior-design-work-from-home-job-internship-at-la-casa-bellisimo1667121613","name":"Interior Design","company":"La Casa Bellisimo","location":"Work From Home","duration":"2 Months","stipend":"5,000 /month","applications":"178 applicants","skills":["3ds Max","Adobe After Effects","Adobe Illustrator","Adobe Indesign","Adobe Photoshop","Adobe Photoshop Lightroom CC","Autodesk Revit"],"perks":["Certificate","Letter of recommendation"],"openings":"2"},{"url":"/internship/detail/interior-design-internship-in-bangalore-at-antarangni-interior-private-limited1667052215","name":"Interior Design","company":"Antarangni Interior Private Limited","location":"Bangalore","duration":"6 Months","stipend":"7,500 /month","applications":"Be an early applicant","skills":["3ds Max","Google SketchUp"],"perks":["Certificate","Letter of recommendation","Informal dress code"],"openings":"3"},{"url":"/internship/detail/interior-design-internship-in-jaipur-at-athenos-design-consultants1667051567","name":"Interior Design","company":"Athenos Design Consultants","location":"Jaipur","duration":"3 Months","stipend":"2,000-3,000 /month","applications":"Be an early applicant","skills":["3ds Max","Adobe Photoshop","AutoCAD"],"perks":["Certificate","Letter of recommendation","Flexible work hours","Free snacks & beverages"],"openings":"2"},{"url":"/internship/detail/interior-design-work-from-home-job-internship-at-blend-of-trends1667037780","name":"Interior Design","company":"Blend Of Trends","location":"Work From Home","duration":"3 Months","stipend":"4,000 /month","applications":"124 applicants","skills":["3ds Max","Adobe Photoshop","AutoCAD"],"perks":["Flexible work hours"],"openings":"1"},{"url":"/internship/detail/interior-design-internship-in-noida-at-mentorkart-dgguru-learning-solutions-private-limited1667025847","name":"Interior Design","company":"MentorKart (DGguru Learning Solutions Private Limited)","location":"Noida","duration":"1 Month","stipend":"8,000 /month","applications":"27 applicants","skills":["3ds Max","Adobe Photoshop","AutoCAD"],"perks":["Certificate"],"openings":"1"},{"url":"/internship/detail/interior-design-internship-in-multiple-locations-at-idesign-market1666965585","name":"Interior Design","company":"IDesign Market","location":"Delhi","duration":"6 Months","stipend":"5,000-11,000 /month","applications":"Be an early applicant","skills":[],"perks":["Certificate","Letter of recommendation","Informal dress code"],"openings":"10"},{"url":"/internship/detail/3d-designing-internship-in-multiple-locations-at-encore-modular-furniture-private-limited1666954561","name":"3D Designing","company":"Encore Modular Furniture Private Limited","location":"Faridabad","duration":"3 Months","stipend":"10,000-15,000 /month","applications":"53 applicants","skills":["3ds Max","AutoCAD"],"perks":["Certificate","Letter of recommendation","Flexible work hours","Informal dress code","Free snacks & beverages","Job offer"],"openings":"1"},{"url":"/internship/detail/interior-design-internship-in-mumbai-at-space-designs1666950536","name":"Interior Design","company":"Space Designs","location":"Mumbai","duration":"6 Months","stipend":"5,000 /month","applications":"Be an early applicant","skills":["3ds Max","Adobe Photoshop","AutoCAD","MS-Excel"],"perks":["Letter of recommendation","Informal dress code"],"openings":"5"},{"url":"/internship/detail/interior-design-internship-in-bangalore-at-soulgoal1666948477","name":"Interior Design","company":"Soulgoal","location":"Bangalore","duration":"4 Months","stipend":"3,000 /month","applications":"Be an early applicant","skills":["AutoCAD","Google SketchUp","MS-Office"],"perks":["Certificate","Letter of recommendation","Flexible work hours","Informal dress code"],"openings":"2"},{"url":"/internship/detail/interior-design-internship-in-thane-mumbai-at-all-things-design1666944558","name":"Interior Design","company":"All Things Design","location":"Thane","duration":"6 Months","stipend":"6,000 /month","applications":"Be an early applicant","skills":["Adobe Illustrator","Adobe Photoshop","AutoCAD","MS-Excel"],"perks":["Certificate","Letter of recommendation","Flexible work hours","Informal dress code","Job offer"],"openings":"1"},{"url":"/internship/detail/architecture-work-from-home-job-internship-at-earthify-architects1666942202","name":"Architecture","company":"EARTHIFY ARCHITECTS","location":"Work From Home","duration":"6 Months","stipend":"2,000 /month","applications":"110 applicants","skills":["AutoCAD"],"perks":["Certificate","Letter of recommendation","5 days a week","Job offer"],"openings":"2"},{"url":"/internship/detail/interior-design-internship-in-delhi-at-the-project-story1666882960","name":"Interior Design","company":"The Project Story","location":"Delhi","duration":"5 Months","stipend":"5,000-10,000 /month","applications":"29 applicants","skills":["AutoCAD","Google SketchUp"],"perks":["Certificate","Letter of recommendation","Flexible work hours","Informal dress code","5 days a week","Free snacks & beverages"],"openings":"3"},{"url":"/internship/detail/interior-design-internship-in-mumbai-at-pooja-bhandary1666936628","name":"Interior Design","company":"Pooja Bhandary","location":"Mumbai","duration":"2 Months","stipend":"5,000-9,000 /month","applications":"37 applicants","skills":["Adobe Photoshop","AutoCAD","MS-Excel","MS-PowerPoint"],"perks":[],"openings":"2"},{"url":"/internship/detail/interior-design-internship-in-delhi-at-punkaj-furniture1666869668","name":"Interior Design","company":"Punkaj Furniture","location":"Delhi","duration":"3 Months","stipend":"15,000-25,000 /month","applications":"52 applicants","skills":[],"perks":[],"openings":"1"},{"url":"/internship/detail/interior-design-internship-in-bangalore-at-blend-of-trends1666928229","name":"Interior Design","company":"Blend Of Trends","location":"Bangalore","duration":"3 Months","stipend":"4,000 /month","applications":"Be an early applicant","skills":["3ds Max","Adobe Photoshop Lightroom CC","AutoCAD"],"perks":["Flexible work hours"],"openings":"1"},{"url":"/internship/detail/interior-design-internship-in-kanpur-at-mushroom-arte1666872411","name":"Interior Design","company":"Mushroom Arte","location":"Kanpur","duration":"6 Months","stipend":"10,000-15,000 /month","applications":"Be an early applicant","skills":["3ds Max","Adobe Photoshop","AutoCAD","Autodesk Revit","Autodesk SketchBook","Google SketchUp"],"perks":["Certificate","Letter of recommendation","Flexible work hours","Informal dress code","Job offer"],"openings":"4"},{"url":"/internship/detail/interior-design-internship-in-mumbai-at-tau-collective1666862319","name":"Interior Design","company":"Tau Collective","location":"Mumbai","duration":"4 Months","stipend":"2,000-5,000 /month","applications":"Be an early applicant","skills":["3ds Max","Adobe Photoshop","Canva","MS-Office"],"perks":["Certificate","Informal dress code","5 days a week","Free snacks & beverages"],"openings":"1"},{"url":"/internship/detail/architecture-design-internship-in-delhi-at-tod-innovations-private-limited1666861855","name":"Architecture & Design","company":"TOD Innovations Private Limited","location":"Delhi","duration":"6 Months","stipend":"9,000 /month","applications":"Be an early applicant","skills":["Adobe Illustrator","Adobe Photoshop","AutoCAD","Autodesk Revit","MS-PowerPoint","Sketching"],"perks":["Letter of recommendation","Informal dress code","Free snacks & beverages"],"openings":"2"},{"url":"/internship/detail/interior-design-internship-in-chennai-at-carpinterio1666853850","name":"Interior Design","company":"Carpinterio","location":"Chennai","duration":"6 Months","stipend":"5,000 /month","applications":"Be an early applicant","skills":["3ds Max"],"perks":["Job offer"],"openings":"1"},{"url":"/internship/detail/interior-design-internship-in-bangalore-at-flapto1666853190","name":"Interior Design","company":"Flapto","location":"Bangalore","duration":"6 Months","stipend":"5,000 /month + Incentives","applications":"Be an early applicant","skills":[],"perks":["Certificate","Letter of recommendation","Flexible work hours","Informal dress code","Job offer"],"openings":"15"},{"url":"/internship/detail/interior-design-internship-in-mumbai-at-staging-spaces-design1666848713","name":"Interior Design","company":"Staging Spaces Design","location":"Mumbai","duration":"6 Months","stipend":"10,000 /month","applications":"33 applicants","skills":["AutoCAD"],"perks":["Certificate","Letter of recommendation"],"openings":"2"}]}