{"success":40,"failed":0,"internships":[{"url":"/internship/detail/ios-app-development-work-from-home-job-internship-at-impexpro1667651306","name":"iOS App Development","company":"Impexpro","location":"Work From Home","duration":"3 Months","stipend":"6,000 /month + Incentives","applications":"Be an early applicant","skills":["Git","iOS","MEAN/MERN Stack","Node.js","REST API","Swift"],"perks":["Certificate","Letter of recommendation","Flexible work hours","5 days a week","Job offer"],"openings":"9"},{"url":"/internship/detail/mobile-app-development-internship-in-nagpur-at-amika-softwares1667554589","name":"Mobile App Development","company":"Amika Softwares","location":"Nagpur","duration":"6 Months","stipend":"5,000 /month","applications":"Be an early applicant","skills":["Android","Firebase","Flutter","iOS","Java","Kotlin","Node.js","ReactJS","React Native","REST API"],"perks":["Certificate","Letter of recommendation","5 days a week","Free snacks & beverages"],"openings":"4"},{"url":"/internship/detail/ios-app-development-work-from-home-job-internship-at-clapingo-education1667579170","name":"iOS App Development","company":"Clapingo Education","location":"Work From Home","duration":"3 Months","stipend":"8,000-12,000 /month","applications":"Be an early applicant","skills":["iOS","Objective C","REST API","Swift","Xcode"],"perks":["Certificate","Letter of recommendation","Flexible work hours","5 days a week"],"openings":"5"},{"url":"/internship/detail/mobile-app-development-internship-in-multiple-locations-at-bioroles-automation-systems-private-limited1667562424","name":"Mobile App Development","company":"Bioroles Automation Systems Private Limited","location":"Faridabad","duration":"4 Months","stipend":"15,000-30,000 /month","applications":"Be an early applicant","skills":["Android","iOS"],"perks":["Certificate","Letter of recommendation","Flexible work hours","Informal dress code","5 days a week","Free snacks & beverages"],"openings":"3"},{"url":"/internship/detail/mobile-app-development-work-from-home-job-internship-at-hermion-technologies-private-limited1667531792","name":"Mobile App Development","company":"Hermion Technologies Private Limited","location":"Work From Home","duration":"3 Months","stipend":"1,000 /month","applications":"29 applicants","skills":["Android","Flutter","iOS","Java","Kotlin","ReactJS","React Native","REST API"],"perks":["Letter of recommendation","5 days a week"],"openings":"3"},{"url":"/internship/detail/mobile-app-development-work-from-home-job-internship-at-finnoble1667458400","name":"Mobile App Development","company":"Finnoble","location":"Work From Home","duration":"3 Months","stipend":"7,000-10,000 /month","applications":"44 applicants","skills":["Android","Flutter","iOS","Java","JavaScript","Node.js","ReactJS","React Native","REST API","Swift"],"perks":["Certificate","Letter of recommendation","Flexible work hours","5 days a week"],"openings":"2"},{"url":"/internship/detail/mobile-app-development-work-from-home-job-internship-at-beh-private-limited1667492156","name":"Mobile App Development","company":"BeH Private Limited","location":"Work From Home","duration":"6 Months","stipend":"25,000 /month","applications":"57 applicants","skills":["Android","Firebase","Flutter"],"perks":[],"openings":"2"},{"url":"/internship/detail/flutter-development-work-from-home-job-internship-at-blackcoffer1667549620","name":"Flutter Development","company":"Blackcoffer","location":"Work From Home","duration":"6 Months","stipend":"5,000 /month","applications":"35 applicants","skills":["Firebase","Flutter","React Native"],"perks":["Certificate","Letter of recommendation","Flexible work hours"],"openings":"10"},{"url":"/internship/detail/ios-app-development-internship-in-bangalore-at-powerplay1667545180","name":"iOS App Development","company":"Powerplay","location":"Bangalore","duration":"6 Months","stipend":"35,000 /month","applications":"Be an early applicant","skills":["iOS","Swift"],"perks":["Certificate","Letter of recommendation","Flexible work hours","Informal dress code","Free snacks & beverages"],"openings":"4"},{"url":"/internship/detail/mobile-app-development-internship-in-delhi-at-acharya-deepak-grover1667468343","name":"Mobile App Development","company":"Acharya Deepak Grover","location":"Delhi","duration":"3 Months","stipend":"3,000-6,000 /month","applications":"Be an early applicant","skills":["Android","iOS"],"perks":["Certificate","Informal dress code"],"openings":"2"},{"url":"/internship/detail/ios-app-development-internship-in-mohali-at-xperge1667460115","name":"iOS App Development","company":"Xperge","location":"Mohali","duration":"6 Months","stipend":"10,000 /month","applications":"Be an early applicant","skills":["iOS","Objective C","REST API","Swift","Xcode"],"perks":["Informal dress code","5 days a week","Free snacks & beverages"],"openings":"2"},{"url":"/internship/detail/mobile-app-development-work-from-home-job-internship-at-power-bank1666878319","name":"Mobile App Development","company":"Power Bank","location":"Work From Home","duration":"6 Weeks","stipend":"1,000 /week + Incentives","applications":"27 applicants","skills":[".NET","Android","Bootstrap","CSS","Firebase","Flutter","HTML","iOS","Java","JavaScript","jQuery","MySQL","Node.js","PHP","ReactJS","React Native","REST API","WordPress"],"perks":["Flexible work hours"],"openings":"4"},{"url":"/internship/detail/ui-ux-design-internship-in-gurgaon-at-finverv1667375292","name":"UI/UX Design","company":"Finverv","location":"Gurgaon","duration":"6 Months","stipend":"10,000 /month","applications":"Be an early applicant","skills":["Adobe XD","UI & UX Design","User Interface (UI) Development"],"perks":["Certificate","Letter of recommendation","Flexible work hours","Informal dress code","5 days a week"],"openings":"1"},{"url":"/internship/detail/mobile-app-development-internship-in-noida-at-techosto1667499890","name":"Mobile App Development","company":"Techosto","location":"Noida","duration":"6 Months","stipend":"10,000-15,000 /month","applications":"Be an early applicant","skills":["Flutter","JavaScript","ReactJS","React Native","Redux"],"perks":["Certificate","Letter of recommendation","Flexible work hours","Informal dress code","5 days a week","Free snacks & beverages","Job offer"],"openings":"2"},{"url":"/internship/detail/flutter-firebase-mobile-app-development-work-from-home-job-internship-at-ai4see-private-limited1667489322","name":"Flutter Firebase Mobile App Development","company":"AI4SEE PRIVATE LIMITED","location":"Work From Home","duration":"2 Months","stipend":"5,000 /month","applications":"Be an early applicant","skills":["Android","Flutter","iOS","Java","Kotlin","Linux","REST API","UI & UX Design","Windows Mobile Application Development"],"perks":["Certificate","Letter of recommendation","Flexible work hours"],"openings":"2"},{"url":"/internship/detail/mobile-app-development-work-from-home-job-internship-at-duke-and-clyde-innovation-center-private-limited1667483832","name":"Mobile App Development","company":"Duke And Clyde Innovation Center Private Limited","location":"Work From Home","duration":"2 Months","stipend":"3,000 lump sum","applications":"Be an early applicant","skills":["Android","Firebase","Flutter","iOS","REST API"],"perks":["Certificate","Letter of recommendation","Flexible work hours","5 days a week"],"openings":"1"},{"url":"/internship/detail/mobile-app-development-internship-in-ahmedabad-at-qarmatek-services-private-limited1667474802","name":"Mobile App Development","company":"QarmaTek Services Private Limited","location":"Ahmedabad","duration":"6 Months","stipend":"10,000-20,000 /month","applications":"Be an early applicant","skills":[".NET","Android","ASP.NET","C++ Programming","Firebase","Flutter","iOS","Java","Kotlin","React Native"],"perks":["Certificate"],"openings":"5"},{"url":"/internship/detail/mobile-app-development-internship-in-mumbai-at-vitorscape-technologies1667413428","name":"Mobile App Development","company":"Vitorscape Technologies","location":"Mumbai","duration":"3 Months","stipend":"8,000 /month","applications":"Be an early applicant","skills":["Android","Firebase","Flutter","iOS","Java","Kotlin","Node.js","ReactJS","React Native","REST API"],"perks":[],"openings":"1"},{"url":"/internship/detail/ios-app-development-work-from-home-job-internship-at-bvur-innovations-india1667382869","name":"iOS App Development","company":"BVUR Innovations India","location":"Work From Home","duration":"6 Months","stipend":"5,000 /month","applications":"Be an early applicant","skills":["Firebase","iOS","REST API","Swift"],"perks":["Letter of recommendation","Flexible work hours"],"openings":"2"},{"url":"/internship/detail/swift-programming-ios-development-work-from-home-job-internship-at-codespeedy-technology-private-limited1667467597","name":"Swift Programming/IOS Development","company":"CodeSpeedy Technology Private Limited","location":"Work From Home","duration":"2 Months","stipend":"1,500 /month","applications":"Be an early applicant","skills":["iOS","Swift"],"perks":["Certificate"],"openings":"10"},{"url":"/internship/detail/quality-assurance-mobile-app-internship-in-gurgaon-at-scouto-acquired-by-spinny1667385050","name":"Quality Assurance (Mobile App)","company":"Scouto (acquired By Spinny)","location":"Gurgaon","duration":"6 Months","stipend":"10,000-15,000 /month","applications":"71 applicants","skills":["Firebase","Java","Manual Testing"],"perks":["Certificate","Letter of recommendation","Flexible work hours","Informal dress code","Free snacks & beverages"],"openings":"2"},{"url":"/internship/detail/mobile-app-development-work-from-home-job-internship-at-the-pinehouse1667453738","name":"Mobile App Development","company":"The PineHouse","location":"Work From Home","duration":"6 Months","stipend":"14,000-15,000 /month","applications":"40 applicants","skills":["Flutter"],"perks":["Certificate","Letter of recommendation","Flexible work hours","5 days a week"],"openings":"1"},{"url":"/internship/detail/react-native-developer-internship-in-pune-at-cyperts-digital-solutions-private-limited1667370719","name":"React Native Developer","company":"Cyperts Digital Solutions Private Limited","location":"Pune","duration":"6 Months","stipend":"5,000 /month","applications":"Be an early applicant","skills":["Android","iOS","Java","ReactJS","React Native"],"perks":["Certificate","Letter of recommendation","Informal dress code","5 days a week","Job offer"],"openings":"2"},{"url":"/internship/detail/mobile-app-development-work-from-home-job-internship-at-rydeu-logistics-ug1667330195","name":"Mobile App Development","company":"Rydeu Logistics UG","location":"Work From Home","duration":"6 Months","stipend":"10,000-12,000 /month","applications":"159 applicants","skills":["Android","Flutter","ReactJS","React Native"],"perks":["Certificate","Letter of recommendation"],"openings":"1"},{"url":"/internship/detail/ios-development-internship-in-mumbai-at-quantumlink-communications-private-limited1667363464","name":"iOS Development","company":"QuantumLink Communications Private Limited","location":"Mumbai","duration":"3 Months","stipend":"15,000-20,000 /month","applications":"Be an early applicant","skills":["JSON","REST API","SQLite","Swift","Xcode"],"perks":["Certificate","Letter of recommendation"],"openings":"2"},{"url":"/internship/detail/react-native-work-from-home-job-internship-at-planetspark1667292465","name":"React Native","company":"PlanetSpark","location":"Work From Home","duration":"6 Months","stipend":"5,000 /month","applications":"50 applicants","skills":["React Native"],"perks":["Certificate","5 days a week","Job offer"],"openings":"4"},{"url":"/internship/detail/mobile-app-development-work-from-home-job-internship-at-astarix-agency-llp1667358783","name":"Mobile App Development","company":"Astarix Agency LLP","location":"Work From Home","duration":"2 Months","stipend":"7,000 /month","applications":"36 applicants","skills":["Android","Firebase","Flutter","iOS","Java","REST API","Swift"],"perks":["Certificate","Letter of recommendation","5 days a week"],"openings":"2"},{"url":"/internship/detail/mobile-app-development-internship-in-multiple-locations-at-software-it-solutions1667285233","name":"Mobile App Development","company":"Software IT Solutions","location":"Ambala","duration":"3 Months","stipend":"8,000-12,000 /month","applications":"Be an early applicant","skills":["Android","Firebase","Flutter","iOS","Java","Kotlin","Node.js","ReactJS","React Native","REST API"],"perks":["Certificate","Letter of recommendation","5 days a week"],"openings":"6"},{"url":"/internship/detail/mobile-app-development-internship-in-patna-at-krishna-academy-patna1667302893","name":"Mobile App Development","company":"Krishna Academy Patna","location":"Patna","duration":"6 Months","stipend":"6,000-15,000 /month","applications":"Be an early applicant","skills":["Android","CSS","Firebase","Flutter","HTML","iOS","Java","JavaScript","Kotlin","Node.js","PHP","ReactJS","React Native","REST API"],"perks":["Certificate","Letter of recommendation","Flexible work hours","Informal dress code"],"openings":"1"},{"url":"/internship/detail/mobile-app-development-work-from-home-job-internship-at-rida-international-management-solutions-rims1667300507","name":"Mobile App Development","company":"Rida International Management Solutions (RIMS)","location":"Work From Home","duration":"3 Months","stipend":"1,000 /month","applications":"Be an early applicant","skills":["Android","Firebase","Flutter","iOS","Java","Kotlin","Node.js","ReactJS","React Native","REST API"],"perks":["Certificate"],"openings":"3"},{"url":"/internship/detail/mobile-app-development-internship-in-mumbai-at-companion1667206917","name":"Mobile App Development","company":"Companion","location":"Mumbai","duration":"4 Months","stipend":"5,000 /month","applications":"Be an early applicant","skills":["Android","iOS","Node.js","ReactJS","React Native","REST API"],"perks":["Certificate","Letter of recommendation","Informal dress code","5 days a week"],"openings":"4"},{"url":"/internship/detail/mobile-app-development-work-from-home-job-internship-at-saharanpur-crafts1667219221","name":"Mobile App Development","company":"Saharanpur Crafts","location":"Work From Home","duration":"2 Months","stipend":"2,000-3,000 lump sum","applications":"45 applicants","skills":["Android","Firebase","Flutter","iOS","Java","Kotlin","Node.js","ReactJS","React Native","REST API"],"perks":["Certificate","Letter of recommendation","Flexible work hours","5 days a week"],"openings":"1"},{"url":"/internship/detail/mobile-app-development-work-from-home-job-internship-at-localpanda1667227495","name":"Mobile App Development","company":"Localpanda","location":"Work From Home","duration":"3 Months","stipend":"3,000 /month","applications":"34 applicants","skills":["Android","Firebase","Flutter","iOS","REST API"],"perks":["Certificate","Letter of recommendation","Flexible work hours","Job offer"],"openings":"4"},{"url":"/internship/detail/mobile-app-development-work-from-home-job-internship-at-appsara1667219379","name":"Mobile App Development","company":"APPSARA","location":"Work From Home","duration":"6 Months","stipend":"2,000-5,000 /month","applications":"Be an early applicant","skills":["Android","Flutter","iOS","React Native","REST API"],"perks":["Certificate","Letter of recommendation","Flexible work hours","5 days a week","Job offer"],"openings":"2"},{"url":"/internship/detail/ios-training-work-from-home-job-internship-at-mobilefirst-applications1667219005","name":"iOS Training","company":"Mobilefirst Applications","location":"Work From Home","duration":"6 Months","stipend":"7,000 /month","applications":"Be an early applicant","skills":["iOS","Objective C","Swift"],"perks":["Certificate","Flexible work hours","5 days a week","Job offer"],"openings":"2"},{"url":"/internship/detail/mobile-app-development-work-from-home-job-internship-at-nitish-galat1667018923","name":"Mobile App Development","company":"Nitish Galat","location":"Work From Home","duration":"3 Months","stipend":"5,000-6,000 lump sum","applications":"34 applicants","skills":["Firebase","Flutter","iOS","Node.js","REST API"],"perks":["Flexible work hours","5 days a week"],"openings":"2"},{"url":"/internship/detail/mobile-app-development-work-from-home-job-internship-at-cheerio-digital-solutions-private-limited1667207190","name":"Mobile App Development","company":"Cheerio Digital Solutions Private Limited","location":"Work From Home","duration":"6 Months","stipend":"10,000 /month","applications":"45 applicants","skills":["Android","iOS","MongoDB","Node.js","React Native"],"perks":["Certificate","Letter of recommendation","Flexible work hours","5 days a week","Job offer"],"openings":"5"},{"url":"/internship/detail/mobile-app-development-work-from-home-job-internship-at-sweepy-stories1666952537","name":"Mobile App Development","company":"Sweepy Stories","location":"Work From Home","duration":"6 Months","stipend":"10,000 /month","applications":"28 applicants","skills":["iOS"],"perks":["Certificate","Letter of recommendation","5 days a week"],"openings":"1"},{"url":"/internship/detail/mobile-app-development-internship-in-bangalore-at-flam1667196513","name":"Mobile App Development","company":"Flam","location":"Bangalore","duration":"2 Weeks","stipend":"20,000 /month","applications":"34 applicants","skills":["Android","iOS","Java","Kotlin","ReactJS","REST API"],"perks":["Certificate","Flexible work hours","Informal dress code","5 days a week","Free snacks & beverages"],"openings":"2"},{"url":"/internship/detail/ios-development-internship-in-mumbai-at-save-eat-foods-private-limited1667192363","name":"iOS Development","company":"Save Eat Foods Private Limited","location":"Mumbai","duration":"3 Months","stipend":"11,000 /month","applications":"Be an early applicant","skills":[],"perks":["Certificate","Letter of recommendation","Informal dress code","Free snacks & beverages"],"openings":"1"}]}