{"success":23,"failed":0,"internships":[{"url":"/internship/detail/mern-stack-development-work-from-home-job-internship-at-zaveri-it-solutions-llc1667651225","name":"MERN Stack Development","company":"Zaveri IT Solutions LLC","location":"Work From Home","duration":"6 Months","stipend":"5,000 /month","applications":"Be an early applicant","skills":["C++ Programming","Hibernate (Java)","Java","Node.js","SQL"],"perks":["Certificate","Letter of recommendation","Flexible work hours","5 days a week","Job offer"],"openings":"9"},{"url":"/internship/detail/java-development-internship-in-gurgaon-at-eduthrill1667544339","name":"Java Development","company":"EduThrill","location":"Gurgaon","duration":"6 Months","stipend":"20,000 /month","applications":"65 applicants","skills":["J2EE","Java","MySQL"],"perks":["Certificate","5 days a week"],"openings":"3"},{"url":"/internship/detail/mobile-app-development-work-from-home-job-internship-at-arthavedika-tech-private-limited1667537590","name":"Mobile App Development","company":"Arthavedika Tech Private Limited","location":"Work From Home","duration":"6 Months","stipend":"2,500 /month + Incentives","applications":"32 applicants","skills":["Java","React Native","REST API"],"perks":["Letter of recommendation","Flexible work hours"],"openings":"6"},{"url":"/internship/detail/java-development-internship-in-pune-at-quadwave-consulting1667471259","name":"Java Development","company":"Quadwave Consulting","location":"Pune","duration":"6 Months","stipend":"10,000-15,000 /month","applications":"83 applicants","skills":["HTML","Java","JavaScript","jQuery","JSP","MySQL","Servlets"],"perks":["Certificate","Letter of recommendation","Informal dress code","5 days a week","Free snacks & beverages","Job offer"],"openings":"10"},{"url":"/internship/detail/full-stack-development-web-application-development-work-from-home-job-internship-at-aero2astro1667545957","name":"Full Stack Development/Web Application Development","company":"Aero2Astro","location":"Work From Home","duration":"3 Months","stipend":"10,000 lump sum","applications":"68 applicants","skills":["Amazon Web Server (AWS)","Amazon Web Services (AWS)","AngularJS","C++ Programming","DigitalOcean","Django","Express.js","JavaScript","LARAVEL","Linux","Node.js","Python","ReactJS","React Native","Spring MVC","Tailwind CSS","User Interface (UI) Development","Windows Mobile Application Development"],"perks":["Certificate","Letter of recommendation"],"openings":"6"},{"url":"/internship/detail/java-development-internship-in-nagpur-at-cyberathon1667468475","name":"Java Development","company":"Cyberathon","location":"Nagpur","duration":"6 Months","stipend":"3,000 /month","applications":"29 applicants","skills":["Java","JavaScript","JSP","MySQL","Servlets"],"perks":["Certificate","Job offer"],"openings":"10"},{"url":"/internship/detail/java-development-internship-in-mohali-at-rchilli-incorporation1667398184","name":"Java Development","company":"Rchilli Incorporation","location":"Mohali","duration":"3 Months","stipend":"10,000 /month","applications":"67 applicants","skills":[],"perks":["Certificate","Letter of recommendation","5 days a week"],"openings":"5"},{"url":"/internship/detail/java-big-data-and-devops-work-from-home-job-internship-at-softnerve-technology-private-limited1667443830","name":"Java & Big Data And DevOps","company":"Softnerve Technology Private Limited","location":"Work From Home","duration":"6 Months","stipend":"5,000 /month + Incentives","applications":"Be an early applicant","skills":["Docker","Java","Kubernetes","MongoDB","Node.js","Python","Spring MVC"],"perks":["Certificate","Letter of recommendation","Flexible work hours","5 days a week","Job offer"],"openings":"2"},{"url":"/internship/detail/java-app-development-spring-boot-hibernate-internship-in-bangalore-at-tesquirel-solutions-private-limited1667383994","name":"Java App Development (Spring Boot & Hibernate)","company":"TesQuirel Solutions Private Limited","location":"Bangalore","duration":"4 Months","stipend":"10,000 /month","applications":"35 applicants","skills":["Hibernate (Java)","REST API","Spring MVC","SQL"],"perks":["Certificate","Letter of recommendation","Job offer"],"openings":"2"},{"url":"/internship/detail/java-development-internship-in-chennai-at-skooly1667213417","name":"Java Development","company":"Skooly","location":"Chennai","duration":"2 Months","stipend":"10,000-15,000 /month","applications":"52 applicants","skills":["Hibernate (Java)","J2EE","Java","MySQL","Spring MVC"],"perks":["Certificate","Letter of recommendation","5 days a week","Job offer"],"openings":"2"},{"url":"/internship/detail/java-development-internship-in-pune-at-ezio-infotech-private-limited1667195383","name":"Java Development","company":"Ezio Infotech Private Limited","location":"Pune","duration":"2 Months","stipend":"4,000 /month","applications":"127 applicants","skills":["Hibernate (Java)","Java"],"perks":["Certificate","5 days a week"],"openings":"4"},{"url":"/internship/detail/mobile-app-development-work-from-home-job-internship-at-upride-network-private-limited1666926923","name":"Mobile App Development","company":"Upride Network Private Limited","location":"Work From Home","duration":"3 Months","stipend":"8,000 /month","applications":"116 applicants","skills":["Android","Firebase","Java","Node.js"],"perks":["Certificate","Letter of recommendation","Flexible work hours","5 days a week"],"openings":"2"},{"url":"/internship/detail/java-development-internship-in-multiple-locations-at-omninos-technologies-international-private-limited1667036705","name":"Java Development","company":"Omninos Technologies International Private Limited","location":"Kharar","duration":"6 Months","stipend":"7,000-12,000 /month","applications":"101 applicants","skills":["Hibernate (Java)","J2EE","Java","JSP","MySQL","Spring MVC"],"perks":["Certificate","Letter of recommendation","Flexible work hours","Informal dress code","5 days a week"],"openings":"4"},{"url":"/internship/detail/information-technology-manualtesting-internship-in-mumbai-at-grt-global-logistics-private-limited1667027723","name":"Information Technology (ManualTesting)","company":"GRT Global Logistics Private Limited","location":"Mumbai","duration":"3 Months","stipend":"5,000 /month","applications":"48 applicants","skills":[],"perks":["Certificate","Informal dress code"],"openings":"1"},{"url":"/internship/detail/data-engineering-internship-in-bangalore-at-affinityanswers1666891480","name":"Data Engineering","company":"AffinityAnswers","location":"Bangalore","duration":"6 Months","stipend":"30,000 /month","applications":"54 applicants","skills":["JavaScript","Python","SQL","Unix"],"perks":["Letter of recommendation","Flexible work hours","5 days a week"],"openings":"1"},{"url":"/internship/detail/java-spring-boot-rest-api-development-internship-in-hyderabad-at-kreativ-web-solutions1666845796","name":"Java/Spring Boot/REST API Development","company":"Kreativ Web Solutions","location":"Hyderabad","duration":"6 Months","stipend":"8,000 /month","applications":"75 applicants","skills":["J2EE","Java","MySQL","REST API","Spring MVC"],"perks":["Certificate","Letter of recommendation","Job offer"],"openings":"4"},{"url":"/internship/detail/java-development-work-from-home-job-internship-at-skillbit1666796716","name":"Java Development","company":"SkillBit","location":"Work From Home","duration":"6 Months","stipend":"4,000 /month","applications":"495 applicants","skills":["Java"],"perks":["Certificate","Letter of recommendation","Flexible work hours","5 days a week","Job offer"],"openings":"5"},{"url":"/internship/detail/java-development-work-from-home-job-internship-at-iesoft-technologies-private-limited1666787578","name":"Java Development","company":"IESoft Technologies Private Limited","location":"Work From Home","duration":"6 Months","stipend":"20,000 /month","applications":"947 applicants","skills":["CSS","HTML","J2EE","Java","Spring MVC"],"perks":["Certificate","Letter of recommendation","Job offer"],"openings":"4"},{"url":"/internship/detail/java-development-internship-in-noida-at-liberin-technologies-private-limited1666771773","name":"Java Development","company":"Liberin Technologies Private Limited","location":"Noida","duration":"6 Months","stipend":"10,000 /month","applications":"145 applicants","skills":["AJAX","AngularJS","CSS","Data Analytics","Data Structures","Hibernate (Java)","HTML","Java","jQuery","JSON","MySQL","ReactJS","Robotic Process Automation (RPA)","Software Testing","Spring MVC","Vue Js","Web Application Security"],"perks":["Certificate","Letter of recommendation","5 days a week","Job offer"],"openings":"6"},{"url":"/internship/detail/android-application-development-work-from-home-job-internship-at-oyelabs1666672892","name":"Android Application Development","company":"OyeLabs","location":"Work From Home","duration":"6 Months","stipend":"5,000-10,000 /month","applications":"266 applicants","skills":["Android","Firebase","GitHub","Java","Kotlin","REST API","Windows Mobile Application Development"],"perks":["Certificate","Letter of recommendation","Flexible work hours","Job offer"],"openings":"2"},{"url":"/internship/detail/javascript-google-appscript-development-full-stack-development-part-time-job-internship-at-delhi-in-bootstrap-digital-solutions1666355340","name":"JavaScript & Google AppScript Development (Full Stack Development)","company":"Bootstrap Digital Solutions","location":"Delhi","duration":"6 Months","stipend":"10,000-15,000 /month","applications":"133 applicants","skills":["Bootstrap","CSS","Google Suite (G Suite)","Google Workspace","HTML","JavaScript","jQuery","MongoDB","MS-Excel","MySQL","Node.js","PHP","Power BI","ReactJS","WordPress"],"perks":["Certificate","Letter of recommendation","Flexible work hours","Informal dress code"],"openings":"2"},{"url":"/internship/detail/java-microservices-development-work-from-home-job-internship-at-natwest-group1664962035","name":"Java & Microservices Development","company":"NatWest Group","location":"Work From Home","duration":"6 Months","stipend":"45,000 /month","applications":"747 applicants","skills":["Docker","Google Cloud Computing","Hibernate (Java)","J2EE","Java","Kubernetes"],"perks":["Flexible work hours","5 days a week"],"openings":"30"},{"url":"/internship/details/internship-at-aryabhatta-research-institute-of-observational-sciences1608031717","name":"Computer Science","company":"Aryabhatta Research Institute Of Observational Sciences","location":"Nainital","duration":"5 Months","stipend":"10,000 /month","applications":"Be an early applicant","skills":[],"perks":[],"openings":"4"}]}