{"success":40,"failed":0,"internships":[{"url":"/internship/detail/web-development-work-from-home-job-internship-at-oyesters-trainings1667560898","name":"Web Development","company":"Oyesters Trainings","location":"Work From Home","duration":"3 Months","stipend":"5,000-10,000 /month","applications":"Be an early applicant","skills":["MongoDB","MySQL","Node.js"],"perks":["Certificate","Letter of recommendation","Flexible work hours","5 days a week"],"openings":"2"},{"url":"/internship/detail/web-development-internship-in-multiple-locations-at-techasoft-private-limited1667581814","name":"Web Development","company":"Techasoft Private Limited","location":"Chandigarh","duration":"6 Months","stipend":"6,000-8,000 /month","applications":"Be an early applicant","skills":["Bootstrap","CSS","HTML","JavaScript","jQuery","MySQL","Node.js","PHP","Python","ReactJS","WordPress"],"perks":["Certificate","Flexible work hours"],"openings":"2"},{"url":"/internship/detail/vuejs-development-work-from-home-job-internship-at-the-renal-project1667569885","name":"Vue.js Development","company":"The Renal Project","location":"Work From Home","duration":"4 Months","stipend":"8,000-12,000 /month","applications":"Be an early applicant","skills":["Bootstrap","JavaScript","JSON","Vue Js"],"perks":["Certificate","Flexible work hours","Job offer"],"openings":"2"},{"url":"/internship/detail/reactjs-nextjs-development-internship-in-delhi-gurgaon-at-voxturr-consulting-private-limited1667562354","name":"React.js/Next.js Development","company":"Voxturr Consulting Private Limited","location":"Delhi","duration":"3 Months","stipend":"10,000 /month","applications":"55 applicants","skills":[],"perks":["Certificate","Letter of recommendation","Informal dress code","5 days a week"],"openings":"2"},{"url":"/internship/detail/front-end-development-reactjs-work-from-home-job-internship-at-omikron-technologies-private-limited1667552515","name":"Front End Development (ReactJS)","company":"Omikron Technologies Private Limited","location":"Work From Home","duration":"3 Months","stipend":"10,000 /month","applications":"518 applicants","skills":["Bootstrap","CSS","HTML","MEAN/MERN Stack","ReactJS","Redux"],"perks":["Certificate","Letter of recommendation","Flexible work hours"],"openings":"3"},{"url":"/internship/detail/backend-development-work-from-home-job-internship-at-qualyval1667471206","name":"Backend Development","company":"Qualyval","location":"Work From Home","duration":"6 Months","stipend":"6,000 /month","applications":"81 applicants","skills":["MongoDB","Node.js","Python","REST API"],"perks":["Certificate","Letter of recommendation","Flexible work hours"],"openings":"2"},{"url":"/internship/detail/web-development-work-from-home-job-internship-at-putatoe-technologies-private-limited1667479192","name":"Web Development","company":"Putatoe Technologies Private Limited","location":"Work From Home","duration":"4 Months","stipend":"1,000-5,000 /month","applications":"250 applicants","skills":["Bootstrap","CSS","HTML","JavaScript","jQuery","ReactJS"],"perks":["Certificate","Letter of recommendation","Flexible work hours"],"openings":"2"},{"url":"/internship/detail/reactjs-development-internship-in-hyderabad-at-osos-private-limited1667544020","name":"ReactJS Development","company":"OSOS Private Limited","location":"Hyderabad","duration":"3 Months","stipend":"20,000 /month","applications":"46 applicants","skills":["ReactJS"],"perks":["Certificate","Letter of recommendation","Flexible work hours","Informal dress code","Job offer"],"openings":"2"},{"url":"/internship/detail/mern-stack-development-internship-in-indore-bhopal-at-eulogik1667543984","name":"MERN Stack Development","company":"Eulogik","location":"Indore","duration":"4 Months","stipend":"6,000-8,000 /month","applications":"Be an early applicant","skills":["CSS","Express.js","HTML","JavaScript","MongoDB","Node.js","ReactJS"],"perks":["Letter of recommendation"],"openings":"2"},{"url":"/internship/detail/web-development-internship-in-pune-at-digipeddle-technologies1667389430","name":"Web Development","company":"Digipeddle Technologies","location":"Pune","duration":"3 Months","stipend":"5,000-8,000 /month","applications":"63 applicants","skills":["CSS","HTML","JavaScript","PHP","WordPress"],"perks":["Certificate","Letter of recommendation","Job offer"],"openings":"2"},{"url":"/internship/detail/full-stack-development-internship-in-multiple-locations-at-vidyalai1667393334","name":"Full Stack Development","company":"Vidyalai","location":"Kochi","duration":"6 Months","stipend":"15,000 /month","applications":"30 applicants","skills":["CSS","HTML","JavaScript","MongoDB","Node.js","ReactJS"],"perks":["Certificate","Letter of recommendation","Informal dress code","Job offer"],"openings":"2"},{"url":"/internship/detail/front-end-web-development-internship-in-delhi-at-p2l-impact-learning-empowers-private-limited1667389006","name":"Front End Web Development","company":"P2L Impact Learning Empowers Private Limited","location":"Delhi","duration":"3 Months","stipend":"2,000-3,000 /month","applications":"39 applicants","skills":["Bootstrap","CSS","Django","HTML","JavaScript"],"perks":["Certificate","Letter of recommendation","5 days a week"],"openings":"2"},{"url":"/internship/detail/mobile-app-development-react-native-work-from-home-job-internship-at-redpositive-service-opc-private-limited1667366895","name":"Mobile App Development (React Native)","company":"Redpositive Service (OPC) Private Limited","location":"Work From Home","duration":"4 Months","stipend":"2,000-8,000 /month","applications":"34 applicants","skills":["Algorithms","JavaScript","Model View Controller(MVC)","ReactJS","React Native","Redux","REST API","TypeScript","Xcode"],"perks":["Certificate","Letter of recommendation","Flexible work hours"],"openings":"20"},{"url":"/internship/detail/front-end-development-angular-internship-in-bangalore-at-tesquirel-solutions-private-limited1667384021","name":"Front End Development (Angular)","company":"TesQuirel Solutions Private Limited","location":"Bangalore","duration":"6 Months","stipend":"8,000 /month","applications":"Be an early applicant","skills":["AJAX","Angular 7.0","Bootstrap","CSS","HTML","JavaScript","jQuery","TypeScript"],"perks":["Certificate","Job offer"],"openings":"2"},{"url":"/internship/detail/java-app-development-spring-boot-hibernate-internship-in-bangalore-at-tesquirel-solutions-private-limited1667383994","name":"Java App Development (Spring Boot & Hibernate)","company":"TesQuirel Solutions Private Limited","location":"Bangalore","duration":"4 Months","stipend":"10,000 /month","applications":"35 applicants","skills":["Hibernate (Java)","REST API","Spring MVC","SQL"],"perks":["Certificate","Letter of recommendation","Job offer"],"openings":"2"},{"url":"/internship/detail/web-development-part-time-job-internship-at-mysuru-bangalore-in-linqway-techniks-private-limited1667381845","name":"Web Development","company":"Linqway Techniks Private Limited","location":"Mysuru","duration":"1 Month","stipend":"2,000-5,000 /month","applications":"90 applicants","skills":["CSS","HTML","JavaScript","ReactJS"],"perks":["Certificate","Letter of recommendation","Flexible work hours","Informal dress code","5 days a week","Free snacks & beverages"],"openings":"20"},{"url":"/internship/detail/web-development-work-from-home-job-internship-at-yottol-thegoodnetwork-wealthtech1667321122","name":"Web Development","company":"Yottol-TheGoodNetwork (WealthTech)","location":"Work From Home","duration":"3 Months","stipend":"2,000 /month","applications":"106 applicants","skills":["CSS","HTML","JavaScript","MySQL","Node.js","ReactJS"],"perks":["Certificate","Letter of recommendation","Flexible work hours","5 days a week"],"openings":"1"},{"url":"/internship/detail/web-development-internship-in-kolkata-at-quantta-analytics1667300064","name":"Web Development","company":"Quantta Analytics","location":"Kolkata","duration":"3 Months","stipend":"8,000 /month","applications":"Be an early applicant","skills":["Bootstrap","CSS","HTML","JavaScript","jQuery","MongoDB","Node.js","PostgreSQL"],"perks":["Certificate","Letter of recommendation","Flexible work hours","Informal dress code","5 days a week","Job offer"],"openings":"1"},{"url":"/internship/detail/reactjs-internship-in-ludhiana-at-quadb-tech1667298513","name":"ReactJS","company":"QuadB Tech","location":"Ludhiana","duration":"4 Months","stipend":"10,000 /month","applications":"39 applicants","skills":["CSS","HTML","JavaScript","jQuery","ReactJS"],"perks":[],"openings":"8"},{"url":"/internship/detail/mern-stack-development-work-from-home-job-internship-at-docsup-private-limited1667287404","name":"MERN Stack Development","company":"Docsup Private Limited","location":"Work From Home","duration":"3 Months","stipend":"3,000 /month","applications":"50 applicants","skills":["Bootstrap","Express.js","Firebase","HTML","Materialize","MongoDB","Node.js","ReactJS","Stripe Payment API","UI & UX Design"],"perks":["Certificate","Letter of recommendation","Flexible work hours"],"openings":"7"},{"url":"/internship/detail/javascript-development-internship-in-mohali-at-scizers-technologies-llp1667279943","name":"JavaScript Development","company":"Scizers Technologies LLP","location":"Mohali","duration":"4 Months","stipend":"10,000 /month","applications":"76 applicants","skills":["JavaScript","Node.js","ReactJS","React Native","Redux"],"perks":["Certificate","Letter of recommendation","Flexible work hours","5 days a week"],"openings":"5"},{"url":"/internship/detail/web-development-redux-work-from-home-job-internship-at-prixled1667212911","name":"Web Development (Redux)","company":"PRIXLED","location":"Work From Home","duration":"2 Months","stipend":"6,000-10,000 /month","applications":"151 applicants","skills":["JavaScript","ReactJS","Redux","REST API"],"perks":["Certificate","Letter of recommendation","Flexible work hours","5 days a week"],"openings":"7"},{"url":"/internship/detail/mobile-app-development-work-from-home-job-internship-at-sathish-raman1667033100","name":"Mobile App Development","company":"Sathish Raman","location":"Work From Home","duration":"3 Months","stipend":"7,000 /month","applications":"43 applicants","skills":["ReactJS","React Native"],"perks":["Flexible work hours","5 days a week"],"openings":"1"},{"url":"/internship/detail/python-django-react-native-javascript-development-internship-in-jamshedpur-at-etechcube1667145582","name":"Python/Django/React Native/JavaScript Development","company":"ETechCube","location":"Jamshedpur","duration":"6 Months","stipend":"5,000 /month","applications":"28 applicants","skills":["Bootstrap","CSS","Django","HTML","JavaScript","jQuery","Python","ReactJS","React Native"],"perks":["Certificate","Letter of recommendation"],"openings":"20"},{"url":"/internship/detail/reactjs-development-internship-in-faridabad-at-luneblaze1667128078","name":"ReactJS Development","company":"Luneblaze","location":"Faridabad","duration":"6 Months","stipend":"6,000 /month","applications":"43 applicants","skills":["ReactJS"],"perks":["Certificate","Informal dress code","Job offer"],"openings":"5"},{"url":"/internship/detail/machine-learning-computer-vision-internship-in-bangalore-at-modaka-technologies-private-limited1667056920","name":"Machine Learning (Computer Vision)","company":"Modaka Technologies Private Limited","location":"Bangalore","duration":"3 Months","stipend":"12,000 /month","applications":"134 applicants","skills":["Computer Vision","Deep Learning","JavaScript","Machine Learning","OpenCV","Python"],"perks":["Certificate","Job offer"],"openings":"1"},{"url":"/internship/detail/reactjs-development-internship-in-multiple-locations-at-jarvics-technologies1667041155","name":"ReactJS Development","company":"Jarvics Technologies","location":"Chandigarh","duration":"6 Months","stipend":"10,000-15,000 /month","applications":"87 applicants","skills":[],"perks":["Certificate","Letter of recommendation","Flexible work hours","Informal dress code","5 days a week"],"openings":"5"},{"url":"/internship/detail/web-development-internship-in-noida-at-wisdom-tree-ventures-private-limited1667024971","name":"Web Development","company":"Wisdom Tree Ventures Private Limited","location":"Noida","duration":"6 Months","stipend":"15,000-20,000 /month","applications":"143 applicants","skills":["Python"],"perks":["Certificate","Letter of recommendation","Informal dress code"],"openings":"5"},{"url":"/internship/detail/information-technology-manualtesting-internship-in-mumbai-at-grt-global-logistics-private-limited1667027723","name":"Information Technology (ManualTesting)","company":"GRT Global Logistics Private Limited","location":"Mumbai","duration":"3 Months","stipend":"5,000 /month","applications":"48 applicants","skills":[],"perks":["Certificate","Informal dress code"],"openings":"1"},{"url":"/internship/detail/frontend-development-work-from-home-job-internship-at-agile-recruitech-llp1666942101","name":"Frontend Development","company":"Agile RecruiTech LLP","location":"Work From Home","duration":"6 Months","stipend":"4,000 /month","applications":"1000+ applicants","skills":["CSS","HTML","JavaScript"],"perks":["Certificate","Letter of recommendation"],"openings":"2"},{"url":"/internship/detail/vuejs-work-from-home-job-internship-at-neumann-fornax-private-limited1666948089","name":"VueJS","company":"Neumann Fornax Private Limited","location":"Work From Home","duration":"3 Months","stipend":"5,000-10,000 /month","applications":"29 applicants","skills":["AngularJS","ReactJS","Vue Js"],"perks":["Certificate","Letter of recommendation","Flexible work hours","Job offer"],"openings":"3"},{"url":"/internship/detail/javascript-development-work-from-home-job-internship-at-aptcoder1666938560","name":"JavaScript Development","company":"APTCODER","location":"Work From Home","duration":"6 Months","stipend":"5,000 /month","applications":"125 applicants","skills":["JavaScript"],"perks":["Certificate","Letter of recommendation","Flexible work hours","Job offer"],"openings":"2"},{"url":"/internship/detail/frontend-software-development-work-from-home-job-internship-at-iqgateway1666860931","name":"Frontend Software Development","company":"IQGateway","location":"Work From Home","duration":"6 Months","stipend":"22,000 /month","applications":"606 applicants","skills":["Bootstrap","CSS","HTML","JavaScript","ReactJS"],"perks":[],"openings":"10"},{"url":"/internship/detail/javascript-development-work-from-home-job-internship-at-deepthought-edutech-ventures-private-limited1666872528","name":"JavaScript Development","company":"DeepThought Edutech Ventures Private Limited","location":"Work From Home","duration":"6 Months","stipend":"6,000 /month","applications":"375 applicants","skills":["JavaScript"],"perks":[],"openings":"2"},{"url":"/internship/detail/ui-development-work-from-home-job-internship-at-techolution1666850810","name":"UI Development","company":"Techolution","location":"Work From Home","duration":"6 Months","stipend":"15,000 /month + Incentives","applications":"249 applicants","skills":["Algorithms","AngularJS","CSS","Data Structures","HTML","JavaScript","ReactJS"],"perks":["Flexible work hours","5 days a week"],"openings":"3"},{"url":"/internship/detail/backend-development-nodejs-expressjs-work-from-home-job-internship-at-altruism-labs1666808051","name":"Backend Development (Node.js & Express.js)","company":"Altruism Labs","location":"Work From Home","duration":"3 Months","stipend":"1,000 /month + Incentives","applications":"105 applicants","skills":["Express.js","MongoDB","Node.js"],"perks":["Certificate","Letter of recommendation","Flexible work hours"],"openings":"5"},{"url":"/internship/detail/react-native-development-work-from-home-job-internship-at-cwipedia1666796070","name":"React Native Development","company":"Cwipedia","location":"Work From Home","duration":"3 Months","stipend":"1,000 /month","applications":"44 applicants","skills":["JavaScript","React Native"],"perks":[],"openings":"2"},{"url":"/internship/detail/nodejs-development-work-from-home-job-internship-at-karostartup1666684292","name":"Node.js Development","company":"KaroStartup","location":"Work From Home","duration":"3 Months","stipend":"7,000 /month","applications":"463 applicants","skills":["MongoDB","Node.js"],"perks":["Certificate"],"openings":"1"},{"url":"/internship/detail/react-native-app-development-work-from-home-job-internship-at-tridashay-private-limited1666688904","name":"React Native App Development","company":"Tridashay Private Limited","location":"Work From Home","duration":"3 Months","stipend":"1,000 /month","applications":"27 applicants","skills":["Express.js","JavaScript","MEAN/MERN Stack","MongoDB","Node.js","ReactJS","React Native"],"perks":["Certificate","Letter of recommendation"],"openings":"2"},{"url":"/internship/detail/mobile-app-development-internship-in-cochin-at-evelabs-technologies-private-limited1666677404","name":"Mobile App Development","company":"Evelabs Technologies Private Limited","location":"Cochin","duration":"3 Months","stipend":"12,000 /month","applications":"Be an early applicant","skills":["Android","Flutter","React Native","REST API"],"perks":["Certificate","Flexible work hours","Informal dress code","5 days a week"],"openings":"1"}]}