{"success":29,"failed":0,"internships":[{"url":"/internship/detail/desk-field-reporting-internship-in-mumbai-at-true-hunt1667020326","name":"Desk & Field Reporting","company":"True Hunt","location":"Mumbai","duration":"3 Months","stipend":"4,000 /month","applications":"Be an early applicant","skills":[],"perks":["Certificate","Informal dress code"],"openings":"2"},{"url":"/internship/detail/journalism-internship-in-mumbai-at-wagtail-technology1667575801","name":"Journalism","company":"Wagtail Technology","location":"Mumbai","duration":"6 Months","stipend":"5,000-12,000 /month","applications":"Be an early applicant","skills":["Anchoring","Creative Writing","English Proficiency (Spoken)","English Proficiency (Written)","Hindi Proficiency (Spoken)","Report Writing","Video Making"],"perks":["Certificate","Informal dress code","Free snacks & beverages"],"openings":"4"},{"url":"/internship/detail/journalism-news-anchoring-part-time-job-internship-at-delhi-in-unimonks1667552975","name":"Journalism News Anchoring","company":"Unimonks","location":"Delhi","duration":"3 Months","stipend":"3,000-8,000 /month","applications":"33 applicants","skills":["Anchoring"],"perks":["Certificate","Letter of recommendation"],"openings":"3"},{"url":"/internship/detail/media-public-relations-pr-part-time-job-internship-at-mumbai-in-maharashtra-bandhu-news-paper1667551800","name":"Media & Public Relations (PR)","company":"Maharashtra Bandhu News Paper","location":"Mumbai","duration":"4 Months","stipend":"3,000 /month + Incentives","applications":"Be an early applicant","skills":["Adobe Premiere Pro","Canva","Digital Marketing","Report Writing","Search Engine Marketing (SEM)","Video Editing","Video Making"],"perks":["Certificate","Letter of recommendation","Flexible work hours","Free snacks & beverages"],"openings":"8"},{"url":"/internship/detail/news-reporting-work-from-home-job-internship-at-blackcoffer1667549391","name":"News Reporting","company":"Blackcoffer","location":"Work From Home","duration":"6 Months","stipend":"2,000 /month","applications":"28 applicants","skills":["Anchoring","English Proficiency (Spoken)"],"perks":["Certificate","Letter of recommendation","Flexible work hours"],"openings":"20"},{"url":"/internship/detail/journalism-work-from-home-job-internship-at-uttarakhandi1667527259","name":"Journalism","company":"Uttarakhandi","location":"Work From Home","duration":"1 Month","stipend":"2,000 /month","applications":"Be an early applicant","skills":[],"perks":["Certificate","Letter of recommendation"],"openings":"5"},{"url":"/internship/detail/medico-journalism-work-from-home-job-internship-at-the-right-doctors-healthcare-technologies1667378705","name":"Medico Journalism","company":"The Right Doctors Healthcare Technologies","location":"Work From Home","duration":"6 Months","stipend":"5,000 /month","applications":"32 applicants","skills":[],"perks":["Certificate"],"openings":"2"},{"url":"/internship/detail/journalism-ecology-and-travel-work-from-home-job-internship-at-terravellercom1667375917","name":"Journalism (Ecology And Travel)","company":"Terraveller.com","location":"Work From Home","duration":"6 Months","stipend":"5,000 /month","applications":"Be an early applicant","skills":["Blogging","Creative Writing","Digital Marketing","English Proficiency (Spoken)","English Proficiency (Written)","Hindi Proficiency (Spoken)","Hindi Proficiency (Written)","Search Engine Optimization (SEO)","Social Media Marketing"],"perks":["Certificate","Letter of recommendation","Job offer"],"openings":"4"},{"url":"/internship/detail/health-medical-journalism-work-from-home-job-internship-at-medbound-times1667366683","name":"Health & Medical Journalism","company":"MedBound Times","location":"Work From Home","duration":"3 Months","stipend":"10,000 /month","applications":"67 applicants","skills":["English Proficiency (Spoken)","English Proficiency (Written)"],"perks":["Certificate","Letter of recommendation","Flexible work hours"],"openings":"2"},{"url":"/internship/detail/journalism-mass-communication-work-from-home-job-internship-at-startup-naukri1667290299","name":"Journalism & Mass Communication","company":"Startup Naukri","location":"Work From Home","duration":"1 Month","stipend":"1,200 /month","applications":"29 applicants","skills":["English Proficiency (Spoken)","English Proficiency (Written)"],"perks":["Certificate"],"openings":"8"},{"url":"/internship/detail/journalism-content-writing-work-from-home-job-internship-at-market-research-future1667310157","name":"Journalism/Content Writing","company":"Market Research Future","location":"Work From Home","duration":"3 Months","stipend":"5,000 /month","applications":"64 applicants","skills":["Creative Writing","English Proficiency (Written)"],"perks":["Certificate","Letter of recommendation","Flexible work hours","5 days a week","Job offer"],"openings":"10"},{"url":"/internship/detail/journalism-and-news-anchoring-work-from-home-job-internship-at-udaan-the-center-of-theatre-art-child-development1667292529","name":"Journalism And News Anchoring","company":"UDAAN - The Center Of Theatre Art & Child Development","location":"Work From Home","duration":"2 Months","stipend":"Unpaid","applications":"Be an early applicant","skills":["Creative Writing","Digital Marketing","MS-Word","Report Writing"],"perks":["Certificate"],"openings":"10"},{"url":"/internship/detail/journalism-part-time-job-internship-at-muzaffarpur-in-bihar-dastak1667285088","name":"Journalism","company":"Bihar Dastak","location":"Muzaffarpur","duration":"4 Months","stipend":"4,000 /month","applications":"Be an early applicant","skills":["Hindi Proficiency (Spoken)"],"perks":["Certificate","Letter of recommendation","Flexible work hours","Informal dress code","5 days a week"],"openings":"2"},{"url":"/internship/detail/news-collecting-and-reporting-work-from-home-job-internship-at-letmeinform-imedia1667220199","name":"News Collecting And Reporting","company":"LetmeInform Imedia","location":"Work From Home","duration":"6 Months","stipend":"3,000 /month + Incentives","applications":"50 applicants","skills":["English Proficiency (Written)","Social Media Marketing"],"perks":["Letter of recommendation"],"openings":"2"},{"url":"/internship/detail/journalism-work-from-home-job-internship-at-tenet-digital-media1667224937","name":"Journalism","company":"Tenet Digital Media","location":"Work From Home","duration":"2 Months","stipend":"10,000 /month + Incentives","applications":"84 applicants","skills":["English Proficiency (Spoken)","English Proficiency (Written)","Hindi Proficiency (Spoken)","Video Making"],"perks":["Certificate","Letter of recommendation","Flexible work hours","5 days a week","Job offer"],"openings":"5"},{"url":"/internship/detail/content-writing-work-from-home-job-internship-at-rise-corporation1667137577","name":"Content Writing","company":"Rise Corporation","location":"Work From Home","duration":"2 Months","stipend":"1,000-3,000 /month","applications":"92 applicants","skills":["Blogging","Creative Writing","English Proficiency (Written)","Search Engine Optimization (SEO)"],"perks":["Certificate","Letter of recommendation","Flexible work hours","5 days a week","Job offer"],"openings":"4"},{"url":"/internship/detail/journalism-work-from-home-job-internship-at-new-business-strategies-corporation1667161067","name":"Journalism","company":"New Business Strategies Corporation","location":"Work From Home","duration":"3 Months","stipend":"3,000 lump sum + Incentives","applications":"Be an early applicant","skills":["English Proficiency (Spoken)"],"perks":["Certificate","Letter of recommendation","Flexible work hours","5 days a week"],"openings":"2"},{"url":"/internship/detail/news-anchoring-work-from-home-job-internship-at-chandra-times1667065259","name":"News Anchoring","company":"Chandra Times","location":"Work From Home","duration":"5 Months","stipend":"1,000 /month","applications":"45 applicants","skills":["Anchoring"],"perks":["Certificate","Letter of recommendation","Flexible work hours","5 days a week"],"openings":"5"},{"url":"/internship/detail/news-anchoring-and-reporting-internship-in-bhopal-at-pase-solutions-private-limited1666957901","name":"News Anchoring and Reporting","company":"Pase Solutions Private Limited","location":"Bhopal","duration":"1 Month","stipend":"5,000-10,000 /month","applications":"Be an early applicant","skills":[],"perks":["Certificate","Letter of recommendation","Flexible work hours","Informal dress code","Job offer"],"openings":"4"},{"url":"/internship/detail/journalism-work-from-home-job-internship-at-thesocialtalkscom1666883064","name":"Journalism","company":"TheSocialTalks.com","location":"Work From Home","duration":"2 Months","stipend":"1,000-1,200 /month","applications":"44 applicants","skills":["Creative Writing","English Proficiency (Spoken)","Report Writing"],"perks":["Certificate","Letter of recommendation","Flexible work hours","5 days a week"],"openings":"5"},{"url":"/internship/detail/live-news-anchoring-internship-in-ahmedabad-at-zeeshan-shaikh-training-system1666871162","name":"Live News Anchoring","company":"Zeeshan Shaikh Training System","location":"Ahmedabad","duration":"5 Months","stipend":"20,000 /month","applications":"Be an early applicant","skills":["English Proficiency (Spoken)","English Proficiency (Written)","Hindi Proficiency (Spoken)","Hindi Proficiency (Written)"],"perks":["Certificate","Letter of recommendation"],"openings":"2"},{"url":"/internship/detail/content-writing-internship-in-gurgaon-at-desh-duniya-media-production-private-limited1666847049","name":"Content Writing","company":"Desh Duniya Media Production Private Limited","location":"Gurgaon","duration":"6 Months","stipend":"10,000 /month","applications":"Be an early applicant","skills":["Blogging","Creative Writing","English Proficiency (Spoken)","English Proficiency (Written)"],"perks":["Certificate"],"openings":"2"},{"url":"/internship/detail/journalism-english-work-from-home-job-internship-at-newsgram1666761669","name":"Journalism (English)","company":"NewsGram","location":"Work From Home","duration":"6 Months","stipend":"10,000 /month","applications":"67 applicants","skills":["English Proficiency (Spoken)","English Proficiency (Written)","Search Engine Optimization (SEO)"],"perks":["Certificate","Flexible work hours","Job offer"],"openings":"2"},{"url":"/internship/detail/journalism-work-from-home-job-internship-at-learningave1666544225","name":"Journalism","company":"LearningAve","location":"Work From Home","duration":"3 Months","stipend":"1,000 /month","applications":"Be an early applicant","skills":["Canva","English Proficiency (Spoken)","English Proficiency (Written)","Hindi Proficiency (Spoken)"],"perks":["Certificate","Letter of recommendation","Flexible work hours"],"openings":"1"},{"url":"/internship/detail/mass-communication-work-from-home-job-internship-at-ruhcom-enterprises-private-limited1666493098","name":"Mass Communication","company":"Ruhcom Enterprises Private Limited","location":"Work From Home","duration":"3 Months","stipend":"5,000 /month","applications":"50 applicants","skills":["Anchoring","Creative Writing","English Proficiency (Spoken)","English Proficiency (Written)","Hindi Proficiency (Spoken)","Video Editing","Video Making"],"perks":["Certificate","Flexible work hours","Job offer"],"openings":"1"},{"url":"/internship/detail/journalism-internship-in-delhi-at-royal-clusters1666335633","name":"Journalism","company":"Royal Clusters","location":"Delhi","duration":"4 Months","stipend":"5,000 /month","applications":"Be an early applicant","skills":["Anchoring","Creative Writing","Digital Marketing","English Proficiency (Spoken)","English Proficiency (Written)","Hindi Proficiency (Spoken)","Hindi Proficiency (Written)","Report Writing","Social Media Marketing","Video Editing","Video Making"],"perks":["Certificate","Flexible work hours","Informal dress code"],"openings":"2"},{"url":"/internship/detail/video-journalism-show-hosting-work-from-home-job-internship-at-uff-foods-private-limited1665657462","name":"Video Journalism/Show Hosting","company":"UFF Foods Private Limited","location":"Work From Home","duration":"3 Months","stipend":"8,000 /month","applications":"135 applicants","skills":["English Proficiency (Spoken)","Hindi Proficiency (Spoken)"],"perks":["Certificate","Flexible work hours","Job offer"],"openings":"1"},{"url":"/internship/detail/journalism-work-from-home-job-internship-at-techstory1665324563","name":"Journalism","company":"Techstory","location":"Work From Home","duration":"6 Months","stipend":"6,000 /month","applications":"119 applicants","skills":["English Proficiency (Spoken)","English Proficiency (Written)"],"perks":["Certificate","Letter of recommendation","Flexible work hours"],"openings":"10"},{"url":"/internship/detail/journalism-internship-in-mumbai-at-medius-technologies-private-limited1665235394","name":"Journalism","company":"Medius Technologies Private Limited","location":"Mumbai","duration":"6 Months","stipend":"8,000 /month","applications":"111 applicants","skills":["English Proficiency (Spoken)","English Proficiency (Written)","Financial Modeling"],"perks":[],"openings":"2"}]}