{"success":40,"failed":0,"internships":[{"url":"/internship/detail/law-legal-internship-in-delhi-at-eagle-vision-services-private-limited1667481560","name":"Law/Legal","company":"Eagle Vision Services Private Limited","location":"Delhi","duration":"1 Month","stipend":"8,000 /month","applications":"65 applicants","skills":[],"perks":["Certificate","Job offer"],"openings":"4"},{"url":"/internship/detail/law-legal-work-from-home-job-internship-at-ytviews-digital-media-private-limited1667633859","name":"Law/Legal","company":"YTViews Digital Media Private Limited","location":"Work From Home","duration":"3 Months","stipend":"5,000-7,000 /month","applications":"Be an early applicant","skills":[],"perks":["Certificate","Letter of recommendation","Flexible work hours","5 days a week"],"openings":"5"},{"url":"/internship/detail/multi-department-internship-in-gurgaon-at-ambition-colonisers-pvt-ltd1667581214","name":"Multi Department","company":"Ambition Colonisers Pvt Ltd","location":"Gurgaon","duration":"3 Months","stipend":"2,500-5,000 /month","applications":"Be an early applicant","skills":["Accounting","English Proficiency (Spoken)","English Proficiency (Written)","Enterprise Resource Planning(ERP)","Google Workspace","MS-Excel","MS-Word"],"perks":["Certificate","Letter of recommendation","Flexible work hours","Informal dress code"],"openings":"2"},{"url":"/internship/detail/law-legal-work-from-home-job-internship-at-nyucrush1667546118","name":"Law/Legal","company":"NyuCrush","location":"Work From Home","duration":"6 Months","stipend":"6,000-10,000 /month","applications":"71 applicants","skills":["English Proficiency (Spoken)","English Proficiency (Written)","MS-Office","MS-Word"],"perks":["Certificate"],"openings":"1"},{"url":"/internship/detail/law-legal-internship-in-mumbai-at-ragini-singh-and-associates1667547234","name":"Law/Legal","company":"Ragini Singh And Associates","location":"Mumbai","duration":"2 Months","stipend":"5,000-10,000 /month","applications":"47 applicants","skills":["English Proficiency (Spoken)","English Proficiency (Written)","MS-Office"],"perks":["Certificate","Letter of recommendation"],"openings":"2"},{"url":"/internship/detail/law-legal-internship-in-delhi-at-manish-paliwal-legaltick1667569888","name":"Law/Legal","company":"Manish Paliwal (Legaltick)","location":"Delhi","duration":"6 Months","stipend":"5,000 /month","applications":"Be an early applicant","skills":[],"perks":["Certificate"],"openings":"2"},{"url":"/internship/detail/law-legal-internship-in-delhi-at-mohit-khatri1667463144","name":"Law/Legal","company":"Mohit Khatri","location":"Delhi","duration":"1 Month","stipend":"3,000 /month","applications":"Be an early applicant","skills":["English Proficiency (Written)","Hindi Proficiency (Spoken)","MS-Office"],"perks":["Certificate","Flexible work hours"],"openings":"2"},{"url":"/internship/detail/law-legal-work-from-home-job-internship-at-lawdocs1667464497","name":"Law/Legal","company":"LawDocs","location":"Work From Home","duration":"4 Weeks","stipend":"Unpaid","applications":"45 applicants","skills":["English Proficiency (Spoken)","English Proficiency (Written)","MS-Office"],"perks":["Certificate","Flexible work hours","5 days a week","Job offer"],"openings":"20"},{"url":"/internship/detail/text-solutions-compact-answering-physics-business-studies-mathematics-law-humanities-work-from-home-job-internship-at-cloudbird-digital-private-limited1667555196","name":"Text Solutions - Compact Answering (Physics/Business Studies/Mathematics/Law/Humanities)","company":"CloudBird Digital Private Limited","location":"Work From Home","duration":"3 Months","stipend":"7,000-8,000 /month","applications":"151 applicants","skills":["Accounting","Mathematics","Physics"],"perks":["Certificate","Flexible work hours"],"openings":"20"},{"url":"/internship/detail/law-legal-internship-in-multiple-locations-at-prakash-cs1667482913","name":"Law/Legal","company":"Prakash CS","location":"Bangalore","duration":"3 Months","stipend":"Unpaid","applications":"Be an early applicant","skills":["Kannada Proficiency (Spoken)","Kannada Proficiency (Written)"],"perks":["Certificate","Letter of recommendation"],"openings":"2"},{"url":"/internship/detail/law-legal-internship-in-delhi-at-deepak-sharma-associates1667535321","name":"Law/Legal","company":"Deepak Sharma & Associates","location":"Delhi","duration":"2 Months","stipend":"5,000 /month","applications":"Be an early applicant","skills":["English Proficiency (Written)","MS-Office","MS-Word"],"perks":["Certificate","Letter of recommendation"],"openings":"2"},{"url":"/internship/detail/law-legal-work-from-home-job-internship-at-legal-lore1667476170","name":"Law/Legal","company":"Legal-lore","location":"Work From Home","duration":"1 Month","stipend":"Unpaid","applications":"Be an early applicant","skills":[],"perks":["Certificate","Flexible work hours","5 days a week"],"openings":"20"},{"url":"/internship/detail/law-legal-internship-in-gurgaon-at-priya-wason1667490604","name":"Law/Legal","company":"Priya Wason","location":"Gurgaon","duration":"6 Months","stipend":"3,500-5,000 /month","applications":"Be an early applicant","skills":["English Proficiency (Spoken)","English Proficiency (Written)","MS-Office","MS-Word"],"perks":["Certificate","Letter of recommendation","Flexible work hours","Informal dress code","Free snacks & beverages"],"openings":"2"},{"url":"/internship/detail/law-legal-internship-in-mumbai-at-bombay-powerco-private-limited1667541365","name":"Law/Legal","company":"Bombay Powerco Private Limited","location":"Mumbai","duration":"3 Months","stipend":"7,000-12,000 /month","applications":"29 applicants","skills":["English Proficiency (Written)","MS-Office","MS-Word"],"perks":["Certificate"],"openings":"1"},{"url":"/internship/detail/law-legal-work-from-home-job-internship-at-law-insider1667286304","name":"Law/Legal","company":"Law Insider","location":"Work From Home","duration":"4 Months","stipend":"Unpaid","applications":"Be an early applicant","skills":[],"perks":["Certificate","Letter of recommendation","Flexible work hours"],"openings":"5"},{"url":"/internship/detail/law-legal-internship-in-mumbai-at-shankarlal-raheja1667478065","name":"Law/Legal","company":"Shankarlal Raheja","location":"Mumbai","duration":"2 Months","stipend":"2,000 /month","applications":"30 applicants","skills":[],"perks":["Certificate"],"openings":"1"},{"url":"/internship/detail/law-legal-work-from-home-job-internship-at-tax-real-time1667472067","name":"Law/Legal","company":"Tax Real Time","location":"Work From Home","duration":"6 Months","stipend":"2,000 /month","applications":"32 applicants","skills":[],"perks":["Flexible work hours"],"openings":"2"},{"url":"/internship/detail/office-assistance-internship-in-gurgaon-at-advocate-manisha-singh-tomar1667468654","name":"Office Assistance","company":"Advocate Manisha Singh (Tomar)","location":"Gurgaon","duration":"5 Months","stipend":"2,000-5,000 /month","applications":"Be an early applicant","skills":["MS-Excel","MS-Office","MS-Word"],"perks":["Certificate","Letter of recommendation","Free snacks & beverages","Job offer"],"openings":"3"},{"url":"/internship/detail/law-legal-work-from-home-job-internship-at-apaizers1667402392","name":"Law/Legal","company":"Apaizers","location":"Work From Home","duration":"6 Months","stipend":"10,000 /month","applications":"Be an early applicant","skills":["Audacity","Audio Editing","Audio Making","Canva","Digital Marketing","Hindi Proficiency (Spoken)","MS-PowerPoint","Social Media Marketing","Video Editing","Video Making"],"perks":["Certificate","Job offer"],"openings":"1"},{"url":"/internship/detail/law-legal-work-from-home-job-internship-at-vidhinama-education-and-research-centre-llp1667393872","name":"Law/Legal","company":"VidhiNama Education And Research Centre LLP","location":"Work From Home","duration":"2 Months","stipend":"Unpaid","applications":"Be an early applicant","skills":["English Proficiency (Written)","MS-Office","MS-Word"],"perks":["Certificate"],"openings":"5"},{"url":"/internship/detail/law-legal-part-time-job-internship-at-delhi-in-s-p-singh-advocate-and-associates1667379284","name":"Law/Legal","company":"S P Singh Advocate And Associates","location":"Delhi","duration":"3 Months","stipend":"Unpaid","applications":"Be an early applicant","skills":["English Proficiency (Spoken)","English Proficiency (Written)"],"perks":["Certificate","Letter of recommendation","5 days a week","Free snacks & beverages"],"openings":"2"},{"url":"/internship/detail/law-legal-internship-in-mumbai-at-karma-management-consultants-private-limited1667383198","name":"Law/Legal","company":"Karma Management Consultants Private Limited","location":"Mumbai","duration":"3 Months","stipend":"3,000 /month","applications":"Be an early applicant","skills":["Labour laws"],"perks":["Certificate","Flexible work hours"],"openings":"1"},{"url":"/internship/detail/law-legal-internship-in-delhi-at-rr-legal-partners1667385830","name":"Law/Legal","company":"RR Legal Partners","location":"Delhi","duration":"2 Months","stipend":"Unpaid","applications":"Be an early applicant","skills":["English Proficiency (Spoken)","English Proficiency (Written)","MS-Office","MS-Word"],"perks":["Certificate","Flexible work hours"],"openings":"1"},{"url":"/internship/detail/law-legal-work-from-home-job-internship-at-patfrigate-solutions-private-limited1667453943","name":"Law/Legal","company":"Patfrigate Solutions Private Limited","location":"Work From Home","duration":"3 Months","stipend":"3,000 /month","applications":"27 applicants","skills":[],"perks":["Certificate"],"openings":"2"},{"url":"/internship/detail/law-legal-work-from-home-job-internship-at-sambhaj1667403078","name":"Law/Legal","company":"Sambhaj","location":"Work From Home","duration":"1 Month","stipend":"Unpaid","applications":"41 applicants","skills":["MS-Excel","MS-PowerPoint","MS-Word"],"perks":["Certificate","Letter of recommendation","Flexible work hours"],"openings":"15"},{"url":"/internship/detail/law-legal-internship-in-mumbai-at-talent-corner-hr-services1667394884","name":"Law/Legal","company":"Talent Corner HR Services","location":"Mumbai","duration":"3 Months","stipend":"10,000-15,000 lump sum","applications":"48 applicants","skills":["Business Research","Market Research"],"perks":["Certificate"],"openings":"5"},{"url":"/internship/detail/law-legal-internship-in-pune-at-advocate-richa-pidiha1667393460","name":"Law/Legal","company":"Advocate Richa Pidiha","location":"Pune","duration":"6 Months","stipend":"2,000 /month","applications":"Be an early applicant","skills":[],"perks":["Certificate"],"openings":"2"},{"url":"/internship/detail/law-legal-work-from-home-job-internship-at-rahul-kolge1667370083","name":"Law/Legal","company":"Rahul Kolge","location":"Work From Home","duration":"6 Months","stipend":"5,000-10,000 /month","applications":"59 applicants","skills":["Content Writing","Search Engine Optimization (SEO)","WordPress"],"perks":["Certificate","Letter of recommendation","Flexible work hours","5 days a week"],"openings":"3"},{"url":"/internship/detail/law-legal-internship-in-kolkata-at-matrading-and-financing-private-limited1667389434","name":"Law/Legal","company":"M.A.Trading And Financing Private Limited","location":"Kolkata","duration":"6 Months","stipend":"7,000 /month","applications":"Be an early applicant","skills":["English Proficiency (Spoken)","English Proficiency (Written)","MS-Office"],"perks":["Certificate","Letter of recommendation","Informal dress code"],"openings":"1"},{"url":"/internship/detail/law-legal-part-time-job-internship-at-pune-in-ketan-jog1667387862","name":"Law/Legal","company":"Ketan Jog","location":"Pune","duration":"2 Months","stipend":"2,000 /month","applications":"Be an early applicant","skills":["English Proficiency (Spoken)"],"perks":["Flexible work hours","5 days a week"],"openings":"1"},{"url":"/internship/detail/research-policy-making-internship-in-gurgaon-at-areness-foundation1667387837","name":"Research & Policy Making","company":"Areness Foundation","location":"Gurgaon","duration":"3 Months","stipend":"5,000 /month","applications":"Be an early applicant","skills":["Research and Analytics"],"perks":["Certificate","Letter of recommendation","5 days a week"],"openings":"3"},{"url":"/internship/detail/commercial-accounts-legal-internship-in-multiple-locations-at-mpower-energy-company-private-limited1667368632","name":"Commercial (Accounts & Legal)","company":"Mpower Energy Company Private Limited","location":"Pune","duration":"6 Months","stipend":"2,500 /month + Incentives","applications":"Be an early applicant","skills":[],"perks":["Certificate"],"openings":"6"},{"url":"/internship/detail/law-legal-work-from-home-job-internship-at-opstree1667311949","name":"Law/Legal","company":"OpsTree","location":"Work From Home","duration":"3 Months","stipend":"8,000 /month","applications":"142 applicants","skills":["English Proficiency (Spoken)","English Proficiency (Written)","Financial literacy","Google Workspace","MS-Excel","MS-Office","MS-PowerPoint","MS-Word"],"perks":["Certificate"],"openings":"1"},{"url":"/internship/detail/law-legal-internship-in-delhi-at-supreme-law-chamber1667347936","name":"Law/Legal","company":"Supreme Law Chamber","location":"Delhi","duration":"6 Months","stipend":"Unpaid","applications":"Be an early applicant","skills":["MS-Word"],"perks":["Certificate"],"openings":"3"},{"url":"/internship/detail/law-legal-work-from-home-job-internship-at-the-youth-edge1667364004","name":"Law/Legal","company":"The Youth Edge","location":"Work From Home","duration":"2 Months","stipend":"Unpaid","applications":"33 applicants","skills":["English Proficiency (Spoken)","Microsoft PowerApps"],"perks":["Certificate","Letter of recommendation","Job offer"],"openings":"6"},{"url":"/internship/detail/law-legal-work-from-home-job-internship-at-law-insider1667286482","name":"Law/Legal","company":"Law Insider","location":"Work From Home","duration":"4 Months","stipend":"1,500-2,500 /month","applications":"58 applicants","skills":[],"perks":["Certificate","Letter of recommendation","Flexible work hours"],"openings":"5"},{"url":"/internship/detail/law-legal-internship-in-delhi-at-best-roadways-limited1667286010","name":"Law/Legal","company":"Best Roadways Limited","location":"Delhi","duration":"6 Months","stipend":"6,000-10,000 /month","applications":"78 applicants","skills":["English Proficiency (Spoken)","English Proficiency (Written)","MS-Office"],"perks":["Certificate","Letter of recommendation","Free snacks & beverages"],"openings":"1"},{"url":"/internship/detail/law-legal-internship-in-delhi-at-skk-associates1667310313","name":"Law/Legal","company":"SKK Associates","location":"Delhi","duration":"3 Months","stipend":"3,500 /month","applications":"35 applicants","skills":["MS-Office"],"perks":["Certificate","Letter of recommendation","Informal dress code"],"openings":"5"},{"url":"/internship/detail/law-legal-internship-in-delhi-at-satyarth-legal1667309449","name":"Law/Legal","company":"Satyarth Legal","location":"Delhi","duration":"3 Months","stipend":"2,000 /month","applications":"28 applicants","skills":[],"perks":["Certificate"],"openings":"2"},{"url":"/internship/detail/law-legal-work-from-home-job-internship-at-estartindia-private-limited1667293483","name":"Law/Legal","company":"EstartIndia Private Limited","location":"Work From Home","duration":"6 Months","stipend":"2,000-5,000 /month","applications":"84 applicants","skills":["Creative Writing","English Proficiency (Written)","MS-Office","Research and Analytics"],"perks":["Certificate"],"openings":"5"}]}