{"success":40,"failed":0,"internships":[{"url":"/internship/detail/multi-department-internship-in-gurgaon-at-ambition-colonisers-pvt-ltd1667581214","name":"Multi Department","company":"Ambition Colonisers Pvt Ltd","location":"Gurgaon","duration":"3 Months","stipend":"2,500-5,000 /month","applications":"Be an early applicant","skills":["Accounting","English Proficiency (Spoken)","English Proficiency (Written)","Enterprise Resource Planning(ERP)","Google Workspace","MS-Excel","MS-Word"],"perks":["Certificate","Letter of recommendation","Flexible work hours","Informal dress code"],"openings":"2"},{"url":"/internship/detail/law-legal-work-from-home-job-internship-at-lawdocs1667464497","name":"Law/Legal","company":"LawDocs","location":"Work From Home","duration":"4 Weeks","stipend":"Unpaid","applications":"45 applicants","skills":["English Proficiency (Spoken)","English Proficiency (Written)","MS-Office"],"perks":["Certificate","Flexible work hours","5 days a week","Job offer"],"openings":"20"},{"url":"/internship/detail/law-legal-work-from-home-job-internship-at-legal-lore1667476170","name":"Law/Legal","company":"Legal-lore","location":"Work From Home","duration":"1 Month","stipend":"Unpaid","applications":"Be an early applicant","skills":[],"perks":["Certificate","Flexible work hours","5 days a week"],"openings":"20"},{"url":"/internship/detail/law-legal-work-from-home-job-internship-at-law-insider1667286304","name":"Law/Legal","company":"Law Insider","location":"Work From Home","duration":"4 Months","stipend":"Unpaid","applications":"Be an early applicant","skills":[],"perks":["Certificate","Letter of recommendation","Flexible work hours"],"openings":"5"},{"url":"/internship/detail/law-legal-work-from-home-job-internship-at-apaizers1667402392","name":"Law/Legal","company":"Apaizers","location":"Work From Home","duration":"6 Months","stipend":"10,000 /month","applications":"Be an early applicant","skills":["Audacity","Audio Editing","Audio Making","Canva","Digital Marketing","Hindi Proficiency (Spoken)","MS-PowerPoint","Social Media Marketing","Video Editing","Video Making"],"perks":["Certificate","Job offer"],"openings":"1"},{"url":"/internship/detail/law-legal-part-time-job-internship-at-delhi-in-s-p-singh-advocate-and-associates1667379284","name":"Law/Legal","company":"S P Singh Advocate And Associates","location":"Delhi","duration":"3 Months","stipend":"Unpaid","applications":"Be an early applicant","skills":["English Proficiency (Spoken)","English Proficiency (Written)"],"perks":["Certificate","Letter of recommendation","5 days a week","Free snacks & beverages"],"openings":"2"},{"url":"/internship/detail/law-legal-internship-in-delhi-at-rr-legal-partners1667385830","name":"Law/Legal","company":"RR Legal Partners","location":"Delhi","duration":"2 Months","stipend":"Unpaid","applications":"Be an early applicant","skills":["English Proficiency (Spoken)","English Proficiency (Written)","MS-Office","MS-Word"],"perks":["Certificate","Flexible work hours"],"openings":"1"},{"url":"/internship/detail/law-legal-work-from-home-job-internship-at-opstree1667311949","name":"Law/Legal","company":"OpsTree","location":"Work From Home","duration":"3 Months","stipend":"8,000 /month","applications":"142 applicants","skills":["English Proficiency (Spoken)","English Proficiency (Written)","Financial literacy","Google Workspace","MS-Excel","MS-Office","MS-PowerPoint","MS-Word"],"perks":["Certificate"],"openings":"1"},{"url":"/internship/detail/law-legal-work-from-home-job-internship-at-law-insider1667286482","name":"Law/Legal","company":"Law Insider","location":"Work From Home","duration":"4 Months","stipend":"1,500-2,500 /month","applications":"58 applicants","skills":[],"perks":["Certificate","Letter of recommendation","Flexible work hours"],"openings":"5"},{"url":"/internship/detail/law-legal-work-from-home-job-internship-at-legalvise1667246040","name":"Law/Legal","company":"Legalvise","location":"Work From Home","duration":"2 Months","stipend":"Unpaid","applications":"40 applicants","skills":[],"perks":["Certificate","Flexible work hours","5 days a week"],"openings":"10"},{"url":"/internship/detail/law-legal-work-from-home-job-internship-at-vedanta-yadav1667242321","name":"Law/Legal","company":"Vedanta Yadav","location":"Work From Home","duration":"3 Months","stipend":"Unpaid","applications":"36 applicants","skills":[],"perks":["Certificate","Letter of recommendation","Flexible work hours","Job offer"],"openings":"5"},{"url":"/internship/detail/law-legal-work-from-home-job-internship-at-lenin-raj-k1667196789","name":"Law/Legal","company":"Lenin Raj K","location":"Work From Home","duration":"1 Month","stipend":"Unpaid","applications":"50 applicants","skills":["English Proficiency (Written)","MS-Office"],"perks":["Certificate","Flexible work hours"],"openings":"3"},{"url":"/internship/detail/legal-data-management-internship-in-ahmedabad-at-tulja-estate-private-limited1667198028","name":"Legal Data Management","company":"Tulja Estate Private Limited","location":"Ahmedabad","duration":"2 Months","stipend":"5,500 /month","applications":"Be an early applicant","skills":["English Proficiency (Spoken)","English Proficiency (Written)","MS-Office"],"perks":["Certificate","Letter of recommendation"],"openings":"5"},{"url":"/internship/detail/law-legal-internship-in-delhi-at-advocate-sk-garg1667136986","name":"Law/Legal","company":"Advocate SK Garg","location":"Delhi","duration":"1 Month","stipend":"Unpaid","applications":"29 applicants","skills":[],"perks":["Certificate","Letter of recommendation"],"openings":"5"},{"url":"/internship/detail/law-legal-work-from-home-job-internship-at-law-pulse1667065175","name":"Law/Legal","company":"Law Pulse","location":"Work From Home","duration":"1 Month","stipend":"Unpaid","applications":"51 applicants","skills":[],"perks":["Certificate","Letter of recommendation","Flexible work hours"],"openings":"3"},{"url":"/internship/detail/law-legal-internship-in-mumbai-at-lakshyavedhi-legal1667023887","name":"Law/Legal","company":"Lakshyavedhi Legal","location":"Mumbai","duration":"6 Months","stipend":"5,000 /month","applications":"97 applicants","skills":[],"perks":[],"openings":"2"},{"url":"/internship/detail/law-legal-internship-in-delhi-at-amar-saini1666966908","name":"Law/Legal","company":"Amar Saini","location":"Delhi","duration":"6 Months","stipend":"Unpaid","applications":"Be an early applicant","skills":[],"perks":["Certificate","Letter of recommendation"],"openings":"2"},{"url":"/internship/detail/law-legal-internship-in-chennai-at-vakilsearch1666861707","name":"Law/Legal","company":"Vakilsearch","location":"Chennai","duration":"2 Months","stipend":"10,000 /month","applications":"44 applicants","skills":[],"perks":[],"openings":"2"},{"url":"/internship/detail/law-legal-internship-in-delhi-at-lawgical-associates1666937734","name":"Law/Legal","company":"Lawgical Associates","location":"Delhi","duration":"1 Month","stipend":"Unpaid","applications":"45 applicants","skills":[],"perks":[],"openings":"4"},{"url":"/internship/detail/law-legal-internship-in-bangalore-at-sugarbox-networks-zee-entertainment-group1666761289","name":"Law/Legal","company":"SugarBox Networks (Zee Entertainment Group)","location":"Bangalore","duration":"2 Months","stipend":"6,000 /month","applications":"91 applicants","skills":["English Proficiency (Spoken)","English Proficiency (Written)","MS-Word"],"perks":["Certificate","Flexible work hours","5 days a week"],"openings":"1"},{"url":"/internship/detail/law-legal-internship-in-delhi-at-hamari-pahchan-ngo1666783496","name":"Law/ Legal","company":"Hamari Pahchan NGO","location":"Delhi","duration":"1 Month","stipend":"2,000-6,000 /month","applications":"95 applicants","skills":["English Proficiency (Spoken)","English Proficiency (Written)"],"perks":["Certificate","Letter of recommendation","Flexible work hours","Free snacks & beverages"],"openings":"4"},{"url":"/internship/detail/legal-research-internship-in-delhi-at-lloyd-harrington-australia-proprietary-limited1666582736","name":"Legal Research","company":"Lloyd Harrington Australia Proprietary Limited","location":"Delhi","duration":"6 Months","stipend":"10,000 /month","applications":"77 applicants","skills":["Creative Writing","English Proficiency (Spoken)","English Proficiency (Written)","Research and Analytics"],"perks":["Certificate"],"openings":"2"},{"url":"/internship/detail/legal-research-analysis-internship-in-ahmedabad-at-lloyd-harrington-australia-proprietary-limited1666582581","name":"Legal Research Analysis","company":"Lloyd Harrington Australia Proprietary Limited","location":"Ahmedabad","duration":"6 Months","stipend":"10,000 /month","applications":"Be an early applicant","skills":["Business Analysis","Creative Writing","English Proficiency (Spoken)","English Proficiency (Written)","Research and Analytics"],"perks":["Certificate","Job offer"],"openings":"2"},{"url":"/internship/detail/legal-research-analysis-internship-in-patiala-at-lloyd-harrington-australia-proprietary-limited1666582147","name":"Legal Research Analysis","company":"Lloyd Harrington Australia Proprietary Limited","location":"Patiala","duration":"6 Months","stipend":"10,000 /month","applications":"Be an early applicant","skills":["Business Analysis","Creative Writing","English Proficiency (Spoken)","English Proficiency (Written)","Research and Analytics"],"perks":["Certificate"],"openings":"2"},{"url":"/internship/detail/legal-research-analysis-internship-in-pune-at-lloyd-harrington-australia-proprietary-limited1666582210","name":"Legal Research Analysis","company":"Lloyd Harrington Australia Proprietary Limited","location":"Pune","duration":"6 Months","stipend":"10,000 /month","applications":"76 applicants","skills":["Business Analysis","Creative Writing","English Proficiency (Spoken)","English Proficiency (Written)","Research and Analytics"],"perks":["Certificate","Job offer"],"openings":"2"},{"url":"/internship/detail/legal-research-analysis-internship-in-debipur-at-lloyd-harrington-australia-proprietary-limited1666582236","name":"Legal Research Analysis","company":"Lloyd Harrington Australia Proprietary Limited","location":"Debipur","duration":"6 Months","stipend":"10,000 /month","applications":"Be an early applicant","skills":["Business Research","Creative Writing","English Proficiency (Spoken)","Research and Analytics"],"perks":["Certificate"],"openings":"2"},{"url":"/internship/detail/legal-research-analysis-internship-in-kharagpur-at-lloyd-harrington-australia-proprietary-limited1666582256","name":"Legal Research Analysis","company":"Lloyd Harrington Australia Proprietary Limited","location":"Kharagpur","duration":"6 Months","stipend":"10,000 /month","applications":"Be an early applicant","skills":["Business Analysis","Creative Writing","English Proficiency (Spoken)","English Proficiency (Written)","Research and Analytics"],"perks":["Certificate","Job offer"],"openings":"2"},{"url":"/internship/detail/legal-research-analysis-internship-in-lucknow-at-lloyd-harrington-australia-proprietary-limited1666582338","name":"Legal Research Analysis","company":"Lloyd Harrington Australia Proprietary Limited","location":"Lucknow","duration":"6 Months","stipend":"10,000 /month","applications":"Be an early applicant","skills":["Business Analysis","Creative Writing","English Proficiency (Spoken)","English Proficiency (Written)","Research and Analytics"],"perks":["Certificate","Job offer"],"openings":"2"},{"url":"/internship/detail/legal-research-analysis-internship-in-bhopal-at-lloyd-harrington-australia-proprietary-limited1666582356","name":"Legal Research Analysis","company":"Lloyd Harrington Australia Proprietary Limited","location":"Bhopal","duration":"6 Months","stipend":"10,000 /month","applications":"Be an early applicant","skills":["Business Research","Creative Writing","English Proficiency (Spoken)","English Proficiency (Written)","Research and Analytics"],"perks":["Certificate","Job offer"],"openings":"2"},{"url":"/internship/detail/legal-research-analysis-internship-in-gandhinagar-at-lloyd-harrington-australia-proprietary-limited1666582400","name":"Legal Research Analysis","company":"Lloyd Harrington Australia Proprietary Limited","location":"Gandhinagar","duration":"6 Months","stipend":"10,000 /month","applications":"Be an early applicant","skills":["Business Analysis","English Proficiency (Spoken)","English Proficiency (Written)","Research and Analytics"],"perks":["Certificate","Job offer"],"openings":"2"},{"url":"/internship/detail/legal-research-analysis-internship-in-bangalore-at-lloyd-harrington-australia-proprietary-limited1666582416","name":"Legal Research Analysis","company":"Lloyd Harrington Australia Proprietary Limited","location":"Bangalore","duration":"6 Months","stipend":"10,000 /month","applications":"59 applicants","skills":["Business Analysis","Creative Writing","English Proficiency (Spoken)","English Proficiency (Written)","Research and Analytics"],"perks":["Certificate","Job offer"],"openings":"2"},{"url":"/internship/detail/legal-research-analysis-internship-in-kerala-at-lloyd-harrington-australia-proprietary-limited1666582436","name":"Legal Research Analysis","company":"Lloyd Harrington Australia Proprietary Limited","location":"Kerala","duration":"6 Months","stipend":"10,000 /month","applications":"Be an early applicant","skills":["Business Analysis","Creative Writing","English Proficiency (Spoken)","English Proficiency (Written)","Research and Analytics"],"perks":["Certificate"],"openings":"2"},{"url":"/internship/detail/legal-research-analysis-internship-in-rajasthan-at-lloyd-harrington-australia-proprietary-limited1666582457","name":"Legal Research Analysis","company":"Lloyd Harrington Australia Proprietary Limited","location":"Rajasthan","duration":"6 Months","stipend":"10,000 /month","applications":"Be an early applicant","skills":["Business Research","Creative Writing","Research and Analytics"],"perks":["Certificate"],"openings":"2"},{"url":"/internship/detail/legal-research-analysis-internship-in-hyderabad-at-lloyd-harrington-australia-proprietary-limited1666582528","name":"Legal Research Analysis","company":"Lloyd Harrington Australia Proprietary Limited","location":"Hyderabad","duration":"6 Months","stipend":"10,000 /month","applications":"Be an early applicant","skills":[],"perks":["Certificate"],"openings":"2"},{"url":"/internship/detail/legal-research-analysis-internship-in-chennai-at-lloyd-harrington-australia-proprietary-limited1666582540","name":"Legal Research Analysis","company":"Lloyd Harrington Australia Proprietary Limited","location":"Chennai","duration":"6 Months","stipend":"10,000 /month","applications":"Be an early applicant","skills":["Business Analysis","Creative Writing","Research and Analytics"],"perks":["Certificate","Job offer"],"openings":"2"},{"url":"/internship/detail/legal-research-analysis-internship-in-kolkata-at-lloyd-harrington-australia-proprietary-limited1666582553","name":"Legal Research Analysis","company":"Lloyd Harrington Australia Proprietary Limited","location":"Kolkata","duration":"6 Months","stipend":"10,000 /month","applications":"40 applicants","skills":["Business Research","Creative Writing","English Proficiency (Spoken)","English Proficiency (Written)","Research and Analytics"],"perks":["Certificate","Job offer"],"openings":"2"},{"url":"/internship/detail/law-legal-work-from-home-job-internship-at-supriya-anand1666510417","name":"Law/Legal","company":"Supriya Anand","location":"Work From Home","duration":"3 Months","stipend":"Unpaid","applications":"58 applicants","skills":["English Proficiency (Spoken)","English Proficiency (Written)","MS-Excel"],"perks":["Certificate","Letter of recommendation","Flexible work hours","5 days a week"],"openings":"10"},{"url":"/internship/detail/law-legal-work-from-home-job-internship-at-truth-and-youth-tay1666458265","name":"Law/Legal","company":"Truth And Youth (TAY)","location":"Work From Home","duration":"1 Month","stipend":"Unpaid","applications":"112 applicants","skills":["English Proficiency (Written)","MS-Word","Report Writing"],"perks":["Certificate","Letter of recommendation","Flexible work hours","5 days a week"],"openings":"10"},{"url":"/internship/detail/law-legal-internship-in-pune-pimpri-chinchwad-at-exa-mobility-india-private-limited1665405208","name":"Law/Legal","company":"Exa Mobility India Private Limited","location":"Pune","duration":"3 Months","stipend":"7,000-12,000 /month","applications":"129 applicants","skills":["Creative Writing","English Proficiency (Spoken)","English Proficiency (Written)","MS-Office","Report Writing"],"perks":["Certificate","Letter of recommendation","Flexible work hours","Job offer"],"openings":"3"},{"url":"/internship/details/internship-at-lloyd-law-college1610715838","name":"Research and Publication","company":"Lloyd Law College","location":"Greater Noida","duration":"3 Months","stipend":"3,000-5,000 /month","applications":"Be an early applicant","skills":[],"perks":[],"openings":"5"}]}