{"success":23,"failed":0,"internships":[{"url":"/internship/detail/software-development-ai-ml-product-group-internship-in-noida-at-constems-ai-systems-private-limited1667563351","name":"Software Development (AI/ML Product Group)","company":"Constems-AI Systems Private Limited","location":"Noida","duration":"6 Months","stipend":"10,000 /month","applications":"Be an early applicant","skills":["Algorithms","Computer Vision","Data Structures","Deep Learning","Linux","Python"],"perks":["Certificate","Letter of recommendation","Informal dress code","Job offer"],"openings":"4"},{"url":"/internship/detail/ai-and-deep-learning-internship-in-roorkee-at-brainovative-labs-private-limited1667649255","name":"AI And Deep Learning","company":"Brainovative Labs Private Limited","location":"Roorkee","duration":"3 Months","stipend":"5,000 /month + Incentives","applications":"Be an early applicant","skills":["C++ Programming","Deep Learning","Machine Learning","Natural Language Processing (NLP)","Neural Networks","Python"],"perks":["Certificate","Letter of recommendation","Flexible work hours","Informal dress code"],"openings":"1"},{"url":"/internship/detail/machine-learning-internship-in-bangalore-hyderabad-at-newgen-creations-private-limited1667582908","name":"Machine Learning","company":"Newgen Creations Private Limited","location":"Bangalore","duration":"2 Months","stipend":"2,000 /month","applications":"Be an early applicant","skills":["Machine Learning"],"perks":["Certificate","Letter of recommendation","Flexible work hours","Informal dress code","5 days a week","Free snacks & beverages"],"openings":"2"},{"url":"/internship/detail/teaching-python-machine-learning-work-from-home-job-internship-at-sure-trust1667575521","name":"Teaching (Python & Machine Learning)","company":"SURE Trust","location":"Work From Home","duration":"4 Months","stipend":"Unpaid","applications":"75 applicants","skills":["Machine Learning","Python"],"perks":["Certificate","Letter of recommendation","Flexible work hours"],"openings":"2"},{"url":"/internship/detail/research-training-robotics-ai-work-from-home-job-internship-at-wingfotech-private-limited1667538491","name":"Research & Training (Robotics & AI)","company":"Wingfotech Private Limited","location":"Work From Home","duration":"3 Months","stipend":"5,000-12,000 /month","applications":"68 applicants","skills":["Android","Arduino","Atmel AVR","Data Science","English Proficiency (Spoken)","HTML","Internet of Things (IoT)","Machine Learning","MS-PowerPoint","Python"],"perks":["Certificate","Letter of recommendation","Flexible work hours","Job offer"],"openings":"3"},{"url":"/internship/detail/data-validation-internship-in-mumbai-at-accrete-llc1667560927","name":"Data Validation","company":"Accrete LLC","location":"Mumbai","duration":"3 Months","stipend":"10,000 /month","applications":"33 applicants","skills":["English Proficiency (Spoken)"],"perks":["Letter of recommendation","Flexible work hours","Informal dress code","5 days a week"],"openings":"6"},{"url":"/internship/detail/data-science-machine-learning-part-time-job-internship-at-coimbatore-in-techvolt-software-private-limited1667555456","name":"Data Science (Machine Learning)","company":"Techvolt Software Private Limited","location":"Coimbatore","duration":"2 Months","stipend":"4,000 /month","applications":"Be an early applicant","skills":["C++ Programming","English Proficiency (Spoken)","Python"],"perks":["Certificate","Letter of recommendation","Flexible work hours","Job offer"],"openings":"10"},{"url":"/internship/detail/fullstack-development-ai-ml-work-from-home-job-internship-at-cybranex1667496918","name":"Fullstack Development (AI/ML)","company":"CybraneX","location":"Work From Home","duration":"3 Months","stipend":"2,500-3,500 /month","applications":"64 applicants","skills":["Computer Vision","CSS","Django","Git","HTML","Java","JavaScript","Natural Language Processing (NLP)","PHP","Python","ReactJS"],"perks":["Certificate","Letter of recommendation","Flexible work hours"],"openings":"2"},{"url":"/internship/detail/machine-learning-work-from-home-job-internship-at-feynn-labs1667472123","name":"Machine Learning","company":"Feynn Labs","location":"Work From Home","duration":"2 Months","stipend":"5,000 lump sum","applications":"202 applicants","skills":["Data Analytics","Data Science","Deep Learning","Machine Learning","Python"],"perks":["Certificate","Letter of recommendation","Flexible work hours"],"openings":"20"},{"url":"/internship/detail/data-engineering-internship-in-multiple-locations-at-go-digital-technology-consulting1667207710","name":"Data Engineering","company":"Go Digital Technology Consulting","location":"Pune","duration":"3 Months","stipend":"14,000 /month","applications":"611 applicants","skills":["Python","SQL"],"perks":["Certificate","Letter of recommendation","Informal dress code","5 days a week","Job offer"],"openings":"5"},{"url":"/internship/detail/machine-learning-work-from-home-job-internship-at-otakukart1667146171","name":"Machine Learning","company":"OtakuKart","location":"Work From Home","duration":"2 Months","stipend":"3,000 lump sum + Incentives","applications":"612 applicants","skills":["Data Analytics","Data Science","Deep Learning","Machine Learning","Natural Language Processing (NLP)","Python","R Programming"],"perks":["Certificate","Letter of recommendation","Flexible work hours"],"openings":"4"},{"url":"/internship/detail/data-science-nlp-research-and-analytics-work-from-home-job-internship-at-igurus-consultancy-services-llp1667117786","name":"Data Science (NLP Research and Analytics)","company":"IGurus Consultancy Services LLP","location":"Work From Home","duration":"3 Months","stipend":"1,000 /month","applications":"216 applicants","skills":["Artificial Intelligence","Data Science","Deep Learning","Django","Flask","Machine Learning","Natural Language Processing (NLP)","Python","Research and Analytics"],"perks":["Certificate","Letter of recommendation","Flexible work hours","5 days a week"],"openings":"3"},{"url":"/internship/detail/machine-learning-computer-vision-internship-in-bangalore-at-modaka-technologies-private-limited1667056920","name":"Machine Learning (Computer Vision)","company":"Modaka Technologies Private Limited","location":"Bangalore","duration":"3 Months","stipend":"12,000 /month","applications":"134 applicants","skills":["Computer Vision","Deep Learning","JavaScript","Machine Learning","OpenCV","Python"],"perks":["Certificate","Job offer"],"openings":"1"},{"url":"/internship/detail/backend-ml-development-internship-in-chennai-at-cosgrid-systems-private-limited1666979652","name":"Backend & ML Development","company":"COSGrid Systems Private Limited","location":"Chennai","duration":"5 Months","stipend":"15,000-25,000 /month","applications":"204 applicants","skills":["Django","GitHub","Linux","Python","REST API"],"perks":["Certificate","Letter of recommendation","Flexible work hours","Informal dress code","5 days a week","Free snacks & beverages","Job offer"],"openings":"2"},{"url":"/internship/detail/machine-learning-work-from-home-job-internship-at-kukbit-software-lab1667018887","name":"Machine Learning","company":"KUKbit Software Lab","location":"Work From Home","duration":"3 Months","stipend":"4,000 /month","applications":"475 applicants","skills":["Data Science","Deep Learning","Machine Learning","Python","R Programming"],"perks":["Certificate","Letter of recommendation","Flexible work hours","5 days a week"],"openings":"3"},{"url":"/internship/detail/artificial-neural-networks-work-from-home-job-internship-at-utkarshini-edutech1666943614","name":"Artificial Neural Networks","company":"Utkarshini Edutech","location":"Work From Home","duration":"3 Months","stipend":"Unpaid","applications":"126 applicants","skills":["Data Science","Deep Learning","Machine Learning","Natural Language Processing (NLP)","Neural Networks","Python"],"perks":["Certificate","Letter of recommendation","Flexible work hours","5 days a week"],"openings":"10"},{"url":"/internship/detail/artificial-intelligence-development-internship-in-noida-at-indigenous-robotics-unmanned-systems-private-limited1666873007","name":"Artificial Intelligence Development","company":"Indigenous Robotics Unmanned Systems Private Limited","location":"Noida","duration":"6 Months","stipend":"20,000 /month","applications":"60 applicants","skills":["C#","Unity 3D"],"perks":["Letter of recommendation","Informal dress code"],"openings":"3"},{"url":"/internship/detail/computer-vision-image-video-processing-deep-learning-convolution-neural-network-work-from-home-job-internship-at-intellytix-technosolutions-llp1666845578","name":"Computer Vision (Image & Video Processing) & Deep Learning (Convolution Neural Network)","company":"Intellytix Technosolutions LLP","location":"Work From Home","duration":"6 Months","stipend":"5,000 /month","applications":"274 applicants","skills":["Amazon Web Server (AWS)","Computer Vision","Deep Learning","GitHub","Image Processing","Jira","Machine Learning","Neural Networks","OpenCV","Python","Robotics"],"perks":["Certificate","Letter of recommendation","Flexible work hours"],"openings":"6"},{"url":"/internship/detail/machine-learning-python-django-work-from-home-job-internship-at-cskaa1666720428","name":"Machine Learning (Python/Django)","company":"CSKAA","location":"Work From Home","duration":"3 Months","stipend":"5,000 /month","applications":"269 applicants","skills":["Django","Python"],"perks":["Certificate","Flexible work hours"],"openings":"1"},{"url":"/internship/detail/deep-learning-engineering-internship-in-kozhikode-bangalore-at-ingen-dynamics-inc-part-of-ah-dynamics-and-robotics-private-limited1666674549","name":"Deep Learning Engineering","company":"InGen Dynamics Inc. (Part Of AH Dynamics And Robotics Private Limited)","location":"Kozhikode","duration":"6 Months","stipend":"6,400 /month","applications":"112 applicants","skills":["Algorithms","Computer Vision","Deep Learning","OpenCV","REST API"],"perks":["Certificate","Letter of recommendation"],"openings":"2"},{"url":"/internship/detail/artificial-neural-networks-work-from-home-job-internship-at-xcite-org1666575314","name":"Artificial Neural Networks","company":"Xcite Org","location":"Work From Home","duration":"3 Months","stipend":"Unpaid","applications":"152 applicants","skills":["Artificial Intelligence","Data Science","Data Structures","Deep Learning","JavaScript","Machine Learning","Natural Language Processing (NLP)","Neural Networks","Python"],"perks":["Certificate","Letter of recommendation","Flexible work hours","5 days a week"],"openings":"20"},{"url":"/internship/details/internship-at-indraprastha-institute-of-information-technology-delhi1614341284","name":"Summer Research","company":"Indraprastha Institute Of Information Technology, Delhi","location":"Delhi","duration":"2 Months","stipend":"5,000 /month","applications":"Be an early applicant","skills":[],"perks":[]},{"url":"/internship/details/internship-at-aryabhatta-research-institute-of-observational-sciences1608031717","name":"Computer Science","company":"Aryabhatta Research Institute Of Observational Sciences","location":"Nainital","duration":"5 Months","stipend":"10,000 /month","applications":"Be an early applicant","skills":[],"perks":[],"openings":"4"}]}