{"success":40,"failed":0,"internships":[{"url":"/internship/detail/marketing-internship-in-gurgaon-at-snapdeal1667545099","name":"Marketing","company":"Snapdeal","location":"Gurgaon","duration":"3 Months","stipend":"10,000 /month","applications":"35 applicants","skills":[],"perks":["Certificate","Letter of recommendation","5 days a week"],"openings":"10"},{"url":"/internship/detail/social-media-marketing-part-time-job-internship-at-ghaziabad-in-fashion-tv-india1667570425","name":"Social Media Marketing","company":"Fashion TV India","location":"Ghaziabad","duration":"3 Months","stipend":"6,000 /month","applications":"Be an early applicant","skills":["Creative Writing","Digital Marketing","English Proficiency (Written)","Instagram Marketing","Search Engine Optimization (SEO)","Social Media Marketing"],"perks":["Certificate","Letter of recommendation","Informal dress code","Free snacks & beverages","Job offer"],"openings":"4"},{"url":"/internship/detail/business-development-sales-internship-in-ghaziabad-at-fashion-tv-india1667570180","name":"Business Development (Sales)","company":"Fashion TV India","location":"Ghaziabad","duration":"3 Months","stipend":"7,000 /month","applications":"Be an early applicant","skills":["English Proficiency (Spoken)","English Proficiency (Written)"],"perks":["Certificate","Letter of recommendation","Informal dress code","Job offer"],"openings":"2"},{"url":"/internship/detail/marketing-internship-in-multiple-locations-at-reliance-industries-limited1667563777","name":"Marketing","company":"Reliance Industries Limited","location":"Thane","duration":"3 Months","stipend":"10,000 /month","applications":"Be an early applicant","skills":["English Proficiency (Spoken)","English Proficiency (Written)"],"perks":["Informal dress code","5 days a week"],"openings":"1"},{"url":"/internship/detail/business-development-sales-internship-in-delhi-noida-at-times-internet1667466510","name":"Business Development (Sales)","company":"Times Internet","location":"Delhi","duration":"6 Months","stipend":"10,000 /month","applications":"Be an early applicant","skills":["Email Marketing","English Proficiency (Spoken)","English Proficiency (Written)"],"perks":["Certificate","Letter of recommendation","5 days a week"],"openings":"10"},{"url":"/internship/detail/business-development-sales-internship-in-multiple-locations-at-byjus-the-learning-app1667487178","name":"Business Development (Sales)","company":"BYJU'S The Learning App","location":"Delhi","duration":"6 Weeks","stipend":"28,500 /month","applications":"42 applicants","skills":[],"perks":["Certificate"],"openings":"50"},{"url":"/internship/detail/marketing-internship-in-noida-at-monster-india1667386810","name":"Marketing","company":"Monster India","location":"Noida","duration":"3 Months","stipend":"12,000 /month","applications":"Be an early applicant","skills":["Content Writing","Creative Writing","English Proficiency (Spoken)","English Proficiency (Written)","MS-Excel","MS-Office"],"perks":["Certificate","Informal dress code","5 days a week"],"openings":"2"},{"url":"/internship/detail/business-development-sales-internship-in-gurgaon-noida-at-times-internet1667475933","name":"Business Development (Sales)","company":"Times Internet","location":"Gurgaon","duration":"3 Months","stipend":"9,000-10,000 /month","applications":"Be an early applicant","skills":[],"perks":["Certificate"],"openings":"1"},{"url":"/internship/detail/business-development-sales-part-time-job-internship-at-nagpur-in-upgrad-upgrad-education-private-limited1667538885","name":"Business Development (Sales)","company":"UpGrad (UpGrad Education Private Limited)","location":"Nagpur","duration":"2 Months","stipend":"3,000 /month + Incentives","applications":"Be an early applicant","skills":["English Proficiency (Spoken)","MS-Excel"],"perks":["Certificate","Letter of recommendation","Flexible work hours","Informal dress code","Job offer"],"openings":"10"},{"url":"/internship/detail/marketing-internship-in-coimbatore-at-decathlon-sports-india1667456324","name":"Marketing","company":"Decathlon Sports India","location":"Coimbatore","duration":"2 Months","stipend":"8,000 /month","applications":"Be an early applicant","skills":["Digital Marketing","Social Media Marketing"],"perks":["Certificate","Letter of recommendation","Informal dress code"],"openings":"10"},{"url":"/internship/detail/social-media-marketing-internship-in-chennai-at-saregama-india-limited1667454376","name":"Social Media Marketing","company":"Saregama India Limited","location":"Chennai","duration":"3 Months","stipend":"5,000-10,000 /month","applications":"Be an early applicant","skills":["English Proficiency (Spoken)","English Proficiency (Written)","Social Media Marketing"],"perks":["Certificate","Flexible work hours","5 days a week"],"openings":"1"},{"url":"/internship/detail/marketing-internship-in-bangalore-at-monster-india1667378181","name":"Marketing","company":"Monster India","location":"Bangalore","duration":"3 Months","stipend":"10,000-12,000 /month","applications":"Be an early applicant","skills":["Content Writing","Email Marketing","English Proficiency (Spoken)","English Proficiency (Written)","MS-Excel"],"perks":["Certificate","5 days a week"],"openings":"3"},{"url":"/internship/detail/business-development-internship-in-kalyan-at-byjus-the-learning-app1667478982","name":"Business Development","company":"BYJU'S The Learning App","location":"Kalyan","duration":"3 Months","stipend":"15,000 /month","applications":"Be an early applicant","skills":[],"perks":[],"openings":"5"},{"url":"/internship/detail/omni-sport-part-time-job-internship-at-delhi-noida-in-decathlon-sports-india1667478345","name":"Omni Sport","company":"Decathlon Sports India","location":"Delhi","duration":"2 Months","stipend":"10,000 /month","applications":"37 applicants","skills":["MS-Excel","MS-PowerPoint"],"perks":["Certificate","Letter of recommendation"],"openings":"10"},{"url":"/internship/detail/business-development-sales-internship-in-delhi-gurgaon-at-mobikwik1667477276","name":"Business Development (Sales)","company":"MobiKwik","location":"Delhi","duration":"3 Months","stipend":"20,000 /month","applications":"84 applicants","skills":["English Proficiency (Spoken)"],"perks":["Certificate","Letter of recommendation","Flexible work hours","Informal dress code","5 days a week"],"openings":"20"},{"url":"/internship/detail/marketing-internship-in-chennai-pondicherry-at-byjus-the-learning-app1667385933","name":"Marketing","company":"BYJU'S The Learning App","location":"Chennai","duration":"6 Months","stipend":"21,000 /month","applications":"Be an early applicant","skills":["Client Relationship","English Proficiency (Spoken)","English Proficiency (Written)","Tamil Proficiency (Spoken)"],"perks":["Certificate"],"openings":"15"},{"url":"/internship/detail/marketing-internship-in-delhi-at-wwf-india1667286278","name":"Marketing","company":"WWF-India","location":"Delhi","duration":"3 Months","stipend":"15,000 /month","applications":"33 applicants","skills":[],"perks":["Certificate","Letter of recommendation","Informal dress code"],"openings":"1"},{"url":"/internship/detail/social-media-marketing-work-from-home-job-internship-at-hindustan-times-media-limited1667298876","name":"Social Media Marketing","company":"Hindustan Times Media Limited","location":"Work From Home","duration":"3 Months","stipend":"5,000 /month","applications":"268 applicants","skills":["Creative Writing","English Proficiency (Written)","Facebook Marketing","Instagram Marketing","Social Media Marketing"],"perks":["Certificate","Letter of recommendation","Flexible work hours"],"openings":"2"},{"url":"/internship/detail/social-media-marketing-internship-in-mumbai-at-hungama-digital-media-entertainment-private-limited1667379953","name":"Social Media Marketing","company":"Hungama Digital Media Entertainment Private Limited","location":"Mumbai","duration":"3 Months","stipend":"5,000 /month","applications":"61 applicants","skills":["Creative Writing","Digital Marketing","English Proficiency (Spoken)","English Proficiency (Written)","Instagram Marketing","MS-Excel","Social Media Marketing"],"perks":["Certificate","Informal dress code"],"openings":"1"},{"url":"/internship/detail/telecalling-internship-in-mumbai-at-economic-times-edge1667303501","name":"Telecalling","company":"Economic Times Edge","location":"Mumbai","duration":"3 Months","stipend":"5,000 /month","applications":"Be an early applicant","skills":["English Proficiency (Spoken)","MS-Excel"],"perks":["Certificate","Informal dress code","5 days a week"],"openings":"2"},{"url":"/internship/detail/marketing-internship-in-gurgaon-at-max-life-insurance1667196605","name":"Marketing","company":"Max Life Insurance","location":"Gurgaon","duration":"2 Months","stipend":"10,000 /month","applications":"47 applicants","skills":["English Proficiency (Spoken)","English Proficiency (Written)","MS-Office"],"perks":["Certificate","5 days a week"],"openings":"1"},{"url":"/internship/detail/business-development-sales-work-from-home-job-internship-at-economic-times1667278443","name":"Business Development (Sales)","company":"Economic Times","location":"Work From Home","duration":"6 Months","stipend":"7,000 /month","applications":"94 applicants","skills":[],"perks":["Certificate","5 days a week"],"openings":"2"},{"url":"/internship/detail/business-development-sales-internship-in-mumbai-at-byjus-the-learning-app1667203081","name":"Business Development (Sales)","company":"BYJU'S The Learning App","location":"Mumbai","duration":"3 Months","stipend":"18,000 /month","applications":"29 applicants","skills":["English Proficiency (Spoken)","English Proficiency (Written)","Hindi Proficiency (Spoken)"],"perks":["Certificate"],"openings":"5"},{"url":"/internship/detail/business-development-sales-internship-in-raipur-at-decathlon-sports-india1667209732","name":"Business Development (Sales)","company":"Decathlon Sports India","location":"Raipur","duration":"2 Months","stipend":"8,000 /month","applications":"Be an early applicant","skills":["English Proficiency (Spoken)","English Proficiency (Written)"],"perks":["Certificate","Letter of recommendation","Flexible work hours","Informal dress code","5 days a week","Job offer"],"openings":"5"},{"url":"/internship/detail/business-development-sales-part-time-job-internship-at-mumbai-in-decathlon-sports-india1665563675","name":"Business Development (Sales)","company":"Decathlon Sports India","location":"Mumbai","duration":"3 Months","stipend":"15,000 /month","applications":"44 applicants","skills":["Digital Marketing","English Proficiency (Spoken)","MS-Excel","Sales and Marketing"],"perks":["Certificate","Letter of recommendation","Flexible work hours","Informal dress code","Job offer"],"openings":"3"},{"url":"/internship/detail/operations-internship-in-mumbai-at-hungama-digital-media-entertainment-private-limited1667200706","name":"Operations","company":"Hungama Digital Media Entertainment Private Limited","location":"Mumbai","duration":"3 Months","stipend":"5,000 /month","applications":"84 applicants","skills":["English Proficiency (Spoken)","English Proficiency (Written)","MS-Excel","Social Media Marketing"],"perks":["Certificate","Letter of recommendation","Informal dress code"],"openings":"1"},{"url":"/internship/detail/marketing-internship-in-multiple-locations-at-byjus-the-learning-app1667192806","name":"Marketing","company":"BYJU'S The Learning App","location":"Bongaigaon","duration":"3 Months","stipend":"11,000 /month + Incentives","applications":"Be an early applicant","skills":[],"perks":["Certificate","Letter of recommendation"],"openings":"6"},{"url":"/internship/detail/business-development-internship-in-multiple-locations-at-byjus-the-learning-app1666964119","name":"Business Development","company":"BYJU'S The Learning App","location":"Cuttack","duration":"3 Months","stipend":"13,350 /month","applications":"Be an early applicant","skills":["English Proficiency (Spoken)","Hindi Proficiency (Spoken)","Odia Proficiency(Spoken)"],"perks":["Certificate"],"openings":"20"},{"url":"/internship/detail/digital-marketing-internship-in-mumbai-at-viscomm-360-communications-private-limited1667190502","name":"Digital Marketing","company":"VISCOMM 360 Communications Private Limited","location":"Mumbai","duration":"3 Months","stipend":"10,000-25,000 /month","applications":"Be an early applicant","skills":["Client Relationship","Digital Advertising","Digital Marketing","Display Advertising","English Proficiency (Spoken)","English Proficiency (Written)","Facebook Marketing","Instagram Marketing","Search Engine Marketing (SEM)","Social Media Marketing"],"perks":["Certificate","Letter of recommendation","Informal dress code","5 days a week","Free snacks & beverages"],"openings":"1"},{"url":"/internship/detail/marketing-internship-in-multiple-locations-at-think-learn-private-limited-byjus1667046890","name":"Marketing","company":"Think & Learn Private Limited (BYJU'S)","location":"Kozhikode","duration":"3 Months","stipend":"17,000 /month + Incentives","applications":"Be an early applicant","skills":["English Proficiency (Spoken)","Malayalam Proficiency (Spoken)","Sales and Marketing"],"perks":["Letter of recommendation"],"openings":"10"},{"url":"/internship/detail/business-development-sales-internship-in-ghaziabad-at-decathlon-sports1667050969","name":"Business Development (Sales)","company":"Decathlon Sports","location":"Ghaziabad","duration":"2 Months","stipend":"10,000 /month","applications":"Be an early applicant","skills":["English Proficiency (Spoken)","English Proficiency (Written)"],"perks":["Certificate","Letter of recommendation","Informal dress code","5 days a week"],"openings":"10"},{"url":"/internship/detail/business-development-sales-internship-in-delhi-at-wwf-india1667038699","name":"Business Development (Sales)","company":"WWF-India","location":"Delhi","duration":"3 Months","stipend":"20,000 /month","applications":"32 applicants","skills":[],"perks":["Certificate","Letter of recommendation","Informal dress code"],"openings":"5"},{"url":"/internship/detail/marketing-internship-in-multiple-locations-at-think-learn-private-limited-byjus1667037441","name":"Marketing","company":"Think & Learn Private Limited (BYJU'S)","location":"Haldia","duration":"3 Months","stipend":"11,000 /month","applications":"Be an early applicant","skills":[],"perks":["Letter of recommendation"],"openings":"2"},{"url":"/internship/detail/digital-marketing-part-time-job-internship-at-thane-in-barista-cafe-academy1667036874","name":"Digital Marketing","company":"Barista Cafe Academy","location":"Thane","duration":"3 Months","stipend":"8,000 lump sum","applications":"Be an early applicant","skills":["Digital Marketing","English Proficiency (Spoken)","Facebook Marketing","Instagram Marketing","Search Engine Optimization (SEO)","Social Media Marketing"],"perks":["Certificate","Letter of recommendation","Flexible work hours","Informal dress code","5 days a week","Free snacks & beverages"],"openings":"1"},{"url":"/internship/detail/omni-sports-management-internship-in-noida-at-decathlon-sports-india-private-limited1666963023","name":"Omni Sports Management","company":"Decathlon Sports India Private Limited","location":"Noida","duration":"2 Months","stipend":"10,000 /month","applications":"49 applicants","skills":[],"perks":["Certificate","Flexible work hours","Informal dress code","5 days a week","Job offer"],"openings":"20"},{"url":"/internship/detail/business-development-sales-part-time-job-internship-at-chennai-in-decathlon1666942263","name":"Business Development (Sales)","company":"Decathlon","location":"Chennai","duration":"2 Months","stipend":"10,000 /month","applications":"Be an early applicant","skills":["English Proficiency (Spoken)"],"perks":["Certificate"],"openings":"3"},{"url":"/internship/detail/marketing-internship-in-coimbatore-tiruppur-at-byjus1666861760","name":"Marketing","company":"BYJU'S","location":"Coimbatore","duration":"4 Months","stipend":"13,000 /month + Incentives","applications":"Be an early applicant","skills":[],"perks":["Certificate","Letter of recommendation"],"openings":"7"},{"url":"/internship/detail/digital-marketing-internship-in-chennai-at-confederation-of-indian-industry-cii1666938470","name":"Digital Marketing","company":"Confederation Of Indian Industry (CII)","location":"Chennai","duration":"2 Months","stipend":"12,000 /month","applications":"34 applicants","skills":[],"perks":[],"openings":"2"},{"url":"/internship/detail/marketing-internship-in-delhi-at-wwf-india1666938051","name":"Marketing","company":"WWF-India","location":"Delhi","duration":"6 Months","stipend":"5,000-10,000 /month","applications":"Be an early applicant","skills":["English Proficiency (Spoken)","English Proficiency (Written)","Hindi Proficiency (Spoken)","MS-Excel","MS-Office"],"perks":["Certificate","Letter of recommendation","5 days a week","Job offer"],"openings":"2"},{"url":"/internship/detail/social-media-marketing-internship-in-mumbai-at-economic-times-edge1666934163","name":"Social Media Marketing","company":"Economic Times Edge","location":"Mumbai","duration":"3 Months","stipend":"5,000 /month","applications":"168 applicants","skills":["Social Media Marketing"],"perks":["Certificate","Informal dress code","5 days a week"],"openings":"3"}]}