{"success":40,"failed":0,"internships":[{"url":"/internship/detail/research-internship-in-hyderabad-at-teach-for-india1667384109","name":"Research","company":"Teach For India","location":"Hyderabad","duration":"2 Months","stipend":"4,000 /month","applications":"Be an early applicant","skills":["MS-Office","Research and Analytics"],"perks":["Certificate","Letter of recommendation","Flexible work hours"],"openings":"2"},{"url":"/internship/detail/marketing-internship-in-coimbatore-tiruppur-at-byjus1666861760","name":"Marketing","company":"BYJU'S","location":"Coimbatore","duration":"4 Months","stipend":"13,000 /month + Incentives","applications":"Be an early applicant","skills":[],"perks":["Certificate","Letter of recommendation"],"openings":"7"},{"url":"/internship/detail/research-assistance-truck-driving-simulator-using-ets2-internship-in-bangalore-at-iisc-bangalore-cpdm1666857958","name":"Research Assistance (Truck Driving Simulator Using ETS2)","company":"IISC Bangalore CPDM","location":"Bangalore","duration":"6 Months","stipend":"25,000 /month","applications":"29 applicants","skills":["Adobe Photoshop","Blender 3D","Unity 3D","Unity Engine","Unreal Engine","Vector Dynamics"],"perks":["Informal dress code"],"openings":"1"},{"url":"/internship/detail/business-analysis-work-from-home-job-internship-at-across-the-globe-atg1667572106","name":"Business Analysis","company":"Across The Globe (ATG)","location":"Work From Home","duration":"6 Months","stipend":"5,000-10,000 /month","applications":"34 applicants","skills":["Business Analysis","Business Research","Digital Marketing","Email Marketing","Social Media Marketing","User Interface (UI) Development","Windows Mobile Application Development"],"perks":["Certificate","Flexible work hours"],"openings":"10"},{"url":"/internship/detail/business-development-sales-internship-in-delhi-at-stirring-minds1667413225","name":"Business Development (Sales)","company":"Stirring Minds","location":"Delhi","duration":"6 Months","stipend":"7,000-10,000 /month","applications":"Be an early applicant","skills":[],"perks":["Certificate","Letter of recommendation","Informal dress code","Free snacks & beverages"],"openings":"4"},{"url":"/internship/detail/brand-coordination-internship-in-noida-at-stareye-media-entertainment-private-limited1667379105","name":"Brand Coordination","company":"Stareye Media & Entertainment Private Limited","location":"Noida","duration":"2 Months","stipend":"5,000-10,000 /month","applications":"30 applicants","skills":["English Proficiency (Spoken)","MS-Excel","Product Management"],"perks":["Certificate","Flexible work hours","Informal dress code","Job offer"],"openings":"2"},{"url":"/internship/detail/b2b-sales-internship-in-delhi-at-stirring-minds1667413152","name":"B2B Sales","company":"Stirring Minds","location":"Delhi","duration":"3 Months","stipend":"10,000-12,000 /month","applications":"Be an early applicant","skills":[],"perks":["Certificate","Informal dress code","Free snacks & beverages","Job offer"],"openings":"5"},{"url":"/internship/detail/content-marketing-internship-in-multiple-locations-at-expertrons1667542916","name":"Content Marketing","company":"Expertrons","location":"Mumbai","duration":"3 Months","stipend":"7,000-10,000 /month","applications":"Be an early applicant","skills":[],"perks":["Certificate","Letter of recommendation","Informal dress code","Free snacks & beverages","Job offer"],"openings":"5"},{"url":"/internship/detail/business-development-sales-internship-in-noida-at-karostartup1666731140","name":"Business Development (Sales)","company":"KaroStartup","location":"Noida","duration":"3 Months","stipend":"18,000 /month","applications":"59 applicants","skills":[],"perks":[],"openings":"2"},{"url":"/internship/detail/market-research-internship-in-mumbai-at-iide-education-private-limited1667032920","name":"Market Research","company":"IIDE Education Private Limited","location":"Mumbai","duration":"6 Months","stipend":"5,000-7,500 /month","applications":"Be an early applicant","skills":["English Proficiency (Spoken)","Google Suite (G Suite)","MS-Excel"],"perks":["Letter of recommendation"],"openings":"1"},{"url":"/internship/detail/market-research-internship-in-bangalore-at-pereyan-llp1667193331","name":"Market Research","company":"Pereyan LLP","location":"Bangalore","duration":"6 Months","stipend":"5,000-15,000 /month","applications":"Be an early applicant","skills":["Business Analysis","Business Research","Content Marketing","Email Marketing","Facebook Marketing"],"perks":[],"openings":"1"},{"url":"/internship/detail/content-research-and-creator-partnership-internship-in-noida-at-fossbytes-media-private-limited1666853588","name":"Content Research And Creator Partnership","company":"Fossbytes Media Private Limited","location":"Noida","duration":"3 Months","stipend":"12,000-15,000 /month","applications":"33 applicants","skills":["Digital Marketing","English Proficiency (Spoken)","English Proficiency (Written)","Sales and Marketing"],"perks":["Certificate","Letter of recommendation","Flexible work hours","Informal dress code","Free snacks & beverages","Job offer"],"openings":"1"},{"url":"/internship/detail/marketing-internship-in-delhi-at-opensense-labs-private-limited1667457342","name":"Marketing","company":"OpenSense Labs Private Limited","location":"Delhi","duration":"6 Months","stipend":"10,000-15,000 /month","applications":"33 applicants","skills":[],"perks":["Certificate","Letter of recommendation","5 days a week","Free snacks & beverages","Job offer"],"openings":"4"},{"url":"/internship/detail/sales-marketing-internship-in-multiple-locations-at-skillarena-education-technologies1667120990","name":"Sales & Marketing","company":"Skillarena Education Technologies","location":"Ghaziabad","duration":"2 Months","stipend":"10,000 /month","applications":"28 applicants","skills":["English Proficiency (Spoken)","English Proficiency (Written)","Hindi Proficiency (Spoken)","Sales","Sales and Marketing"],"perks":["Certificate","Letter of recommendation","Flexible work hours","5 days a week","Job offer"],"openings":"10"},{"url":"/internship/detail/social-media-management-internship-in-raipur-at-vsnapu1666853881","name":"Social Media Management","company":"VsnapU","location":"Raipur","duration":"6 Months","stipend":"5,000-10,000 /month","applications":"Be an early applicant","skills":["Content Writing","English Proficiency (Spoken)","English Proficiency (Written)","Social Media Marketing"],"perks":["Certificate","Letter of recommendation"],"openings":"1"},{"url":"/internship/detail/market-research-part-time-job-internship-at-prayagraj-in-agile-parking-solutions-private-limited1666952955","name":"Market Research","company":"Agile Parking Solutions Private Limited","location":"Prayagraj","duration":"1 Month","stipend":"18,000 /month","applications":"Be an early applicant","skills":[],"perks":["Certificate","Letter of recommendation","Flexible work hours"],"openings":"5"},{"url":"/internship/detail/inside-sales-internship-in-pune-at-aurochs-software-private-limited1667208085","name":"Inside Sales","company":"Aurochs Software Private Limited","location":"Pune","duration":"3 Months","stipend":"10,000 /month","applications":"29 applicants","skills":["English Proficiency (Spoken)","English Proficiency (Written)","MS-Office","Sales"],"perks":["Certificate","Letter of recommendation","Informal dress code","5 days a week","Job offer"],"openings":"1"},{"url":"/internship/detail/real-estate-sales-internship-in-mumbai-at-reflex-realty-llp1666929287","name":"Real Estate Sales","company":"Reflex Realty LLP","location":"Mumbai","duration":"6 Months","stipend":"8,000-10,000 /month","applications":"Be an early applicant","skills":["Sales and Marketing"],"perks":[],"openings":"5"},{"url":"/internship/detail/marketing-internship-in-chennai-at-petlikes-enterprise1666440078","name":"Marketing","company":"Petlikes Enterprise","location":"Chennai","duration":"3 Months","stipend":"10,000 /month","applications":"26 applicants","skills":[],"perks":["Certificate","Job offer"],"openings":"1"},{"url":"/internship/detail/sales-internship-in-delhi-at-growify-digital1667653123","name":"Sales","company":"Growify Digital","location":"Delhi","duration":"6 Months","stipend":"10,000-15,000 /month","applications":"Be an early applicant","skills":[],"perks":["Certificate","Letter of recommendation","Informal dress code"],"openings":"2"},{"url":"/internship/detail/research-analysis-internship-in-mumbai-at-alfa-kpo-private-limited1667652381","name":"Research Analysis","company":"ALFA KPO Private Limited","location":"Mumbai","duration":"6 Months","stipend":"10,000 /month","applications":"Be an early applicant","skills":["English Proficiency (Spoken)","English Proficiency (Written)"],"perks":["Informal dress code","5 days a week","Free snacks & beverages"],"openings":"2"},{"url":"/internship/detail/business-analytics-work-from-home-job-internship-at-ozibook-tech-solutions-private-limited1667649645","name":"Business Analytics","company":"Ozibook Tech Solutions Private Limited","location":"Work From Home","duration":"2 Months","stipend":"1,000 /month","applications":"Be an early applicant","skills":["Business Research","Creative Writing"],"perks":["Certificate","Letter of recommendation","Flexible work hours"],"openings":"3"},{"url":"/internship/detail/content-writing-work-from-home-job-internship-at-the-learn-cloud1667562833","name":"Content Writing","company":"The Learn Cloud","location":"Work From Home","duration":"6 Months","stipend":"10,000 /month","applications":"99 applicants","skills":["Blogging","Creative Writing","Digital Marketing","English Proficiency (Spoken)","English Proficiency (Written)","Search Engine Optimization (SEO)","Social Media Marketing"],"perks":["Certificate","Letter of recommendation","Job offer"],"openings":"4"},{"url":"/internship/detail/market-research-work-from-home-job-internship-at-cur81667549162","name":"Market Research","company":"CUR8","location":"Work From Home","duration":"3 Months","stipend":"5,000-10,000 /month","applications":"50 applicants","skills":["MS-Excel","MS-Office","Research and Analytics","SQL","Tableau"],"perks":["Certificate","Letter of recommendation"],"openings":"5"},{"url":"/internship/detail/finance-accounting-work-from-home-job-internship-at-rydeu-logistics-ug1667556252","name":"Finance & Accounting","company":"Rydeu Logistics UG","location":"Work From Home","duration":"6 Months","stipend":"8,000-10,000 /month","applications":"143 applicants","skills":["Accounting"],"perks":["Certificate","Letter of recommendation"],"openings":"1"},{"url":"/internship/detail/market-research-engineering-in-mechanical-electronics-computer-science-telecommunications-work-from-home-job-internship-at-futurebridge1667550288","name":"Market Research (Engineering In Mechanical/Electronics/Computer Science/Telecommunications)","company":"FutureBridge","location":"Work From Home","duration":"3 Months","stipend":"30,000 /month","applications":"40 applicants","skills":[],"perks":["Certificate","5 days a week","Job offer"],"openings":"2"},{"url":"/internship/detail/academic-content-writing-finance-management-work-from-home-job-internship-at-legacy-research-solutions1667587658","name":"Academic Content Writing (Finance & Management)","company":"LEGACY Research Solutions","location":"Work From Home","duration":"3 Months","stipend":"10,000 /month","applications":"31 applicants","skills":["Accounting","English Proficiency (Written)","Financial Modeling","MS-Excel","MS-Office","MS-PowerPoint","MS-Word"],"perks":["Certificate","Letter of recommendation","Flexible work hours","Job offer"],"openings":"12"},{"url":"/internship/detail/marketing-communications-work-from-home-job-internship-at-virtual-team1667546259","name":"Marketing Communications","company":"Virtual Team","location":"Work From Home","duration":"1 Month","stipend":"1,000 /month + Incentives","applications":"47 applicants","skills":["Digital Marketing","Email Marketing","English Proficiency (Spoken)","English Proficiency (Written)","MS-Excel","MS-Office"],"perks":["Certificate","Flexible work hours","5 days a week","Job offer"],"openings":"5"},{"url":"/internship/detail/business-analytics-and-development-work-from-home-job-internship-at-eminent-technologies-solutions1667570598","name":"Business Analytics And Development","company":"Eminent Technologies Solutions","location":"Work From Home","duration":"1 Month","stipend":"1,000 /month","applications":"108 applicants","skills":["Business Research","Machine Learning","Research and Analytics"],"perks":["Certificate","Letter of recommendation","Flexible work hours"],"openings":"2"},{"url":"/internship/detail/content-research-work-from-home-job-internship-at-azent-overseas-education1667548241","name":"Content Research","company":"Azent Overseas Education","location":"Work From Home","duration":"4 Months","stipend":"3,000 /month","applications":"80 applicants","skills":["Research and Analytics"],"perks":["Certificate","Flexible work hours"],"openings":"2"},{"url":"/internship/detail/marketing-work-from-home-job-internship-at-anunta-technology-management-serviced-limited1667541309","name":"Marketing","company":"Anunta Technology Management Serviced Limited","location":"Work From Home","duration":"3 Months","stipend":"5,000 /month","applications":"27 applicants","skills":["Digital Marketing","Social Media Marketing"],"perks":["Certificate","Flexible work hours","5 days a week"],"openings":"1"},{"url":"/internship/detail/market-research-work-from-home-job-internship-at-kochiva1667565496","name":"Market Research","company":"Kochiva","location":"Work From Home","duration":"2 Months","stipend":"2,000 /month","applications":"Be an early applicant","skills":[],"perks":["Certificate","Letter of recommendation"],"openings":"1"},{"url":"/internship/detail/social-media-insight-internship-in-bangalore-at-engage-digital-partners1667562459","name":"Social Media Insight","company":"Engage Digital Partners","location":"Bangalore","duration":"3 Months","stipend":"7,000 /month","applications":"Be an early applicant","skills":["Content Marketing","MS-Excel","MS-PowerPoint","Research and Analytics","Social Media Marketing"],"perks":["Flexible work hours","Informal dress code"],"openings":"1"},{"url":"/internship/detail/market-research-internship-in-pune-at-iauro-system-private-limited1667471261","name":"Market Research","company":"Iauro System Private Limited","location":"Pune","duration":"6 Months","stipend":"10,000 /month","applications":"Be an early applicant","skills":["English Proficiency (Written)","MS-Excel","MS-Word","Research and Analytics"],"perks":["Certificate","Flexible work hours","5 days a week"],"openings":"4"},{"url":"/internship/detail/data-validation-internship-in-mumbai-at-accrete-llc1667560927","name":"Data Validation","company":"Accrete LLC","location":"Mumbai","duration":"3 Months","stipend":"10,000 /month","applications":"33 applicants","skills":["English Proficiency (Spoken)"],"perks":["Letter of recommendation","Flexible work hours","Informal dress code","5 days a week"],"openings":"6"},{"url":"/internship/detail/business-development-sales-internship-in-kolkata-at-space-e-fic1667540837","name":"Business Development (Sales)","company":"Space-e-fic","location":"Kolkata","duration":"1 Month","stipend":"2,000 /month + Incentives","applications":"Be an early applicant","skills":["Bengali Proficiency (Spoken)","Client Relationship","Email Marketing","English Proficiency (Spoken)","English Proficiency (Written)","Hindi Proficiency (Spoken)","MS-Excel"],"perks":["Certificate","Letter of recommendation","Flexible work hours"],"openings":"5"},{"url":"/internship/detail/business-research-work-from-home-job-internship-at-pawzz1667559199","name":"Business Research","company":"Pawzz","location":"Work From Home","duration":"1 Month","stipend":"Unpaid","applications":"Be an early applicant","skills":["Digital Marketing","English Proficiency (Spoken)","English Proficiency (Written)","Instagram Marketing","MS-Office","Report Writing","Research and Analytics","Sales and Marketing","Social Media Marketing"],"perks":["Certificate","Letter of recommendation"],"openings":"10"},{"url":"/internship/detail/product-design-work-from-home-job-internship-at-calm-sleep1667558151","name":"Product Design","company":"Calm Sleep","location":"Work From Home","duration":"3 Months","stipend":"5,000 /month","applications":"Be an early applicant","skills":[],"perks":["Certificate","Letter of recommendation","5 days a week"],"openings":"3"},{"url":"/internship/detail/research-internship-in-delhi-at-policy-perspectives-foundation1667557199","name":"Research","company":"Policy Perspectives Foundation","location":"Delhi","duration":"3 Months","stipend":"15,000 /month","applications":"Be an early applicant","skills":[],"perks":["Certificate","Informal dress code","5 days a week"],"openings":"1"},{"url":"/internship/detail/facebook-marketing-internship-in-multiple-locations-at-the-digi-jugad1667472573","name":"Facebook Marketing","company":"The Digi Jugad","location":"Bhilai","duration":"3 Months","stipend":"4,000-8,000 /month","applications":"Be an early applicant","skills":["Facebook Marketing"],"perks":["Certificate","Letter of recommendation"],"openings":"4"}]}