{"success":40,"failed":0,"internships":[{"url":"/internship/detail/content-writing-mathematics-internship-in-bangalore-at-wizklub-learning1666703467","name":"Content Writing (Mathematics)","company":"WizKlub Learning","location":"Bangalore","duration":"2 Months","stipend":"20,000-25,000 /month","applications":"38 applicants","skills":["English Proficiency (Spoken)","English Proficiency (Written)"],"perks":["Certificate"],"openings":"5"},{"url":"/internship/detail/teaching-math-internship-in-delhi-at-unimonks1667388687","name":"Teaching - Math","company":"Unimonks","location":"Delhi","duration":"4 Months","stipend":"5,000-15,000 /month","applications":"Be an early applicant","skills":["Online Teaching"],"perks":["Certificate","Letter of recommendation"],"openings":"3"},{"url":"/internship/detail/academic-content-expert-for-mathematics-english-part-time-job-internship-at-varanasi-in-qa-solvers1667471260","name":"Academic Content Expert for Mathematics (English)","company":"QA Solvers","location":"Varanasi","duration":"4 Months","stipend":"17,000-25,000 /month","applications":"Be an early applicant","skills":["Content Writing","English Proficiency (Spoken)","English Proficiency (Written)","Mathematics","Online Teaching","Subject Matter Expert (SME)","Teaching"],"perks":["Certificate","Letter of recommendation","Flexible work hours"],"openings":"5"},{"url":"/internship/detail/solving-math-questions-work-from-home-job-internship-at-higgz-academia-technology-private-limited1667634181","name":"Solving Math Questions","company":"Higgz Academia Technology Private Limited","location":"Work From Home","duration":"3 Months","stipend":"8,000-25,000 /month","applications":"75 applicants","skills":["American English","Computer Networking","Mathematics"],"perks":["Flexible work hours","5 days a week"],"openings":"20"},{"url":"/internship/detail/content-development-maths-science-work-from-home-job-internship-at-infybytes-ai-labs-private-limited1667622915","name":"Content Development (Maths & Science)","company":"InfyBytes AI Labs Private Limited","location":"Work From Home","duration":"2 Months","stipend":"5,000 /month","applications":"65 applicants","skills":["English Proficiency (Written)","Subject Matter Expert (SME)"],"perks":["Certificate","Letter of recommendation","Flexible work hours"],"openings":"10"},{"url":"/internship/detail/subject-matter-expert-statistics-work-from-home-job-internship-at-mymegaminds1667574797","name":"Subject Matter Expert (Statistics)","company":"MyMegaminds","location":"Work From Home","duration":"2 Months","stipend":"2,000-2,500 /week","applications":"52 applicants","skills":["Algorithms","Database Testing","MS-Excel","SPSS","Statistical Modeling","Statistics"],"perks":["Certificate","Letter of recommendation","Flexible work hours"],"openings":"5"},{"url":"/internship/detail/teaching-mathematics-physics-internship-in-bangalore-at-cadeto-india1667544478","name":"Teaching (Mathematics & Physics)","company":"Cadeto India","location":"Bangalore","duration":"6 Months","stipend":"15,000-25,000 /month","applications":"Be an early applicant","skills":["English Proficiency (Spoken)","Mathematics","Physics"],"perks":["Certificate"],"openings":"1"},{"url":"/internship/detail/subject-matter-expert-mathematics-work-from-home-job-internship-at-muenot1667565191","name":"Subject Matter Expert (Mathematics)","company":"Muenot","location":"Work From Home","duration":"3 Months","stipend":"20,000 /month","applications":"38 applicants","skills":["English Proficiency (Spoken)","English Proficiency (Written)","Mathematics","Online Teaching","Teaching"],"perks":["Certificate","Flexible work hours"],"openings":"5"},{"url":"/internship/detail/teaching-pcmb-work-from-home-job-internship-at-retrograde-innovations-private-limited1667564972","name":"Teaching (PCMB)","company":"Retrograde Innovations Private Limited","location":"Work From Home","duration":"6 Months","stipend":"2,000-15,000 /month","applications":"56 applicants","skills":["Biology","Chemistry","Mathematics","Online Teaching","Physics","Subject Matter Expert (SME)","Teaching"],"perks":["5 days a week"],"openings":"10"},{"url":"/internship/detail/statistics-tutoring-sme-work-from-home-job-internship-at-tvm-e-learning1667541799","name":"Statistics Tutoring (SME)","company":"TVM E-Learning","location":"Work From Home","duration":"6 Months","stipend":"14,000-18,000 /month","applications":"Be an early applicant","skills":["Statistics","Subject Matter Expert (SME)"],"perks":["Certificate"],"openings":"3"},{"url":"/internship/detail/subject-matter-expert-mathematics-physics-work-from-home-job-internship-at-dimentics-info-tech-private-limited1667564666","name":"Subject Matter Expert (Mathematics & Physics)","company":"Dimentics Info Tech Private Limited","location":"Work From Home","duration":"2 Months","stipend":"10,000-12,000 /month","applications":"65 applicants","skills":["Mathematics","MS-Office","Physics","Subject Matter Expert (SME)"],"perks":["Certificate","Letter of recommendation","Flexible work hours","5 days a week"],"openings":"50"},{"url":"/internship/detail/subject-matter-expert-sme-cds-and-nda-exam-work-from-home-job-internship-at-physics-wallah1667458154","name":"Subject Matter Expert (SME)- CDS And NDA Exam","company":"Physics Wallah","location":"Work From Home","duration":"3 Months","stipend":"10,000-12,000 /month","applications":"136 applicants","skills":[],"perks":["Flexible work hours"],"openings":"10"},{"url":"/internship/detail/text-solutions-compact-answering-physics-business-studies-mathematics-law-humanities-work-from-home-job-internship-at-cloudbird-digital-private-limited1667555196","name":"Text Solutions - Compact Answering (Physics/Business Studies/Mathematics/Law/Humanities)","company":"CloudBird Digital Private Limited","location":"Work From Home","duration":"3 Months","stipend":"7,000-8,000 /month","applications":"151 applicants","skills":["Accounting","Mathematics","Physics"],"perks":["Certificate","Flexible work hours"],"openings":"20"},{"url":"/internship/detail/pure-hindi-video-solution-pcmb-work-from-home-job-internship-at-zee-edtech1667548784","name":"Pure Hindi Video Solution (PCMB)","company":"Zee Edtech","location":"Work From Home","duration":"1 Month","stipend":"10,000-20,000 /month","applications":"28 applicants","skills":["Biology","Chemistry","Hindi Proficiency (Spoken)","Hindi Proficiency (Written)","Mathematics","Physics"],"perks":["Certificate","Flexible work hours"],"openings":"10"},{"url":"/internship/detail/quality-analysis-mathematics-work-from-home-job-internship-at-qa-solvers1667547293","name":"Quality Analysis (Mathematics)","company":"QA Solvers","location":"Work From Home","duration":"3 Months","stipend":"12,000-15,000 /month","applications":"82 applicants","skills":["English Proficiency (Spoken)","English Proficiency (Written)","Mathematics"],"perks":["Certificate","Letter of recommendation","Flexible work hours"],"openings":"3"},{"url":"/internship/detail/subject-matter-expert-cse-probability-statistics-work-from-home-job-internship-at-quesba-edutech-private-limited1667545063","name":"Subject Matter Expert (CSE/Probability Statistics)","company":"Quesba Edutech Private Limited","location":"Work From Home","duration":"4 Months","stipend":"10,000 /month + Incentives","applications":"Be an early applicant","skills":[],"perks":["Certificate","Flexible work hours"],"openings":"20"},{"url":"/internship/detail/subject-matter-expert-sme-banking-and-tet-exam-work-from-home-job-internship-at-physics-wallah1667458485","name":"Subject Matter Expert (SME)- Banking And TET Exam","company":"Physics Wallah","location":"Work From Home","duration":"3 Months","stipend":"10,000-12,000 /month","applications":"71 applicants","skills":[],"perks":["Flexible work hours"],"openings":"10"},{"url":"/internship/detail/subject-matter-expert-sme-work-from-home-job-internship-at-tuetal1667458731","name":"Subject Matter Expert (SME)","company":"Tuetal","location":"Work From Home","duration":"4 Months","stipend":"18,000-37,500 /month","applications":"41 applicants","skills":["English Proficiency (Written)","Mathematics","MS-Office"],"perks":["Certificate","Letter of recommendation","Flexible work hours"],"openings":"20"},{"url":"/internship/detail/teaching-mathematics-ib-igcse-board-work-from-home-job-internship-at-auriv-learning1667409416","name":"Teaching Mathematics (IB/IGCSE Board)","company":"Auriv Learning","location":"Work From Home","duration":"2 Months","stipend":"10,000 /month","applications":"91 applicants","skills":[],"perks":["Certificate","Letter of recommendation","Flexible work hours","5 days a week"],"openings":"4"},{"url":"/internship/detail/subject-matter-expert-sme-part-time-job-internship-at-multiple-locations-in-acadque1667420990","name":"Subject Matter Expert (SME)","company":"AcadQue","location":"Kota","duration":"4 Months","stipend":"8,000 /month + Incentives","applications":"Be an early applicant","skills":["Biology","Chemistry","Mathematics","Physics","Subject Matter Expert (SME)"],"perks":["Certificate","Letter of recommendation","Flexible work hours","Informal dress code","5 days a week"],"openings":"20"},{"url":"/internship/detail/subject-matter-expert-pcmb-work-from-home-job-internship-at-questta-learrning1667470469","name":"Subject Matter Expert (PCMB)","company":"Questta Learrning","location":"Work From Home","duration":"6 Months","stipend":"10,000-15,500 /month","applications":"97 applicants","skills":["Biology","Chemistry","English Proficiency (Written)","LaTeX","Mathematics","Physics"],"perks":["Certificate","Letter of recommendation","Flexible work hours"],"openings":"15"},{"url":"/internship/detail/subject-matter-expert-mathematics-work-from-home-job-internship-at-solvaphile1667466396","name":"Subject Matter Expert (Mathematics)","company":"Solvaphile","location":"Work From Home","duration":"2 Months","stipend":"5,000-25,000 /month","applications":"128 applicants","skills":["Mathematics","Subject Matter Expert (SME)"],"perks":["Certificate","Letter of recommendation","Flexible work hours","Job offer"],"openings":"50"},{"url":"/internship/detail/subject-matter-expert-quantitative-aptitude-reasoning-part-time-job-internship-at-pitampura-in-zenith-consultants1667459895","name":"Subject Matter Expert (Quantitative Aptitude & Reasoning)","company":"Zenith Consultants","location":"Pitampura","duration":"6 Months","stipend":"15,000-24,000 /month","applications":"Be an early applicant","skills":["English Proficiency (Written)","Mathematics"],"perks":["Certificate","Letter of recommendation","Flexible work hours","Informal dress code","Free snacks & beverages","Job offer"],"openings":"2"},{"url":"/internship/detail/teaching-pcmb-internship-in-delhi-at-unimonks1667391550","name":"Teaching PCMB","company":"Unimonks","location":"Delhi","duration":"4 Months","stipend":"8,000-16,000 /month","applications":"Be an early applicant","skills":["Online Teaching"],"perks":["Certificate","Letter of recommendation","Flexible work hours"],"openings":"4"},{"url":"/internship/detail/phonics-and-mathematics-teaching-part-time-job-internship-at-bangalore-in-refining-skills-academy-rs-academy1667453947","name":"Phonics And Mathematics Teaching","company":"Refining Skills Academy (RS Academy)","location":"Bangalore","duration":"6 Months","stipend":"12,000 /month","applications":"Be an early applicant","skills":["English Proficiency (Spoken)","English Proficiency (Written)","Mathematics","Teaching"],"perks":["Certificate"],"openings":"1"},{"url":"/internship/detail/quantity-survey-internship-in-coimbatore-at-a-plus-r-architects1667383488","name":"Quantity Survey","company":"A Plus R Architects","location":"Coimbatore","duration":"4 Months","stipend":"4,000-10,000 /month","applications":"Be an early applicant","skills":["MS-Excel"],"perks":["Certificate","Letter of recommendation","Flexible work hours"],"openings":"2"},{"url":"/internship/detail/subject-matter-expert-sme-maths-statistics-work-from-home-job-internship-at-miwo-eduserve1667368459","name":"Subject Matter Expert (SME) -Maths & Statistics","company":"Miwo Eduserve","location":"Work From Home","duration":"2 Months","stipend":"5,000 /month","applications":"73 applicants","skills":["Biology","Biostatistics","Chemistry","Mathematics","Molecular Biology Techniques","Physics"],"perks":["Certificate","Letter of recommendation"],"openings":"5"},{"url":"/internship/detail/subject-matter-expert-mathematics-work-from-home-job-internship-at-paradise-edu-services1667321344","name":"Subject Matter Expert (Mathematics)","company":"Paradise Edu Services","location":"Work From Home","duration":"3 Months","stipend":"5,000-6,000 /month","applications":"55 applicants","skills":["English Proficiency (Written)","LaTeX","Mathematics","Subject Matter Expert (SME)"],"perks":["Certificate","Letter of recommendation","5 days a week"],"openings":"20"},{"url":"/internship/detail/teaching-statistics-sme-work-from-home-job-internship-at-tvm-e-learning1667363365","name":"Teaching (Statistics - SME)","company":"TVM E-Learning","location":"Work From Home","duration":"6 Months","stipend":"12,000-16,000 /month","applications":"Be an early applicant","skills":["MS-Office","Online Teaching","Statistics","Subject Matter Expert (SME)"],"perks":["Certificate","Letter of recommendation","Flexible work hours"],"openings":"6"},{"url":"/internship/detail/teaching-mathematics-sme-work-from-home-job-internship-at-tvm-e-learning1667363482","name":"Teaching (Mathematics - SME)","company":"TVM E-Learning","location":"Work From Home","duration":"6 Months","stipend":"12,000-16,000 /month","applications":"83 applicants","skills":["Mathematics","MS-Office","Subject Matter Expert (SME)"],"perks":["Certificate","Letter of recommendation","Flexible work hours"],"openings":"6"},{"url":"/internship/detail/subject-matter-expert-sme-work-from-home-job-internship-at-servon-solution-llp1667297359","name":"Subject Matter Expert (SME)","company":"Servon Solution LLP","location":"Work From Home","duration":"3 Months","stipend":"8,000-10,000 /month","applications":"105 applicants","skills":["Accounting","Chemistry","English Proficiency (Spoken)","English Proficiency (Written)","Hindi Proficiency (Spoken)","Hindi Proficiency (Written)","Mathematics","Online Teaching","Physics","Subject Matter Expert (SME)"],"perks":["Certificate","Flexible work hours"],"openings":"25"},{"url":"/internship/detail/hindi-video-solutions-pen-tab-based-work-from-home-job-internship-at-amivo-tech-solutions1667362044","name":"Hindi Video Solutions (Pen-Tab Based)","company":"Amivo Tech Solutions","location":"Work From Home","duration":"5 Months","stipend":"30,000 /month","applications":"45 applicants","skills":["Chemistry","Hindi Proficiency (Spoken)","Hindi Proficiency (Written)","Mathematics","Physics","Subject Matter Expert (SME)"],"perks":["Flexible work hours"],"openings":"20"},{"url":"/internship/detail/textbook-solution-writing-advanced-mathematics-graduation-work-from-home-job-internship-at-paragon-edtech1667232024","name":"Textbook Solution Writing- Advanced Mathematics (Graduation)","company":"Paragon Edtech","location":"Work From Home","duration":"1 Month","stipend":"15,000 /month + Incentives","applications":"111 applicants","skills":["Mathematics","Subject Matter Expert (SME)"],"perks":["Letter of recommendation","Flexible work hours","5 days a week"],"openings":"15"},{"url":"/internship/detail/hindi-medium-pcm-virtual-teaching-work-from-home-job-internship-at-wazir-education-society1667246418","name":"Hindi Medium PCM Virtual Teaching","company":"Wazir Education Society","location":"Work From Home","duration":"3 Months","stipend":"1,000-2,000 /month","applications":"34 applicants","skills":["Biology","Chemistry","Hindi Proficiency (Spoken)","Hindi Proficiency (Written)","Mathematics","Online Teaching","Physics","Teaching"],"perks":["Certificate","Letter of recommendation","Flexible work hours"],"openings":"10"},{"url":"/internship/detail/video-solutions-creation-pcm-work-from-home-job-internship-at-mind-harmonics1667270679","name":"Video Solutions Creation (PCM)","company":"Mind Harmonics","location":"Work From Home","duration":"3 Months","stipend":"15,000-20,000 /month","applications":"85 applicants","skills":["Chemistry","Mathematics","Physics"],"perks":["Certificate","Letter of recommendation","Flexible work hours"],"openings":"15"},{"url":"/internship/detail/subject-matter-expert-sme-work-from-home-job-internship-at-innovative-creaters1667205350","name":"Subject Matter Expert (SME)","company":"Innovative Creaters","location":"Work From Home","duration":"3 Months","stipend":"1,000 /month + Incentives","applications":"92 applicants","skills":[],"perks":["Certificate","Flexible work hours"],"openings":"20"},{"url":"/internship/detail/subject-matter-expert-mathematics-internship-in-delhi-at-teachoo1667290964","name":"Subject Matter Expert (Mathematics)","company":"Teachoo","location":"Delhi","duration":"3 Months","stipend":"15,000-20,000 /month","applications":"Be an early applicant","skills":["English Proficiency (Spoken)","English Proficiency (Written)","Mathematics"],"perks":["Certificate","Letter of recommendation","Flexible work hours","Informal dress code","5 days a week"],"openings":"5"},{"url":"/internship/detail/doubt-solving-mathematics-work-from-home-job-internship-at-kunduz-incorporation1667282903","name":"Doubt Solving (Mathematics)","company":"Kunduz Incorporation","location":"Work From Home","duration":"2 Months","stipend":"5,000-6,000 /month","applications":"70 applicants","skills":["Mathematics","Online Teaching","Subject Matter Expert (SME)","Teaching"],"perks":["Flexible work hours"],"openings":"10"},{"url":"/internship/detail/content-writing-mathematics-work-from-home-job-internship-at-solvaphile1667137727","name":"Content Writing (Mathematics)","company":"Solvaphile","location":"Work From Home","duration":"2 Months","stipend":"3,000-25,000 /month","applications":"357 applicants","skills":["Content Writing","Mathematics","Subject Matter Expert (SME)","Teaching"],"perks":["Certificate","Letter of recommendation","Flexible work hours","Job offer"],"openings":"50"},{"url":"/internship/detail/subject-matter-expert-mathematics-work-from-home-job-internship-at-hazzten1667201903","name":"Subject Matter Expert (Mathematics)","company":"HaZZten","location":"Work From Home","duration":"6 Months","stipend":"11,500 /month + Incentives","applications":"334 applicants","skills":["LaTeX","Mathematics","MATLAB","MS-Office","Subject Matter Expert (SME)"],"perks":["Certificate","Flexible work hours"],"openings":"30"}]}