{"success":40,"failed":0,"internships":[{"url":"/internship/detail/social-entrepreneurship-work-from-home-job-internship-at-hamari-pahchan-ngo1666101467","name":"Social Entrepreneurship","company":"Hamari Pahchan NGO","location":"Work From Home","duration":"1 Month","stipend":"Unpaid","applications":"1000+ applicants","skills":["Creative Writing"],"perks":["Certificate","Letter of recommendation","Flexible work hours"],"openings":"3000"},{"url":"/internship/detail/human-resources-hr-internship-in-bangalore-at-phonepe-private-limited1667563674","name":"Human Resources (HR)","company":"PhonePe Private Limited","location":"Bangalore","duration":"3 Months","stipend":"25,000 /month","applications":"Be an early applicant","skills":["English Proficiency (Spoken)","MS-Excel","MS-Office"],"perks":["Certificate","Letter of recommendation","5 days a week","Free snacks & beverages"],"openings":"2"},{"url":"/internship/detail/hr-tech-internship-in-mumbai-at-tata-aia-life-insurance1667546943","name":"HR (Tech)","company":"Tata AIA Life Insurance","location":"Mumbai","duration":"6 Months","stipend":"10,000 /month","applications":"Be an early applicant","skills":[],"perks":["Certificate"],"openings":"1"},{"url":"/internship/detail/marketing-internship-in-gurgaon-at-snapdeal1667545099","name":"Marketing","company":"Snapdeal","location":"Gurgaon","duration":"3 Months","stipend":"10,000 /month","applications":"32 applicants","skills":[],"perks":["Certificate","Letter of recommendation","5 days a week"],"openings":"10"},{"url":"/internship/detail/social-media-marketing-part-time-job-internship-at-ghaziabad-in-fashion-tv-india1667570425","name":"Social Media Marketing","company":"Fashion TV India","location":"Ghaziabad","duration":"3 Months","stipend":"6,000 /month","applications":"Be an early applicant","skills":["Creative Writing","Digital Marketing","English Proficiency (Written)","Instagram Marketing","Search Engine Optimization (SEO)","Social Media Marketing"],"perks":["Certificate","Letter of recommendation","Informal dress code","Free snacks & beverages","Job offer"],"openings":"4"},{"url":"/internship/detail/human-resources-hr-internship-in-ghaziabad-at-fashion-tv-india1667570317","name":"Human Resources (HR)","company":"Fashion TV India","location":"Ghaziabad","duration":"3 Months","stipend":"7,000 /month","applications":"Be an early applicant","skills":["English Proficiency (Spoken)","English Proficiency (Written)","MS-Excel","MS-Office","MS-Word"],"perks":["Certificate","Letter of recommendation","Informal dress code","Job offer"],"openings":"2"},{"url":"/internship/detail/business-development-sales-internship-in-ghaziabad-at-fashion-tv-india1667570180","name":"Business Development (Sales)","company":"Fashion TV India","location":"Ghaziabad","duration":"3 Months","stipend":"7,000 /month","applications":"Be an early applicant","skills":["English Proficiency (Spoken)","English Proficiency (Written)"],"perks":["Certificate","Letter of recommendation","Informal dress code","Job offer"],"openings":"2"},{"url":"/internship/detail/omni-sports-leader-part-time-job-internship-at-mumbai-in-decathlon1667569582","name":"Omni Sports Leader","company":"Decathlon","location":"Mumbai","duration":"3 Months","stipend":"12,000 /month","applications":"Be an early applicant","skills":[],"perks":["Flexible work hours","Informal dress code","5 days a week"],"openings":"5"},{"url":"/internship/detail/database-validation-internship-in-chennai-at-confederation-of-indian-industry-cii1667472555","name":"Database Validation","company":"Confederation Of Indian Industry (CII)","location":"Chennai","duration":"2 Months","stipend":"8,000 /month","applications":"Be an early applicant","skills":[],"perks":["Certificate"],"openings":"2"},{"url":"/internship/detail/marketing-internship-in-multiple-locations-at-reliance-industries-limited1667563777","name":"Marketing","company":"Reliance Industries Limited","location":"Thane","duration":"3 Months","stipend":"10,000 /month","applications":"Be an early applicant","skills":["English Proficiency (Spoken)","English Proficiency (Written)"],"perks":["Informal dress code","5 days a week"],"openings":"1"},{"url":"/internship/detail/human-resources-hr-internship-in-mumbai-bandra-at-muthoot-fincorp-limited1667562086","name":"Human Resources (HR)","company":"Muthoot Fincorp Limited","location":"Mumbai","duration":"6 Months","stipend":"10,000 /month","applications":"Be an early applicant","skills":["Recruitment"],"perks":["Certificate","Letter of recommendation"],"openings":"1"},{"url":"/internship/detail/business-development-sales-internship-in-delhi-noida-at-times-internet1667466510","name":"Business Development (Sales)","company":"Times Internet","location":"Delhi","duration":"6 Months","stipend":"10,000 /month","applications":"Be an early applicant","skills":["Email Marketing","English Proficiency (Spoken)","English Proficiency (Written)"],"perks":["Certificate","Letter of recommendation","5 days a week"],"openings":"10"},{"url":"/internship/detail/business-development-sales-internship-in-multiple-locations-at-byjus-the-learning-app1667487178","name":"Business Development (Sales)","company":"BYJU'S The Learning App","location":"Delhi","duration":"6 Weeks","stipend":"28,500 /month","applications":"41 applicants","skills":[],"perks":["Certificate"],"openings":"50"},{"url":"/internship/detail/human-resources-hr-internship-in-gurgaon-at-mobikwik1667477763","name":"Human Resources (HR)","company":"MobiKwik","location":"Gurgaon","duration":"3 Months","stipend":"20,000 /month","applications":"96 applicants","skills":["English Proficiency (Spoken)"],"perks":["Certificate","Letter of recommendation","Informal dress code","5 days a week"],"openings":"1"},{"url":"/internship/detail/marketing-internship-in-noida-at-monster-india1667386810","name":"Marketing","company":"Monster India","location":"Noida","duration":"3 Months","stipend":"12,000 /month","applications":"Be an early applicant","skills":["Content Writing","Creative Writing","English Proficiency (Spoken)","English Proficiency (Written)","MS-Excel","MS-Office"],"perks":["Certificate","Informal dress code","5 days a week"],"openings":"2"},{"url":"/internship/detail/business-development-sales-internship-in-gurgaon-noida-at-times-internet1667475933","name":"Business Development (Sales)","company":"Times Internet","location":"Gurgaon","duration":"3 Months","stipend":"9,000-10,000 /month","applications":"Be an early applicant","skills":[],"perks":["Certificate"],"openings":"1"},{"url":"/internship/detail/business-development-sales-part-time-job-internship-at-nagpur-in-upgrad-upgrad-education-private-limited1667538885","name":"Business Development (Sales)","company":"UpGrad (UpGrad Education Private Limited)","location":"Nagpur","duration":"2 Months","stipend":"3,000 /month + Incentives","applications":"Be an early applicant","skills":["English Proficiency (Spoken)","MS-Excel"],"perks":["Certificate","Letter of recommendation","Flexible work hours","Informal dress code","Job offer"],"openings":"10"},{"url":"/internship/detail/marketing-internship-in-coimbatore-at-decathlon-sports-india1667456324","name":"Marketing","company":"Decathlon Sports India","location":"Coimbatore","duration":"2 Months","stipend":"8,000 /month","applications":"Be an early applicant","skills":["Digital Marketing","Social Media Marketing"],"perks":["Certificate","Letter of recommendation","Informal dress code"],"openings":"10"},{"url":"/internship/detail/human-resources-hr-internship-in-delhi-at-niit-foundation1667387295","name":"Human Resources (HR)","company":"NIIT Foundation","location":"Delhi","duration":"6 Months","stipend":"15,000 /month","applications":"49 applicants","skills":["English Proficiency (Spoken)","MS-Excel","MS-Word"],"perks":["Certificate"],"openings":"2"},{"url":"/internship/detail/social-media-marketing-internship-in-chennai-at-saregama-india-limited1667454376","name":"Social Media Marketing","company":"Saregama India Limited","location":"Chennai","duration":"3 Months","stipend":"5,000-10,000 /month","applications":"Be an early applicant","skills":["English Proficiency (Spoken)","English Proficiency (Written)","Social Media Marketing"],"perks":["Certificate","Flexible work hours","5 days a week"],"openings":"1"},{"url":"/internship/detail/research-internship-in-hyderabad-at-teach-for-india1667384109","name":"Research","company":"Teach For India","location":"Hyderabad","duration":"2 Months","stipend":"4,000 /month","applications":"Be an early applicant","skills":["MS-Office","Research and Analytics"],"perks":["Certificate","Letter of recommendation","Flexible work hours"],"openings":"2"},{"url":"/internship/detail/marketing-internship-in-bangalore-at-monster-india1667378181","name":"Marketing","company":"Monster India","location":"Bangalore","duration":"3 Months","stipend":"10,000-12,000 /month","applications":"Be an early applicant","skills":["Content Writing","Email Marketing","English Proficiency (Spoken)","English Proficiency (Written)","MS-Excel"],"perks":["Certificate","5 days a week"],"openings":"3"},{"url":"/internship/detail/business-development-internship-in-kalyan-at-byjus-the-learning-app1667478982","name":"Business Development","company":"BYJU'S The Learning App","location":"Kalyan","duration":"3 Months","stipend":"15,000 /month","applications":"Be an early applicant","skills":[],"perks":[],"openings":"5"},{"url":"/internship/detail/omni-sport-part-time-job-internship-at-delhi-noida-in-decathlon-sports-india1667478345","name":"Omni Sport","company":"Decathlon Sports India","location":"Delhi","duration":"2 Months","stipend":"10,000 /month","applications":"36 applicants","skills":["MS-Excel","MS-PowerPoint"],"perks":["Certificate","Letter of recommendation"],"openings":"10"},{"url":"/internship/detail/business-development-sales-internship-in-delhi-gurgaon-at-mobikwik1667477276","name":"Business Development (Sales)","company":"MobiKwik","location":"Delhi","duration":"3 Months","stipend":"20,000 /month","applications":"83 applicants","skills":["English Proficiency (Spoken)"],"perks":["Certificate","Letter of recommendation","Flexible work hours","Informal dress code","5 days a week"],"openings":"20"},{"url":"/internship/detail/marketing-internship-in-chennai-pondicherry-at-byjus-the-learning-app1667385933","name":"Marketing","company":"BYJU'S The Learning App","location":"Chennai","duration":"6 Months","stipend":"21,000 /month","applications":"Be an early applicant","skills":["Client Relationship","English Proficiency (Spoken)","English Proficiency (Written)","Tamil Proficiency (Spoken)"],"perks":["Certificate"],"openings":"15"},{"url":"/internship/detail/human-resources-hr-internship-in-mumbai-at-godrej-and-boyce-mfg-company-limited1666950558","name":"Human Resources (HR)","company":"Godrej And Boyce Mfg. Company Limited","location":"Mumbai","duration":"3 Months","stipend":"2,000 /month","applications":"34 applicants","skills":["English Proficiency (Spoken)","English Proficiency (Written)","MS-Excel","MS-Office","MS-Word"],"perks":["Certificate","5 days a week"],"openings":"2"},{"url":"/internship/detail/event-management-internship-in-noida-at-times-internet-limited1667456057","name":"Event Management","company":"Times Internet Limited","location":"Noida","duration":"6 Months","stipend":"10,000 /month","applications":"Be an early applicant","skills":["English Proficiency (Spoken)","Event Management","MS-Excel","MS-Office"],"perks":["Certificate","Informal dress code","5 days a week"],"openings":"2"},{"url":"/internship/detail/human-resources-hr-internship-in-pune-at-firstcry1667375518","name":"Human Resources (HR)","company":"FirstCry","location":"Pune","duration":"3 Months","stipend":"5,000 /month","applications":"69 applicants","skills":["Recruitment"],"perks":["Certificate"],"openings":"4"},{"url":"/internship/detail/marketing-internship-in-delhi-at-wwf-india1667286278","name":"Marketing","company":"WWF-India","location":"Delhi","duration":"3 Months","stipend":"15,000 /month","applications":"33 applicants","skills":[],"perks":["Certificate","Letter of recommendation","Informal dress code"],"openings":"1"},{"url":"/internship/detail/social-media-marketing-work-from-home-job-internship-at-hindustan-times-media-limited1667298876","name":"Social Media Marketing","company":"Hindustan Times Media Limited","location":"Work From Home","duration":"3 Months","stipend":"5,000 /month","applications":"266 applicants","skills":["Creative Writing","English Proficiency (Written)","Facebook Marketing","Instagram Marketing","Social Media Marketing"],"perks":["Certificate","Letter of recommendation","Flexible work hours"],"openings":"2"},{"url":"/internship/detail/human-resources-hr-internship-in-ahmedabad-at-ciie-initiatives-iim-ahmedabad1667388366","name":"Human Resources (HR)","company":"CIIE Initiatives (IIM Ahmedabad)","location":"Ahmedabad","duration":"6 Months","stipend":"10,000 /month","applications":"Be an early applicant","skills":["English Proficiency (Spoken)","English Proficiency (Written)","MS-Office"],"perks":["Certificate","Letter of recommendation","Informal dress code","5 days a week"],"openings":"1"},{"url":"/internship/detail/chartered-accountancy-ca-internship-in-mumbai-at-hamilton-housewares-private-limited-milton1667377835","name":"Chartered Accountancy (CA)","company":"Hamilton Housewares Private Limited (Milton)","location":"Mumbai","duration":"6 Months","stipend":"2,000-6,000 /month","applications":"Be an early applicant","skills":["Accounting","MS-Excel","MS-Office","MS-Word","Tally"],"perks":["Certificate","Letter of recommendation","Flexible work hours"],"openings":"5"},{"url":"/internship/detail/social-media-marketing-internship-in-mumbai-at-hungama-digital-media-entertainment-private-limited1667379953","name":"Social Media Marketing","company":"Hungama Digital Media Entertainment Private Limited","location":"Mumbai","duration":"3 Months","stipend":"5,000 /month","applications":"61 applicants","skills":["Creative Writing","Digital Marketing","English Proficiency (Spoken)","English Proficiency (Written)","Instagram Marketing","MS-Excel","Social Media Marketing"],"perks":["Certificate","Informal dress code"],"openings":"1"},{"url":"/internship/detail/human-resources-hr-internship-in-mumbai-at-saregama-india-limited1667285257","name":"Human Resources (HR)","company":"Saregama India Limited","location":"Mumbai","duration":"3 Months","stipend":"8,000-10,000 /month","applications":"111 applicants","skills":["English Proficiency (Spoken)","English Proficiency (Written)","MS-Excel"],"perks":["Certificate","5 days a week","Free snacks & beverages"],"openings":"1"},{"url":"/internship/detail/telecalling-internship-in-mumbai-at-economic-times-edge1667303501","name":"Telecalling","company":"Economic Times Edge","location":"Mumbai","duration":"3 Months","stipend":"5,000 /month","applications":"Be an early applicant","skills":["English Proficiency (Spoken)","MS-Excel"],"perks":["Certificate","Informal dress code","5 days a week"],"openings":"2"},{"url":"/internship/detail/marketing-internship-in-gurgaon-at-max-life-insurance1667196605","name":"Marketing","company":"Max Life Insurance","location":"Gurgaon","duration":"2 Months","stipend":"10,000 /month","applications":"47 applicants","skills":["English Proficiency (Spoken)","English Proficiency (Written)","MS-Office"],"perks":["Certificate","5 days a week"],"openings":"1"},{"url":"/internship/detail/business-development-sales-work-from-home-job-internship-at-economic-times1667278443","name":"Business Development (Sales)","company":"Economic Times","location":"Work From Home","duration":"6 Months","stipend":"7,000 /month","applications":"92 applicants","skills":[],"perks":["Certificate","5 days a week"],"openings":"2"},{"url":"/internship/detail/fashion-consultantcy-internship-in-multiple-locations-at-reliance-brands-limited1667205170","name":"Fashion Consultantcy","company":"Reliance Brands Limited","location":"Ahmedabad","duration":"3 Months","stipend":"19,000 /month","applications":"143 applicants","skills":[],"perks":["Flexible work hours","Informal dress code"],"openings":"40"},{"url":"/internship/detail/business-development-sales-internship-in-mumbai-at-byjus-the-learning-app1667203081","name":"Business Development (Sales)","company":"BYJU'S The Learning App","location":"Mumbai","duration":"3 Months","stipend":"18,000 /month","applications":"29 applicants","skills":["English Proficiency (Spoken)","English Proficiency (Written)","Hindi Proficiency (Spoken)"],"perks":["Certificate"],"openings":"5"}]}