{"success":40,"failed":0,"internships":[{"url":"/internship/detail/production-engineering-electronics-internship-in-hyderabad-at-startoon-labs-private-limited1667556156","name":"Production Engineering (Electronics)","company":"Startoon Labs Private Limited","location":"Hyderabad","duration":"6 Months","stipend":"8,000 /month","applications":"Be an early applicant","skills":[],"perks":["Certificate","5 days a week","Job offer"],"openings":"2"},{"url":"/internship/detail/mechanical-engineering-3d-scanning-internship-in-chennai-at-esse-3d-technologies-private-limited1667580688","name":"Mechanical Engineering/3D Scanning","company":"Esse 3D Technologies Private Limited","location":"Chennai","duration":"6 Months","stipend":"5,000 /month","applications":"Be an early applicant","skills":["Catia","NX Siemens (formerly Unigraphics NX)","PTC Creo","SolidWorks"],"perks":["Certificate","Letter of recommendation","Informal dress code"],"openings":"2"},{"url":"/internship/detail/academic-internship-in-kurukshetra-at-coreel-technologies1667566166","name":"Academic","company":"CoreEL Technologies","location":"Kurukshetra","duration":"6 Months","stipend":"20,000 /month","applications":"Be an early applicant","skills":["CNC Programming"],"perks":["Certificate"],"openings":"1"},{"url":"/internship/detail/automobile-engineering-internship-in-bangalore-at-niroj-ranjan-das1667563600","name":"Automobile Engineering","company":"Niroj Ranjan Das","location":"Bangalore","duration":"3 Months","stipend":"15,000 /month","applications":"Be an early applicant","skills":["ANSYS","Autodesk Fusion 360","Catia"],"perks":["Certificate","Flexible work hours","Informal dress code"],"openings":"3"},{"url":"/internship/detail/mechanical-engineering-internship-in-hyderabad-at-zedblox-logitech-private-limited1667472954","name":"Mechanical Engineering","company":"ZedBlox Logitech Private Limited","location":"Hyderabad","duration":"6 Months","stipend":"10,000-15,000 /month","applications":"Be an early applicant","skills":["MS-Excel","SolidWorks"],"perks":["Certificate","Flexible work hours","Informal dress code","5 days a week"],"openings":"1"},{"url":"/internship/detail/quality-engineering-electro-mechanical-internship-in-greater-noida-at-indoma-industries-private-limited1667464735","name":"Quality Engineering (Electro-Mechanical)","company":"Indoma Industries Private Limited","location":"Greater Noida","duration":"6 Months","stipend":"5,000 /month","applications":"Be an early applicant","skills":["MS-Office"],"perks":["Certificate","Letter of recommendation","Job offer"],"openings":"1"},{"url":"/internship/detail/3d-visualizer-art-work-from-home-job-internship-at-swapnil-ranjan1667548570","name":"3D Visualizer/Art","company":"Swapnil Ranjan","location":"Work From Home","duration":"3 Months","stipend":"4,000 /month","applications":"Be an early applicant","skills":["3ds Max","Blender 3D"],"perks":["Certificate","Job offer"],"openings":"3"},{"url":"/internship/detail/autocad-design-internship-in-delhi-at-ninth-feb1667553573","name":"AutoCAD Design","company":"Ninth Feb","location":"Delhi","duration":"3 Months","stipend":"10,000 /month","applications":"Be an early applicant","skills":["Adobe Creative Suite","Adobe Illustrator","AutoCAD"],"perks":["Certificate","Letter of recommendation","Flexible work hours","Informal dress code","5 days a week","Job offer"],"openings":"1"},{"url":"/internship/detail/product-design-engineering-internship-in-chakan-at-ra-global-tech-solutions-llp1667482576","name":"Product Design Engineering","company":"RA Global Tech Solutions LLP","location":"Chakan","duration":"3 Months","stipend":"2,000 /month","applications":"Be an early applicant","skills":["Blender 3D","CAD","Design Thinking"],"perks":["Certificate","Letter of recommendation","5 days a week"],"openings":"2"},{"url":"/internship/detail/industrial-design-work-from-home-job-internship-at-gudgudee1667545244","name":"Industrial Design","company":"Gudgudee","location":"Work From Home","duration":"3 Months","stipend":"10,000 /month","applications":"Be an early applicant","skills":["Adobe Illustrator","Adobe Indesign","Adobe Photoshop","AutoCAD","MS-PowerPoint","Rhino"],"perks":["Certificate","Letter of recommendation","Job offer"],"openings":"3"},{"url":"/internship/detail/mechatronics-engineering-internship-in-bangalore-at-yolabs1667542526","name":"Mechatronics Engineering","company":"Yolabs","location":"Bangalore","duration":"6 Months","stipend":"11,000-15,000 /month","applications":"Be an early applicant","skills":["Arduino","Autodesk Fusion 360","Blender 3D","C++ Programming","Circuit Design","CNC Programming","Embedded Systems","Python","Raspberry Pi","Robotics","Unity 3D"],"perks":["Certificate","Letter of recommendation","Flexible work hours","Informal dress code","Free snacks & beverages","Job offer"],"openings":"3"},{"url":"/internship/detail/robotics-engineering-internship-in-chennai-at-aero3601667540450","name":"Robotics Engineering","company":"Aero360","location":"Chennai","duration":"6 Months","stipend":"15,000-25,000 /month","applications":"Be an early applicant","skills":[],"perks":["Certificate","Letter of recommendation","Informal dress code","Free snacks & beverages"],"openings":"1"},{"url":"/internship/detail/subject-matter-expert-sme-gate-exam-work-from-home-job-internship-at-physics-wallah1667458675","name":"Subject Matter Expert (SME)- GATE Exam","company":"Physics Wallah","location":"Work From Home","duration":"3 Months","stipend":"10,000-12,000 /month","applications":"100 applicants","skills":[],"perks":["Flexible work hours"],"openings":"10"},{"url":"/internship/detail/architecture-and-interior-designing-internship-in-ahmedabad-at-raw-project1667538747","name":"Architecture and Interior Designing","company":"Raw Project","location":"Ahmedabad","duration":"6 Months","stipend":"5,000-7,000 /month","applications":"Be an early applicant","skills":["Adobe Illustrator","Adobe Indesign","Adobe Photoshop","AutoCAD","Google SketchUp","Sketching"],"perks":["Certificate","Letter of recommendation","Informal dress code","Free snacks & beverages"],"openings":"2"},{"url":"/internship/detail/ui-ux-design-internship-in-gurgaon-at-finverv1667375292","name":"UI/UX Design","company":"Finverv","location":"Gurgaon","duration":"6 Months","stipend":"10,000 /month","applications":"Be an early applicant","skills":["Adobe XD","UI & UX Design","User Interface (UI) Development"],"perks":["Certificate","Letter of recommendation","Flexible work hours","Informal dress code","5 days a week"],"openings":"1"},{"url":"/internship/detail/mechanical-engineering-design-3d-printing-internship-in-hyderabad-at-maker-global1667504848","name":"Mechanical Engineering (Design & 3D Printing)","company":"Maker Global","location":"Hyderabad","duration":"6 Months","stipend":"7,000-10,000 /month","applications":"Be an early applicant","skills":["ANSYS","Autodesk Fusion 360","Catia","English Proficiency (Spoken)","English Proficiency (Written)","KeyShot","MS-Office","PTC Creo","SolidWorks"],"perks":["Certificate","Letter of recommendation","Job offer"],"openings":"3"},{"url":"/internship/detail/engineering-design-internship-in-mumbai-at-ra-global-tech-solutions-llp1667482525","name":"Engineering Design","company":"RA Global Tech Solutions LLP","location":"Mumbai","duration":"3 Months","stipend":"3,000 /month","applications":"Be an early applicant","skills":["Autodesk Fusion 360","SolidWorks"],"perks":["Certificate","Letter of recommendation","5 days a week"],"openings":"1"},{"url":"/internship/detail/interior-design-internship-in-delhi-at-manglam-interiors1667453005","name":"Interior Design","company":"Manglam Interiors","location":"Delhi","duration":"3 Months","stipend":"4,000 /month","applications":"Be an early applicant","skills":["3ds Max","AutoCAD","Autodesk Inventor","Autodesk Revit"],"perks":["Certificate","Letter of recommendation","Flexible work hours","Informal dress code"],"openings":"4"},{"url":"/internship/detail/design-engineering-part-time-job-internship-at-hyderabad-in-nanofusion1667475299","name":"Design Engineering","company":"NANOFUSION","location":"Hyderabad","duration":"3 Months","stipend":"6,000 /month + Incentives","applications":"Be an early applicant","skills":["ANSYS","Autodesk Fusion 360","SolidWorks"],"perks":["Certificate","Letter of recommendation","Flexible work hours","Informal dress code","5 days a week","Job offer"],"openings":"4"},{"url":"/internship/detail/design-engineering-part-time-job-internship-at-chennai-in-first-feet-engineering1667474045","name":"Design Engineering","company":"First Feet Engineering","location":"Chennai","duration":"3 Months","stipend":"5,000 /month","applications":"Be an early applicant","skills":["AutoCAD","SolidWorks"],"perks":["Certificate","Letter of recommendation","Flexible work hours","Informal dress code"],"openings":"3"},{"url":"/internship/detail/mechanical-engineering-r-d-internship-in-pimpri-at-qtanea-solutions-private-limited1667473407","name":"Mechanical Engineering (R&D)","company":"Qtanea Solutions Private Limited","location":"Pimpri","duration":"3 Months","stipend":"5,000 /month","applications":"Be an early applicant","skills":["CAD","Design Thinking","Rapid Prototyping"],"perks":["Certificate","Letter of recommendation","Informal dress code"],"openings":"2"},{"url":"/internship/detail/electronic-design-internship-in-bangalore-at-electrine-ingenum-solutions-private-limited1667468336","name":"Electronic Design","company":"Electrine Ingenum Solutions Private Limited","location":"Bangalore","duration":"6 Months","stipend":"10,000 /month","applications":"32 applicants","skills":["Analog And Digital Circuits","Circuit Design"],"perks":["Certificate","Letter of recommendation"],"openings":"2"},{"url":"/internship/detail/pcb-design-and-coding-work-from-home-job-internship-at-pp-technologies1667403374","name":"PCB Design And Coding","company":"PP Technologies","location":"Work From Home","duration":"1 Week","stipend":"10,000 /week","applications":"93 applicants","skills":["C Programming","PCB Design"],"perks":["Certificate","Letter of recommendation","Flexible work hours"],"openings":"1"},{"url":"/internship/detail/industrial-design-internship-in-nashik-at-viaterra-travel-gear-private-limited1667463118","name":"Industrial Design","company":"Viaterra Travel Gear Private Limited","location":"Nashik","duration":"3 Months","stipend":"15,000-20,000 /month","applications":"Be an early applicant","skills":["Adobe Creative Suite","AutoCAD","Autodesk Fusion 360","Autodesk SketchBook","Design Thinking"],"perks":["Certificate","Informal dress code"],"openings":"1"},{"url":"/internship/detail/product-designing-internship-in-delhi-at-shilpkar-construction-private-limited1667461910","name":"Product Designing","company":"Shilpkar Construction Private Limited","location":"Delhi","duration":"2 Months","stipend":"5,000 /month","applications":"Be an early applicant","skills":["Adobe Illustrator","Adobe Photoshop","Blender 3D","Google Suite (G Suite)"],"perks":["Certificate","Letter of recommendation","Informal dress code"],"openings":"1"},{"url":"/internship/detail/mechanical-design-internship-in-chennai-at-trdfin-support-services1667460700","name":"Mechanical Design","company":"TRDFIN Support Services","location":"Chennai","duration":"6 Months","stipend":"15,000 /month","applications":"Be an early applicant","skills":["ANSYS","SolidWorks"],"perks":["Certificate","5 days a week"],"openings":"2"},{"url":"/internship/detail/cad-exterior-design-engineering-quality-assurance-work-from-home-job-internship-at-skyoffsite-estimate-claims1667455868","name":"CAD Exterior Design Engineering- Quality Assurance","company":"Skyoffsite [Estimate Claims]","location":"Work From Home","duration":"6 Months","stipend":"10,000-12,000 /month","applications":"65 applicants","skills":["CAD","Report Writing"],"perks":[],"openings":"4"},{"url":"/internship/detail/cad-design-production-engineering-work-from-home-job-internship-at-skyoffsite-estimate-claims1667455322","name":"CAD Design- Production Engineering","company":"Skyoffsite [Estimate Claims]","location":"Work From Home","duration":"6 Months","stipend":"10,000-12,000 /month","applications":"48 applicants","skills":["CAD","MS-Excel"],"perks":[],"openings":"20"},{"url":"/internship/detail/additive-manufacturing-fdm-internship-in-lucknow-bangalore-at-instantpost1667404667","name":"Additive Manufacturing (FDM)","company":"InstantPost","location":"Lucknow","duration":"6 Months","stipend":"2,000-6,000 /month","applications":"Be an early applicant","skills":["English Proficiency (Spoken)","English Proficiency (Written)"],"perks":["Certificate","Flexible work hours"],"openings":"1"},{"url":"/internship/detail/quality-mechanical-engineering-internship-in-chakan-at-wirecom-india-pvt-ltd1667387543","name":"Quality Mechanical Engineering","company":"Wirecom (India) Pvt Ltd.","location":"Chakan","duration":"3 Months","stipend":"4,000 /month","applications":"Be an early applicant","skills":["MS-Excel"],"perks":["Certificate"],"openings":"5"},{"url":"/internship/detail/mechanical-engineering-internship-in-ahmedabad-at-auto-forest1667377716","name":"Mechanical Engineering","company":"Auto Forest","location":"Ahmedabad","duration":"3 Months","stipend":"7,000 /month","applications":"Be an early applicant","skills":["AutoCAD","Catia"],"perks":["Letter of recommendation","Informal dress code","Job offer"],"openings":"2"},{"url":"/internship/detail/engineering-chemical-mechanical-internship-in-multiple-locations-at-mpower-energy-company-private-limited1667365945","name":"Engineering (Chemical & Mechanical)","company":"Mpower Energy Company Private Limited","location":"Pune","duration":"6 Months","stipend":"2,500 /month + Incentives","applications":"Be an early applicant","skills":[],"perks":["Certificate"],"openings":"6"},{"url":"/internship/detail/subject-matter-expert-mechanical-engineering-work-from-home-job-internship-at-innovalance-learning-systems1667295703","name":"Subject Matter Expert (Mechanical Engineering)","company":"Innovalance Learning Systems","location":"Work From Home","duration":"3 Months","stipend":"10,000 /month","applications":"59 applicants","skills":[],"perks":[],"openings":"10"},{"url":"/internship/detail/mechanical-design-engineering-internship-in-bangalore-at-arcsion1667308478","name":"Mechanical Design Engineering","company":"Arcsion","location":"Bangalore","duration":"2 Months","stipend":"15,000 /month","applications":"42 applicants","skills":["ANSYS","CAD","Engineering Drawing","Physics"],"perks":["Certificate","Informal dress code","5 days a week","Free snacks & beverages","Job offer"],"openings":"2"},{"url":"/internship/detail/cad-design-internship-in-hyderabad-at-unlearners-tech-private-limited1667303302","name":"CAD Design","company":"Unlearners Tech Private Limited","location":"Hyderabad","duration":"2 Months","stipend":"7,500 /month","applications":"26 applicants","skills":["Autodesk Fusion 360","Blender 3D","KeyShot"],"perks":["Certificate","Letter of recommendation","Informal dress code","Job offer"],"openings":"1"},{"url":"/internship/detail/mechanical-engineering-internship-in-multiple-locations-at-possibuild-building-technologies1667301570","name":"Mechanical Engineering","company":"PossiBuild Building Technologies","location":"Secunderabad","duration":"6 Months","stipend":"10,000-12,000 /month","applications":"Be an early applicant","skills":["AutoCAD","SolidWorks"],"perks":["Certificate","5 days a week","Job offer"],"openings":"2"},{"url":"/internship/detail/engineering-design-internship-in-bangalore-at-infinityx-innovations-private-limited1667284205","name":"Engineering Design","company":"InfinityX Innovations Private Limited","location":"Bangalore","duration":"3 Months","stipend":"15,000 /month + Incentives","applications":"79 applicants","skills":["AutoCAD","Catia","SolidWorks"],"perks":["Certificate","Letter of recommendation","Informal dress code","Job offer"],"openings":"2"},{"url":"/internship/detail/mechatronics-internship-in-bangalore-at-infinityx-innovations-private-limited1667284465","name":"Mechatronics","company":"InfinityX Innovations Private Limited","location":"Bangalore","duration":"3 Months","stipend":"15,000 /month + Incentives","applications":"45 applicants","skills":["Arduino","AutoCAD","Embedded Systems","Python","Raspberry Pi","Robotics"],"perks":["Certificate","Letter of recommendation","Informal dress code","Job offer"],"openings":"1"},{"url":"/internship/detail/mechanical-engineering-3d-printing-internship-in-hyderabad-at-garuda3d1667288588","name":"Mechanical Engineering (3D Printing)","company":"Garuda3d","location":"Hyderabad","duration":"6 Months","stipend":"7,500 /month","applications":"Be an early applicant","skills":["AutoCAD","Autodesk Fusion 360","Rapid Prototyping","SolidWorks"],"perks":["Certificate","Letter of recommendation","Free snacks & beverages"],"openings":"1"},{"url":"/internship/detail/cad-design-part-time-job-internship-at-delhi-in-slogfy1667286490","name":"CAD Design","company":"Slogfy","location":"Delhi","duration":"3 Months","stipend":"2,000 /month + Incentives","applications":"Be an early applicant","skills":["Autodesk Fusion 360","SolidWorks"],"perks":["Certificate","Letter of recommendation","Flexible work hours","5 days a week","Free snacks & beverages"],"openings":"2"}]}