{"success":39,"failed":1,"internships":[{"url":"/internship/detail/content-writing-work-from-home-job-internship-at-sportskeeda1667587697","name":"Content Writing","company":"Sportskeeda","location":"Work From Home","duration":"3 Months","stipend":"5,000-10,000 /month","applications":"255 applicants","skills":["Blogging","Creative Writing","English Proficiency (Spoken)","English Proficiency (Written)"],"perks":["Certificate"],"openings":"6"},{"url":"/internship/detail/social-media-marketing-part-time-job-internship-at-ghaziabad-in-fashion-tv-india1667570425","name":"Social Media Marketing","company":"Fashion TV India","location":"Ghaziabad","duration":"3 Months","stipend":"6,000 /month","applications":"Be an early applicant","skills":["Creative Writing","Digital Marketing","English Proficiency (Written)","Instagram Marketing","Search Engine Optimization (SEO)","Social Media Marketing"],"perks":["Certificate","Letter of recommendation","Informal dress code","Free snacks & beverages","Job offer"],"openings":"4"},{"url":"/internship/detail/content-writing-internship-in-noida-at-dr-apj-abdul-kalam-centre1667561906","name":"Content Writing","company":"Dr. A.P.J. Abdul Kalam Centre","location":"Noida","duration":"3 Months","stipend":"5,000-12,000 /month","applications":"Be an early applicant","skills":["Creative Writing","English Proficiency (Spoken)","English Proficiency (Written)"],"perks":["Certificate","Letter of recommendation","Informal dress code"],"openings":"6"},{"url":"/internship/detail/public-relations-and-outreach-internship-in-delhi-at-wwf-india1667502083","name":"Public Relations And Outreach","company":"WWF-India","location":"Delhi","duration":"3 Months","stipend":"6,000 /month","applications":"Be an early applicant","skills":["Canva","English Proficiency (Spoken)","English Proficiency (Written)","MS-Excel","MS-PowerPoint","MS-Word"],"perks":["Certificate","Letter of recommendation","Informal dress code","5 days a week"],"openings":"2"},{"url":"/internship/detail/social-media-marketing-internship-in-chennai-at-saregama-india-limited1667454376","name":"Social Media Marketing","company":"Saregama India Limited","location":"Chennai","duration":"3 Months","stipend":"5,000-10,000 /month","applications":"Be an early applicant","skills":["English Proficiency (Spoken)","English Proficiency (Written)","Social Media Marketing"],"perks":["Certificate","Flexible work hours","5 days a week"],"openings":"1"},{"url":"/internship/detail/content-writing-internship-in-mumbai-at-economic-times-edge1667480371","name":"Content Writing","company":"Economic Times Edge","location":"Mumbai","duration":"3 Months","stipend":"5,000 /month","applications":"Be an early applicant","skills":["Blogging","Content Writing","Copywriting"],"perks":["Certificate","Informal dress code","5 days a week"],"openings":"3"},{"url":"/internship/detail/video-editing-work-from-home-job-internship-at-iit-bombay1667401276","name":"Video Editing","company":"IIT Bombay","location":"Work From Home","duration":"6 Months","stipend":"1,000-2,000 /month","applications":"102 applicants","skills":["Adobe Premiere Pro","Video Editing"],"perks":["Certificate","Letter of recommendation","Flexible work hours","5 days a week"],"openings":"1"},{"url":"/internship/detail/social-media-marketing-work-from-home-job-internship-at-hindustan-times-media-limited1667298876","name":"Social Media Marketing","company":"Hindustan Times Media Limited","location":"Work From Home","duration":"3 Months","stipend":"5,000 /month","applications":"271 applicants","skills":["Creative Writing","English Proficiency (Written)","Facebook Marketing","Instagram Marketing","Social Media Marketing"],"perks":["Certificate","Letter of recommendation","Flexible work hours"],"openings":"2"},{"url":"/internship/detail/copywriting-internship-in-bangalore-at-vedantu-innovations-private-limited1667391278","name":"Copywriting","company":"Vedantu Innovations Private Limited","location":"Bangalore","duration":"3 Months","stipend":"20,000 /month","applications":"39 applicants","skills":["Copywriting"],"perks":["Certificate","Flexible work hours","Informal dress code"],"openings":"1"},{"url":"/internship/detail/video-editing-internship-in-bangalore-at-vedantu-innovations-private-limited1667390586","name":"Video Editing","company":"Vedantu Innovations Private Limited","location":"Bangalore","duration":"3 Months","stipend":"25,000 /month","applications":"112 applicants","skills":["Adobe After Effects","Adobe Illustrator","Adobe Photoshop","Adobe Premiere Pro"],"perks":["Certificate","Flexible work hours","Informal dress code"],"openings":"2"},{"url":"/internship/detail/content-writing-internship-in-mumbai-at-times-internet-limited1667384580","name":"Content Writing","company":"Times Internet Limited","location":"Mumbai","duration":"6 Months","stipend":"10,000 /month","applications":"Be an early applicant","skills":["Creative Writing","English Proficiency (Written)","Search Engine Optimization (SEO)"],"perks":["Certificate","Letter of recommendation"],"openings":"1"},{"url":"/internship/detail/content-writing-internship-in-delhi-mumbai-at-times-internet1667383987","name":"Content Writing","company":"Times Internet","location":"Delhi","duration":"6 Months","stipend":"7,000 /month","applications":"Be an early applicant","skills":["English Proficiency (Written)"],"perks":[],"openings":"1"},{"url":"/internship/detail/social-media-marketing-internship-in-mumbai-at-hungama-digital-media-entertainment-private-limited1667379953","name":"Social Media Marketing","company":"Hungama Digital Media Entertainment Private Limited","location":"Mumbai","duration":"3 Months","stipend":"5,000 /month","applications":"61 applicants","skills":["Creative Writing","Digital Marketing","English Proficiency (Spoken)","English Proficiency (Written)","Instagram Marketing","MS-Excel","Social Media Marketing"],"perks":["Certificate","Informal dress code"],"openings":"1"},{"url":"/internship/detail/media-public-relations-pr-internship-in-mumbai-at-pr-pundit1667204931","name":"Media & Public Relations (PR)","company":"PR Pundit","location":"Mumbai","duration":"2 Months","stipend":"5,000 /month","applications":"Be an early applicant","skills":["Creative Writing","English Proficiency (Spoken)","English Proficiency (Written)","Fashion Styling","Social Media Marketing"],"perks":["Certificate","Flexible work hours","5 days a week"],"openings":"5"},{"url":"/internship/detail/operations-internship-in-mumbai-at-hungama-digital-media-entertainment-private-limited1667200706","name":"Operations","company":"Hungama Digital Media Entertainment Private Limited","location":"Mumbai","duration":"3 Months","stipend":"5,000 /month","applications":"84 applicants","skills":["English Proficiency (Spoken)","English Proficiency (Written)","MS-Excel","Social Media Marketing"],"perks":["Certificate","Letter of recommendation","Informal dress code"],"openings":"1"},{"url":"/internship/detail/digital-marketing-internship-in-mumbai-at-viscomm-360-communications-private-limited1667190502","name":"Digital Marketing","company":"VISCOMM 360 Communications Private Limited","location":"Mumbai","duration":"3 Months","stipend":"10,000-25,000 /month","applications":"Be an early applicant","skills":["Client Relationship","Digital Advertising","Digital Marketing","Display Advertising","English Proficiency (Spoken)","English Proficiency (Written)","Facebook Marketing","Instagram Marketing","Search Engine Marketing (SEM)","Social Media Marketing"],"perks":["Certificate","Letter of recommendation","Informal dress code","5 days a week","Free snacks & beverages"],"openings":"1"},{"url":"/internship/detail/digital-marketing-part-time-job-internship-at-thane-in-barista-cafe-academy1667036874","name":"Digital Marketing","company":"Barista Cafe Academy","location":"Thane","duration":"3 Months","stipend":"8,000 lump sum","applications":"Be an early applicant","skills":["Digital Marketing","English Proficiency (Spoken)","Facebook Marketing","Instagram Marketing","Search Engine Optimization (SEO)","Social Media Marketing"],"perks":["Certificate","Letter of recommendation","Flexible work hours","Informal dress code","5 days a week","Free snacks & beverages"],"openings":"1"},{"url":"/internship/detail/software-design-internship-in-mumbai-at-star-india1666875001","name":"Software Design","company":"Star India","location":"Mumbai","duration":"3 Months","stipend":"20,000 /month","applications":"49 applicants","skills":["Blender 3D","UI & UX Design","Unity 3D","Unity Engine","Unreal Engine"],"perks":[],"openings":"1"},{"url":"/internship/detail/video-editing-internship-in-gurgaon-at-times-internet1666940438","name":"Video Editing","company":"Times Internet","location":"Gurgaon","duration":"3 Months","stipend":"9,000-10,000 /month","applications":"Be an early applicant","skills":[],"perks":["Certificate"],"openings":"1"},{"url":"/internship/detail/content-writing-work-from-home-job-internship-at-careers3601666869873","name":"Content Writing","company":"Careers360","location":"Work From Home","duration":"2 Months","stipend":"1,000 /month + Incentives","applications":"93 applicants","skills":["English Proficiency (Written)"],"perks":["Certificate","5 days a week"],"openings":"20"},{"url":"/internship/detail/digital-marketing-internship-in-chennai-at-confederation-of-indian-industry-cii1666938470","name":"Digital Marketing","company":"Confederation Of Indian Industry (CII)","location":"Chennai","duration":"2 Months","stipend":"12,000 /month","applications":"34 applicants","skills":[],"perks":[],"openings":"2"},{"url":"/internship/detail/social-media-marketing-internship-in-mumbai-at-economic-times-edge1666934163","name":"Social Media Marketing","company":"Economic Times Edge","location":"Mumbai","duration":"3 Months","stipend":"5,000 /month","applications":"168 applicants","skills":["Social Media Marketing"],"perks":["Certificate","Informal dress code","5 days a week"],"openings":"3"},{"url":"/internship/detail/c-development-qt-creation-work-from-home-job-internship-at-iit-bombay1666585857","name":"C++ Development (QT Creation)","company":"IIT Bombay","location":"Work From Home","duration":"6 Months","stipend":"1,000-2,000 /month","applications":"855 applicants","skills":["C++ Programming","C Programming","Data Structures"],"perks":["Certificate","Letter of recommendation","Flexible work hours","5 days a week"],"openings":"2"},{"url":"/internship/detail/social-media-marketing-internship-in-gurgaon-at-eazydiner1666338191","name":"Social Media Marketing","company":"EazyDiner","location":"Gurgaon","duration":"6 Months","stipend":"10,000 /month","applications":"48 applicants","skills":["Social Media Marketing"],"perks":[],"openings":"1"},{"url":"/internship/detail/business-growth-internship-in-gurgaon-at-cur81667549750","name":"Business Growth","company":"CUR8","location":"Gurgaon","duration":"3 Months","stipend":"15,000 /month","applications":"Be an early applicant","skills":["Business Analysis","Business Research"],"perks":["Job offer"],"openings":"2"},{"url":"/internship/detail/video-editing-internship-in-thane-at-shailendra-patel1667479705","name":"Video Editing","company":"Shailendra Patel","location":"Thane","duration":"6 Months","stipend":"11,000 /month","applications":"Be an early applicant","skills":["Adobe Photoshop","Adobe Photoshop Lightroom CC","Adobe Premiere Pro"],"perks":["Certificate","Informal dress code"],"openings":"2"},{"url":"/internship/detail/video-making-editing-internship-in-dehradun-at-eduminatti1666933257","name":"Video Making/Editing","company":"Eduminatti","location":"Dehradun","duration":"3 Months","stipend":"4,000 /month","applications":"Be an early applicant","skills":["Adobe After Effects","Adobe Premiere Pro"],"perks":["Certificate","Letter of recommendation"],"openings":"1"},{"url":"/internship/detail/photography-internship-in-jaipur-at-varshit-dusad1665559124","name":"Photography","company":"Varshit Dusad","location":"Jaipur","duration":"1 Month","stipend":"9,500 /month","applications":"34 applicants","skills":["Adobe Photoshop","Adobe Photoshop Lightroom CC","Photography"],"perks":["Certificate","Letter of recommendation","Flexible work hours","Informal dress code","Free snacks & beverages"],"openings":"1"},{"url":"/internship/detail/social-media-marketing-internship-in-siliguri-at-blue-minch1667036786","name":"Social Media Marketing","company":"Blue Minch","location":"Siliguri","duration":"6 Months","stipend":"3,000 /month","applications":"Be an early applicant","skills":["Content Writing","Creative Writing","Digital Marketing","Social Media Marketing"],"perks":["Certificate","Letter of recommendation","Informal dress code","Free snacks & beverages","Job offer"],"openings":"10"},{"url":"/internship/detail/academic-writing-teacher-training-program-internship-in-noida-at-cloudbird-digital-private-limited1667458431","name":"Academic Writing (Teacher Training Program)","company":"CloudBird Digital Private Limited","location":"Noida","duration":"3 Months","stipend":"10,000-12,000 /month","applications":"Be an early applicant","skills":["Biology","Chemistry","Content Writing","English Proficiency (Spoken)","English Proficiency (Written)","Mathematics"],"perks":["Certificate","Letter of recommendation","Flexible work hours"],"openings":"20"},{"url":"/internship/detail/content-writing-internship-in-surat-at-tenacious-techies1667471855","name":"Content Writing","company":"Tenacious Techies","location":"Surat","duration":"3 Months","stipend":"7,000 /month","applications":"Be an early applicant","skills":["Blogging","Creative Writing","English Proficiency (Spoken)","English Proficiency (Written)","Search Engine Optimization (SEO)"],"perks":["Certificate","Letter of recommendation","Informal dress code"],"openings":"2"},{"url":"/internship/detail/videography-internship-in-mumbai-at-rudralife1667238568","name":"Videography","company":"Rudralife","location":"Mumbai","duration":"6 Months","stipend":"10,000 /month","applications":"Be an early applicant","skills":["Adobe After Effects","Adobe Premiere Pro","Video Editing","Video Making"],"perks":["Certificate","Letter of recommendation","Informal dress code","Free snacks & beverages","Job offer"],"openings":"2"},{"url":"/internship/detail/content-writing-internship-in-noida-at-wisdom-capital1667025251","name":"Content Writing","company":"Wisdom Capital","location":"Noida","duration":"6 Months","stipend":"15,000-20,000 /month","applications":"Be an early applicant","skills":[],"perks":["Certificate","Letter of recommendation","Informal dress code"],"openings":"2"},{"url":"/internship/detail/content-writing-internship-in-multiple-locations-at-copper-mobile-india-private-limited1667208775","name":"Content Writing","company":"Copper Mobile India Private Limited","location":"Faridabad","duration":"3 Months","stipend":"10,000-15,000 /month","applications":"31 applicants","skills":["Blogging","Content Marketing","Content Writing","Creative Writing","Digital Marketing","English Proficiency (Spoken)","English Proficiency (Written)","Social Media Marketing"],"perks":["Certificate","Letter of recommendation","Flexible work hours","Informal dress code","5 days a week","Job offer"],"openings":"5"},{"url":"/internship/detail/digital-marketing-internship-in-delhi-at-unimonks1667368325","name":"Digital Marketing","company":"Unimonks","location":"Delhi","duration":"3 Months","stipend":"3,000-8,000 /month","applications":"Be an early applicant","skills":["Digital Marketing","Search Engine Optimization (SEO)","Social Media Marketing"],"perks":["Certificate","Letter of recommendation"],"openings":"2"},{"url":"/internship/detail/video-editing-internship-in-delhi-at-unimonks1667549333","name":"Video Editing","company":"Unimonks","location":"Delhi","duration":"4 Months","stipend":"8,000-15,000 /month","applications":"Be an early applicant","skills":["Adobe After Effects","Video Editing"],"perks":["Certificate","Letter of recommendation"],"openings":"3"},{"url":"/internship/detail/social-media-content-creation-internship-in-gurgaon-at-planetspark1667464594","name":"Social Media Content Creation","company":"PlanetSpark","location":"Gurgaon","duration":"2 Months","stipend":"10,000 /month","applications":"Be an early applicant","skills":[],"perks":["Certificate"],"openings":"1"},{"url":"/internship/detail/social-media-marketing-internship-in-delhi-at-stirring-minds1667413038","name":"Social Media Marketing","company":"Stirring Minds","location":"Delhi","duration":"6 Months","stipend":"7,000-10,000 /month","applications":"Be an early applicant","skills":["Creative Writing","Digital Marketing","Instagram Marketing","Social Media Marketing"],"perks":["Certificate","Letter of recommendation","Informal dress code","Free snacks & beverages"],"openings":"4"},{"url":"/internship/detail/digital-marketing-internship-in-noida-at-testprepkart1667199145","name":"Digital Marketing","company":"TestprepKart","location":"Noida","duration":"3 Months","stipend":"5,000-7,000 /month","applications":"Be an early applicant","skills":["Creative Writing","Digital Marketing","English Proficiency (Spoken)","English Proficiency (Written)","Search Engine Marketing (SEM)","Search Engine Optimization (SEO)","Social Media Marketing"],"perks":["Certificate","Letter of recommendation","Informal dress code","Free snacks & beverages","Job offer"],"openings":"6"}]}