{"success":16,"failed":0,"internships":[{"url":"/internship/detail/subject-matter-expert-medical-internship-in-jaipur-at-requin-solutions-private-limited1667556613","name":"Subject Matter Expert (Medical)","company":"Requin Solutions Private Limited","location":"Jaipur","duration":"6 Months","stipend":"10,000-12,000 /month","applications":"Be an early applicant","skills":["Biology"],"perks":[],"openings":"10"},{"url":"/internship/detail/pharmaceutical-internship-in-hyderabad-at-afaq-clinics1667456676","name":"Pharmaceutical","company":"Afaq Clinics","location":"Hyderabad","duration":"6 Months","stipend":"7,000-13,000 /month","applications":"Be an early applicant","skills":["Client Relationship"],"perks":[],"openings":"4"},{"url":"/internship/detail/medico-journalism-work-from-home-job-internship-at-the-right-doctors-healthcare-technologies1667378705","name":"Medico Journalism","company":"The Right Doctors Healthcare Technologies","location":"Work From Home","duration":"6 Months","stipend":"5,000 /month","applications":"32 applicants","skills":[],"perks":["Certificate"],"openings":"2"},{"url":"/internship/detail/doctor-mbbs-bds-bpt-bams-bhms--work-from-home-job-internship-at-plan-my-health1667460571","name":"Doctor (MBBS/BDS/BPT/BAMS/BHMS )","company":"Plan My Health","location":"Work From Home","duration":"3 Months","stipend":"5,000-8,000 /month","applications":"32 applicants","skills":["MS-Office"],"perks":["Certificate","Letter of recommendation","Flexible work hours"],"openings":"5"},{"url":"/internship/detail/medical-and-healthcare-content-writing-internship-in-multiple-locations-at-nitashh-marketing1667453681","name":"Medical And Healthcare Content Writing","company":"Nitashh Marketing","location":"Agra","duration":"3 Months","stipend":"2,000 /month","applications":"48 applicants","skills":["Blogging","Content Marketing","Content Writing","Creative Writing"],"perks":[],"openings":"1"},{"url":"/internship/detail/physiotherapy-part-time-job-internship-at-multiple-locations-in-qi-spine1667385163","name":"Physiotherapy","company":"QI Spine","location":"Pune","duration":"6 Months","stipend":"10,000 /month","applications":"Be an early applicant","skills":[],"perks":["Certificate"],"openings":"10"},{"url":"/internship/detail/health-medical-journalism-work-from-home-job-internship-at-medbound-times1667366683","name":"Health & Medical Journalism","company":"MedBound Times","location":"Work From Home","duration":"3 Months","stipend":"10,000 /month","applications":"69 applicants","skills":["English Proficiency (Spoken)","English Proficiency (Written)"],"perks":["Certificate","Letter of recommendation","Flexible work hours"],"openings":"2"},{"url":"/internship/detail/medicine-health-communication-work-from-home-job-internship-at-medbound-times1667222421","name":"Medicine (Health Communication)","company":"MedBound Times","location":"Work From Home","duration":"2 Weeks","stipend":"Unpaid","applications":"Be an early applicant","skills":[],"perks":["Certificate","Flexible work hours"],"openings":"6"},{"url":"/internship/detail/content-writing-internship-in-mumbai-at-medisage1667243158","name":"Content Writing","company":"Medisage","location":"Mumbai","duration":"2 Months","stipend":"6,000-10,000 /month","applications":"Be an early applicant","skills":["Digital Marketing","English Proficiency (Written)"],"perks":["Certificate","Letter of recommendation","Informal dress code"],"openings":"2"},{"url":"/internship/detail/content-writing-medical-pharma-internship-in-delhi-at-national-medical-forum1667198800","name":"Content Writing (Medical/Pharma)","company":"National Medical Forum","location":"Delhi","duration":"6 Months","stipend":"10,000 /month","applications":"34 applicants","skills":["American English","British English","English Proficiency (Spoken)","English Proficiency (Written)"],"perks":["Certificate","Letter of recommendation","Job offer"],"openings":"2"},{"url":"/internship/detail/medical-volunteering-work-from-home-job-internship-at-simmi-foundation-organization1667189945","name":"Medical Volunteering","company":"Simmi Foundation Organization","location":"Work From Home","duration":"2 Weeks","stipend":"200-2,000 /week","applications":"103 applicants","skills":["English Proficiency (Spoken)","English Proficiency (Written)","Hindi Proficiency (Spoken)"],"perks":["Certificate","Letter of recommendation","Flexible work hours","5 days a week"],"openings":"10"},{"url":"/internship/detail/medicine-doctors-internship-in-multiple-locations-at-oneservice-india1667185392","name":"Medicine (Doctors)","company":"OneService India","location":"Chennai","duration":"6 Months","stipend":"4,000-6,000 /month","applications":"Be an early applicant","skills":[],"perks":["Certificate","Letter of recommendation","Job offer"],"openings":"4"},{"url":"/internship/detail/biomedical-internship-in-ahmedabad-at-sri-laxmi-kravia-techlabs-private-limited1666860809","name":"Biomedical","company":"Sri Laxmi Kravia Techlabs Private Limited","location":"Ahmedabad","duration":"3 Months","stipend":"3,000-5,000 /month","applications":"27 applicants","skills":["Research and Analytics"],"perks":["Certificate","Letter of recommendation","Informal dress code"],"openings":"3"},{"url":"/internship/detail/medical-analysis-work-from-home-job-internship-at-inditech-technology-services-private-limited1666863618","name":"Medical Analysis","company":"Inditech Technology Services Private Limited","location":"Work From Home","duration":"6 Months","stipend":"15,000 /month","applications":"105 applicants","skills":[],"perks":["Certificate"],"openings":"4"},{"url":"/internship/detail/medicine-discussion-hub-work-from-home-job-internship-at-medbound1666546794","name":"Medicine (Discussion Hub)","company":"MedBound","location":"Work From Home","duration":"2 Weeks","stipend":"Unpaid","applications":"43 applicants","skills":[],"perks":["Certificate","Letter of recommendation","Flexible work hours"],"openings":"7"},{"url":"/internship/detail/internship-at-centre-for-health-equity-law-policy1610715367","name":"Research","company":"CENTRE FOR HEALTH, EQUITY, LAW & POLICY","location":"Work From Home","duration":"6 Weeks","stipend":"Not provided","applications":"Be an early applicant","skills":[],"perks":[],"openings":"2"}]}