{"success":18,"failed":0,"internships":[{"url":"/internship/detail/merchandise-design-internship-in-bangalore-at-aastey1667478351","name":"Merchandise Design","company":"Aastey","location":"Bangalore","duration":"3 Months","stipend":"8,000 /month","applications":"Be an early applicant","skills":["Google Suite (G Suite)","MS-Excel"],"perks":["Certificate","Letter of recommendation","Informal dress code","Free snacks & beverages"],"openings":"1"},{"url":"/internship/detail/merchandise-design-internship-in-bangalore-at-tech-tailor-solutions-private-limited1667559707","name":"Merchandise Design","company":"Tech-Tailor Solutions Private Limited","location":"Bangalore","duration":"6 Months","stipend":"7,500 /month","applications":"Be an early applicant","skills":["Adobe Illustrator","English Proficiency (Spoken)","Fashion Designing","Kannada","MS-Excel","MS-Word"],"perks":["Certificate"],"openings":"1"},{"url":"/internship/detail/fashion-design-merchandising-internship-in-ghaziabad-noida-at-aayom-corporate-solutions-private-limited1667637659","name":"Fashion Design & Merchandising","company":"Aayom Corporate Solutions Private Limited","location":"Ghaziabad","duration":"2 Months","stipend":"3,000 /month","applications":"Be an early applicant","skills":[],"perks":[],"openings":"2"},{"url":"/internship/detail/product-design-internship-in-noida-at-dshop1667544722","name":"Product Design","company":"DSHOP","location":"Noida","duration":"3 Months","stipend":"8,000 /month","applications":"Be an early applicant","skills":[],"perks":["Certificate","Letter of recommendation","Informal dress code"],"openings":"1"},{"url":"/internship/detail/fashion-merchandising-internship-in-delhi-at-we3pr-and-corporate-consultants-private-limited1667574176","name":"Fashion Merchandising","company":"WE3PR And Corporate Consultants Private Limited","location":"Delhi","duration":"5 Months","stipend":"5,000 /month","applications":"Be an early applicant","skills":["English Proficiency (Spoken)","English Proficiency (Written)","Fashion Designing","Fashion Styling","Instagram Marketing","Social Media Marketing"],"perks":["Certificate","Letter of recommendation","Job offer"],"openings":"10"},{"url":"/internship/detail/product-design-work-from-home-job-internship-at-calm-sleep1667558151","name":"Product Design","company":"Calm Sleep","location":"Work From Home","duration":"3 Months","stipend":"5,000 /month","applications":"Be an early applicant","skills":[],"perks":["Certificate","Letter of recommendation","5 days a week"],"openings":"3"},{"url":"/internship/detail/hand-embroidery-designer-cum-merchandizer-internship-in-mumbai-at-stargaze-embroidery-studio1667552347","name":"Hand Embroidery Designer Cum Merchandizer","company":"Stargaze Embroidery Studio","location":"Mumbai","duration":"6 Months","stipend":"4,000 /month","applications":"Be an early applicant","skills":["Adobe Illustrator","Embroidery making","English Proficiency (Written)","Fashion Designing","MS-Excel","Pattern making","Photography"],"perks":["Certificate","Letter of recommendation"],"openings":"2"},{"url":"/internship/detail/fashion-design-merchandising-internship-in-gurgaon-at-color-cocktail-llp1667550375","name":"Fashion Design & Merchandising","company":"Color Cocktail LLP","location":"Gurgaon","duration":"2 Months","stipend":"8,000 /month","applications":"Be an early applicant","skills":["MS-Excel","MS-Office","MS-PowerPoint"],"perks":["Certificate"],"openings":"2"},{"url":"/internship/detail/graphic-packaging-design-internship-in-ambala-cantt-at-khadi-sadan1667545714","name":"Graphic & Packaging Design","company":"Khadi Sadan","location":"Ambala Cantt","duration":"3 Months","stipend":"5,000-15,000 /month","applications":"Be an early applicant","skills":["Adobe After Effects","Adobe Illustrator","Adobe Indesign","Adobe Photoshop","Adobe Premiere Pro","CorelDRAW","Creative Writing"],"perks":["Certificate","Letter of recommendation","Flexible work hours","Job offer"],"openings":"1"},{"url":"/internship/detail/product-designing-internship-in-gurgaon-at-dailyobjects1667453508","name":"Product Designing","company":"DailyObjects","location":"Gurgaon","duration":"3 Months","stipend":"15,000 /month","applications":"Be an early applicant","skills":["Adobe Illustrator","Adobe Photoshop"],"perks":["Certificate"],"openings":"2"},{"url":"/internship/detail/fashion-design-internship-in-bangalore-at-saajdesigns1667375299","name":"Fashion Design","company":"SaajDesigns","location":"Bangalore","duration":"6 Months","stipend":"10,000 /month","applications":"Be an early applicant","skills":[],"perks":["Certificate","Letter of recommendation","Informal dress code"],"openings":"2"},{"url":"/internship/detail/jewelry-designing-internship-in-delhi-at-abhika-gems-jewels1667299886","name":"Jewelry Designing","company":"Abhika Gems & Jewels","location":"Delhi","duration":"2 Months","stipend":"5,000-10,000 /month","applications":"Be an early applicant","skills":[],"perks":["Certificate","Informal dress code"],"openings":"1"},{"url":"/internship/detail/womens-footwear-merchandising-part-time-job-internship-at-gurgaon-noida-in-cranberry-style-mart-private-limited1667283251","name":"Women’s Footwear Merchandising","company":"Cranberry Style Mart Private Limited","location":"Gurgaon","duration":"2 Months","stipend":"5,000-10,000 /month","applications":"Be an early applicant","skills":[],"perks":["Certificate"],"openings":"2"},{"url":"/internship/detail/product-designing-internship-in-mumbai-at-inspiration-marine-private-limited1666972214","name":"Product Designing","company":"Inspiration Marine Private Limited","location":"Mumbai","duration":"3 Months","stipend":"3,000 /month","applications":"29 applicants","skills":[],"perks":["Certificate"],"openings":"1"},{"url":"/internship/detail/graphic-design-internship-in-mumbai-at-besick1666948192","name":"Graphic Design","company":"Besick","location":"Mumbai","duration":"3 Months","stipend":"5,000 /month","applications":"Be an early applicant","skills":["Adobe Illustrator","Adobe Photoshop","Canva","CorelDRAW","Photography"],"perks":["Certificate","Letter of recommendation","Informal dress code"],"openings":"1"},{"url":"/internship/detail/fashion-merchandising-internship-in-mumbai-at-mirraw-online-services-private-limited1666953092","name":"Fashion Merchandising","company":"Mirraw Online Services Private Limited","location":"Mumbai","duration":"3 Months","stipend":"4,000 /month","applications":"Be an early applicant","skills":[],"perks":["Letter of recommendation","Informal dress code","5 days a week"],"openings":"4"},{"url":"/internship/detail/shoes-upper-designing-internship-in-delhi-at-shri-ram-plastic1666925128","name":"Shoes Upper Designing","company":"Shri Ram Plastic","location":"Delhi","duration":"3 Months","stipend":"10,000 /month","applications":"Be an early applicant","skills":["Design Thinking","Fashion Designing"],"perks":["Certificate"],"openings":"5"},{"url":"/internship/detail/creative-design-part-time-job-internship-at-kolkata-in-dag-dai1666700534","name":"Creative Design","company":"DAG DAI","location":"Kolkata","duration":"3 Months","stipend":"5,000-10,000 /month","applications":"Be an early applicant","skills":["Adobe Photoshop","CorelDRAW","MS-Excel"],"perks":["Certificate","Letter of recommendation","Informal dress code","Job offer"],"openings":"1"}]}