{"success":40,"failed":0,"internships":[{"url":"/internship/detail/ios-app-development-work-from-home-job-internship-at-impexpro1667651306","name":"iOS App Development","company":"Impexpro","location":"Work From Home","duration":"3 Months","stipend":"6,000 /month + Incentives","applications":"Be an early applicant","skills":["Git","iOS","MEAN/MERN Stack","Node.js","REST API","Swift"],"perks":["Certificate","Letter of recommendation","Flexible work hours","5 days a week","Job offer"],"openings":"9"},{"url":"/internship/detail/mobile-app-development-internship-in-multiple-locations-at-realcap-consulting1667578093","name":"Mobile App Development","company":"RealCap Consulting","location":"Delhi","duration":"3 Months","stipend":"10,000 /month","applications":"Be an early applicant","skills":["Java","Node.js","Python"],"perks":["Certificate","Letter of recommendation","Flexible work hours","Informal dress code","5 days a week","Free snacks & beverages"],"openings":"4"},{"url":"/internship/detail/android-app-development-internship-in-multiple-locations-at-possibuild-building-technologies1667562824","name":"Android App Development","company":"PossiBuild Building Technologies","location":"Secunderabad","duration":"6 Months","stipend":"10,000-12,000 /month","applications":"Be an early applicant","skills":["Android","Kotlin","REST API"],"perks":["Certificate","Informal dress code","5 days a week","Job offer"],"openings":"1"},{"url":"/internship/detail/android-app-development-internship-in-mumbai-at-save-eat-foods-private-limited1667549134","name":"Android App Development","company":"Save Eat Foods Private Limited","location":"Mumbai","duration":"3 Months","stipend":"11,000 /month","applications":"Be an early applicant","skills":["Android","Git","Java","Kotlin"],"perks":["Certificate","Letter of recommendation","Informal dress code","Free snacks & beverages"],"openings":"2"},{"url":"/internship/detail/react-native-work-from-home-job-internship-at-borgfy1667553563","name":"React Native","company":"Borgfy","location":"Work From Home","duration":"2 Months","stipend":"5,000 /month","applications":"Be an early applicant","skills":["Node.js","React Native","REST API"],"perks":["Certificate","Flexible work hours"],"openings":"2"},{"url":"/internship/detail/mobile-app-development-internship-in-nagpur-at-amika-softwares1667554589","name":"Mobile App Development","company":"Amika Softwares","location":"Nagpur","duration":"6 Months","stipend":"5,000 /month","applications":"Be an early applicant","skills":["Android","Firebase","Flutter","iOS","Java","Kotlin","Node.js","ReactJS","React Native","REST API"],"perks":["Certificate","Letter of recommendation","5 days a week","Free snacks & beverages"],"openings":"4"},{"url":"/internship/detail/mobile-app-development-work-from-home-job-internship-at-calcitex-cybernetics-llp1667615405","name":"Mobile App Development","company":"CalciteX Cybernetics LLP","location":"Work From Home","duration":"2 Months","stipend":"5,000 /month","applications":"Be an early applicant","skills":["Flask","Flutter","MongoDB","MySQL","Python"],"perks":["Certificate","Letter of recommendation","Flexible work hours","5 days a week"],"openings":"5"},{"url":"/internship/detail/ios-app-development-work-from-home-job-internship-at-clapingo-education1667579170","name":"iOS App Development","company":"Clapingo Education","location":"Work From Home","duration":"3 Months","stipend":"8,000-12,000 /month","applications":"Be an early applicant","skills":["iOS","Objective C","REST API","Swift","Xcode"],"perks":["Certificate","Letter of recommendation","Flexible work hours","5 days a week"],"openings":"5"},{"url":"/internship/detail/mobile-app-development-work-from-home-job-internship-at-delever-v-delever-solutionss-private-limited1667573710","name":"Mobile App Development","company":"Delever (V Delever Solutionss Private Limited)","location":"Work From Home","duration":"3 Months","stipend":"5,000 /month","applications":"Be an early applicant","skills":["CSS","HTML","JavaScript","Node.js","ReactJS","React Native","REST API"],"perks":["Certificate","Letter of recommendation","Flexible work hours","5 days a week"],"openings":"4"},{"url":"/internship/detail/front-end-development-flutter-work-from-home-job-internship-at-relu-consultancy1667535385","name":"Front End Development (Flutter)","company":"Relu Consultancy","location":"Work From Home","duration":"6 Months","stipend":"10,000-20,000 /month","applications":"98 applicants","skills":["Android","Dart","Flutter","iOS","JSON","REST API"],"perks":["Certificate","Letter of recommendation","Flexible work hours"],"openings":"5"},{"url":"/internship/detail/mobile-app-development-work-from-home-job-internship-at-grey-matter-works1667568814","name":"Mobile App Development","company":"Grey Matter Works","location":"Work From Home","duration":"3 Months","stipend":"1,000 /month","applications":"Be an early applicant","skills":["Firebase","Flutter","REST API"],"perks":["Certificate","Letter of recommendation","Flexible work hours","5 days a week"],"openings":"5"},{"url":"/internship/detail/mobile-app-development-internship-in-multiple-locations-at-bioroles-automation-systems-private-limited1667562424","name":"Mobile App Development","company":"Bioroles Automation Systems Private Limited","location":"Faridabad","duration":"4 Months","stipend":"15,000-30,000 /month","applications":"Be an early applicant","skills":["Android","iOS"],"perks":["Certificate","Letter of recommendation","Flexible work hours","Informal dress code","5 days a week","Free snacks & beverages"],"openings":"3"},{"url":"/internship/detail/mobile-app-development-work-from-home-job-internship-at-hermion-technologies-private-limited1667531792","name":"Mobile App Development","company":"Hermion Technologies Private Limited","location":"Work From Home","duration":"3 Months","stipend":"1,000 /month","applications":"31 applicants","skills":["Android","Flutter","iOS","Java","Kotlin","ReactJS","React Native","REST API"],"perks":["Letter of recommendation","5 days a week"],"openings":"3"},{"url":"/internship/detail/project-coordination-for-app-development-internship-in-kochi-at-jiitak-incorporated1667557316","name":"Project Coordination For App Development","company":"JIITAK Incorporated","location":"Kochi","duration":"6 Months","stipend":"8,000 /month + Incentives","applications":"Be an early applicant","skills":[],"perks":["Certificate","Letter of recommendation","Flexible work hours","Informal dress code","5 days a week","Free snacks & beverages","Job offer"],"openings":"2"},{"url":"/internship/detail/mobile-app-development-work-from-home-job-internship-at-arthavedika-tech-private-limited1667537590","name":"Mobile App Development","company":"Arthavedika Tech Private Limited","location":"Work From Home","duration":"6 Months","stipend":"2,500 /month + Incentives","applications":"32 applicants","skills":["Java","React Native","REST API"],"perks":["Letter of recommendation","Flexible work hours"],"openings":"6"},{"url":"/internship/detail/mobile-app-development-internship-in-pune-at-studyduniya1667554787","name":"Mobile App Development","company":"StudyDuniya","location":"Pune","duration":"3 Months","stipend":"7,500 /month","applications":"Be an early applicant","skills":["Android"],"perks":["Certificate","Letter of recommendation","Informal dress code","Free snacks & beverages"],"openings":"5"},{"url":"/internship/detail/flutter-development-internship-in-delhi-at-pace-stock-broking-services-limited1667552678","name":"Flutter Development","company":"Pace Stock Broking Services Limited","location":"Delhi","duration":"6 Months","stipend":"10,000-25,000 /month","applications":"Be an early applicant","skills":["Adobe Photoshop","Android","Dart","Figma","Firebase","Flutter","iOS","REST API"],"perks":["Certificate","Letter of recommendation","Informal dress code","Job offer"],"openings":"5"},{"url":"/internship/detail/mobile-app-development-react-native-work-from-home-job-internship-at-omikron-technologies-private-limited1667552661","name":"Mobile App Development (React Native)","company":"Omikron Technologies Private Limited","location":"Work From Home","duration":"3 Months","stipend":"10,000 /month","applications":"88 applicants","skills":["React Native"],"perks":["Certificate","Letter of recommendation","Flexible work hours"],"openings":"3"},{"url":"/internship/detail/mobile-app-development-work-from-home-job-internship-at-finnoble1667458400","name":"Mobile App Development","company":"Finnoble","location":"Work From Home","duration":"3 Months","stipend":"7,000-10,000 /month","applications":"47 applicants","skills":["Android","Flutter","iOS","Java","JavaScript","Node.js","ReactJS","React Native","REST API","Swift"],"perks":["Certificate","Letter of recommendation","Flexible work hours","5 days a week"],"openings":"2"},{"url":"/internship/detail/mobile-app-development-work-from-home-job-internship-at-beh-private-limited1667492156","name":"Mobile App Development","company":"BeH Private Limited","location":"Work From Home","duration":"6 Months","stipend":"25,000 /month","applications":"60 applicants","skills":["Android","Firebase","Flutter"],"perks":[],"openings":"2"},{"url":"/internship/detail/flutter-development-work-from-home-job-internship-at-blackcoffer1667549620","name":"Flutter Development","company":"Blackcoffer","location":"Work From Home","duration":"6 Months","stipend":"5,000 /month","applications":"37 applicants","skills":["Firebase","Flutter","React Native"],"perks":["Certificate","Letter of recommendation","Flexible work hours"],"openings":"10"},{"url":"/internship/detail/php-development-internship-in-jaipur-at-login2design-technologies1667478233","name":"PHP Development","company":"Login2Design Technologies","location":"Jaipur","duration":"3 Months","stipend":"3,000-5,000 /month","applications":"Be an early applicant","skills":["AJAX","CodeIgniter","jQuery","LARAVEL","PHP"],"perks":["Certificate","Letter of recommendation","Flexible work hours","Informal dress code","5 days a week","Job offer"],"openings":"2"},{"url":"/internship/detail/flutter-development-internship-in-delhi-at-nutrabay1667547415","name":"Flutter Development","company":"Nutrabay","location":"Delhi","duration":"4 Months","stipend":"15,000 /month","applications":"Be an early applicant","skills":["Flutter"],"perks":[],"openings":"1"},{"url":"/internship/detail/mobile-app-development-work-from-home-job-internship-at-web-amplifier1667546418","name":"Mobile App Development","company":"Web Amplifier","location":"Work From Home","duration":"2 Months","stipend":"3,000 /month","applications":"Be an early applicant","skills":["ReactJS","React Native","REST API"],"perks":["Certificate","Letter of recommendation","Flexible work hours"],"openings":"2"},{"url":"/internship/detail/mobile-app-development-internship-in-bangalore-at-brick-bolt1667545569","name":"Mobile App Development","company":"Brick&Bolt","location":"Bangalore","duration":"6 Months","stipend":"20,000 /month","applications":"Be an early applicant","skills":["Android","Kotlin"],"perks":["Certificate","5 days a week"],"openings":"2"},{"url":"/internship/detail/ios-app-development-internship-in-bangalore-at-powerplay1667545180","name":"iOS App Development","company":"Powerplay","location":"Bangalore","duration":"6 Months","stipend":"35,000 /month","applications":"Be an early applicant","skills":["iOS","Swift"],"perks":["Certificate","Letter of recommendation","Flexible work hours","Informal dress code","Free snacks & beverages"],"openings":"4"},{"url":"/internship/detail/android-app-development-work-from-home-job-internship-at-hvantage-technologies-incorporated1667544700","name":"Android App Development","company":"Hvantage Technologies Incorporated","location":"Work From Home","duration":"6 Months","stipend":"2,000-3,000 /month","applications":"Be an early applicant","skills":["Android","English Proficiency (Spoken)","Flutter","Java"],"perks":["Certificate","Letter of recommendation"],"openings":"5"},{"url":"/internship/detail/mobile-app-development-work-from-home-job-internship-at-secureverse-technologies1667477384","name":"Mobile App Development","company":"Secureverse Technologies","location":"Work From Home","duration":"3 Months","stipend":"1,000 /month","applications":"Be an early applicant","skills":["C++ Programming","Java","JavaScript","Kotlin","Python"],"perks":["Certificate","Flexible work hours","5 days a week"],"openings":"2"},{"url":"/internship/detail/mobile-app-development-work-from-home-job-internship-at-cranov-innovations1667473510","name":"Mobile App Development","company":"Cranov Innovations","location":"Work From Home","duration":"2 Months","stipend":"5,000 /month","applications":"36 applicants","skills":[],"perks":["Certificate","Letter of recommendation","Flexible work hours","5 days a week","Job offer"],"openings":"1"},{"url":"/internship/detail/mobile-app-development-internship-in-delhi-at-acharya-deepak-grover1667468343","name":"Mobile App Development","company":"Acharya Deepak Grover","location":"Delhi","duration":"3 Months","stipend":"3,000-6,000 /month","applications":"Be an early applicant","skills":["Android","iOS"],"perks":["Certificate","Informal dress code"],"openings":"2"},{"url":"/internship/detail/ios-app-development-internship-in-mohali-at-xperge1667460115","name":"iOS App Development","company":"Xperge","location":"Mohali","duration":"6 Months","stipend":"10,000 /month","applications":"Be an early applicant","skills":["iOS","Objective C","REST API","Swift","Xcode"],"perks":["Informal dress code","5 days a week","Free snacks & beverages"],"openings":"2"},{"url":"/internship/detail/mobile-app-development-internship-in-jaipur-at-feel-educare-private-limited1667539422","name":"Mobile App Development","company":"Feel Educare Private Limited","location":"Jaipur","duration":"3 Months","stipend":"5,000-14,000 /month","applications":"Be an early applicant","skills":["Android","Java","Node.js","ReactJS","React Native"],"perks":["Certificate","Letter of recommendation","Informal dress code","Job offer"],"openings":"2"},{"url":"/internship/detail/mobile-app-development-work-from-home-job-internship-at-tripcherry-holidays1667395871","name":"Mobile App Development","company":"TripCherry Holidays","location":"Work From Home","duration":"1 Month","stipend":"2,000 lump sum","applications":"33 applicants","skills":[],"perks":["Certificate"],"openings":"1"},{"url":"/internship/detail/mobile-app-development-work-from-home-job-internship-at-power-bank1666878319","name":"Mobile App Development","company":"Power Bank","location":"Work From Home","duration":"6 Weeks","stipend":"1,000 /week + Incentives","applications":"30 applicants","skills":[".NET","Android","Bootstrap","CSS","Firebase","Flutter","HTML","iOS","Java","JavaScript","jQuery","MySQL","Node.js","PHP","ReactJS","React Native","REST API","WordPress"],"perks":["Flexible work hours"],"openings":"4"},{"url":"/internship/detail/android-app-development-work-from-home-job-internship-at-ei-networks-private-limited-facechk1667536944","name":"Android App Development","company":"EI Networks Private Limited (FaceChk)","location":"Work From Home","duration":"6 Months","stipend":"10,000-15,000 /month","applications":"Be an early applicant","skills":["Android","Java"],"perks":["Certificate"],"openings":"2"},{"url":"/internship/detail/ui-ux-design-internship-in-gurgaon-at-finverv1667375292","name":"UI/UX Design","company":"Finverv","location":"Gurgaon","duration":"6 Months","stipend":"10,000 /month","applications":"Be an early applicant","skills":["Adobe XD","UI & UX Design","User Interface (UI) Development"],"perks":["Certificate","Letter of recommendation","Flexible work hours","Informal dress code","5 days a week"],"openings":"1"},{"url":"/internship/detail/mobile-app-development-work-from-home-job-internship-at-bigohealth1667534603","name":"Mobile App Development","company":"BigOHealth","location":"Work From Home","duration":"3 Months","stipend":"8,000 /month","applications":"Be an early applicant","skills":["Android","Java","Kotlin","REST API"],"perks":["Certificate","Letter of recommendation","Flexible work hours"],"openings":"1"},{"url":"/internship/detail/mobile-app-development-internship-in-noida-at-techosto1667499890","name":"Mobile App Development","company":"Techosto","location":"Noida","duration":"6 Months","stipend":"10,000-15,000 /month","applications":"Be an early applicant","skills":["Flutter","JavaScript","ReactJS","React Native","Redux"],"perks":["Certificate","Letter of recommendation","Flexible work hours","Informal dress code","5 days a week","Free snacks & beverages","Job offer"],"openings":"2"},{"url":"/internship/detail/flutter-firebase-mobile-app-development-work-from-home-job-internship-at-ai4see-private-limited1667489322","name":"Flutter Firebase Mobile App Development","company":"AI4SEE PRIVATE LIMITED","location":"Work From Home","duration":"2 Months","stipend":"5,000 /month","applications":"Be an early applicant","skills":["Android","Flutter","iOS","Java","Kotlin","Linux","REST API","UI & UX Design","Windows Mobile Application Development"],"perks":["Certificate","Letter of recommendation","Flexible work hours"],"openings":"2"},{"url":"/internship/detail/mobile-app-development-work-from-home-job-internship-at-duke-and-clyde-innovation-center-private-limited1667483832","name":"Mobile App Development","company":"Duke And Clyde Innovation Center Private Limited","location":"Work From Home","duration":"2 Months","stipend":"3,000 lump sum","applications":"Be an early applicant","skills":["Android","Firebase","Flutter","iOS","REST API"],"perks":["Certificate","Letter of recommendation","Flexible work hours","5 days a week"],"openings":"1"}]}