{"success":40,"failed":0,"internships":[{"url":"/internship/detail/video-editing-internship-in-bangalore-at-vedantu-innovations-private-limited1667390586","name":"Video Editing","company":"Vedantu Innovations Private Limited","location":"Bangalore","duration":"3 Months","stipend":"25,000 /month","applications":"112 applicants","skills":["Adobe After Effects","Adobe Illustrator","Adobe Photoshop","Adobe Premiere Pro"],"perks":["Certificate","Flexible work hours","Informal dress code"],"openings":"2"},{"url":"/internship/detail/3d-animation-internship-in-gurgaon-at-experiencesdigital1666930576","name":"3D Animation","company":"Experiences.digital","location":"Gurgaon","duration":"3 Months","stipend":"8,000 /month","applications":"Be an early applicant","skills":["3ds Max","Unity 3D"],"perks":[],"openings":"4"},{"url":"/internship/detail/unreal-engine-development-internship-in-multiple-locations-at-queppelin-technology-solutions-private-limited1667652113","name":"Unreal Engine Development","company":"Queppelin Technology Solutions Private Limited","location":"Faridabad","duration":"6 Months","stipend":"15,000 /month","applications":"Be an early applicant","skills":["C++ Programming","Unreal Engine"],"perks":["Certificate","Informal dress code","5 days a week","Job offer"],"openings":"2"},{"url":"/internship/detail/vfx-video-editing-work-from-home-job-internship-at-dobby-ads1667625077","name":"VFX & Video Editing","company":"Dobby Ads","location":"Work From Home","duration":"3 Months","stipend":"15,000-20,000 /month","applications":"Be an early applicant","skills":["Adobe After Effects","Adobe Illustrator","Adobe Photoshop","Adobe Premiere Pro"],"perks":["Certificate","Letter of recommendation","5 days a week"],"openings":"1"},{"url":"/internship/detail/motion-graphics-internship-in-mumbai-at-dentheal1667581360","name":"Motion Graphics","company":"DentHeal","location":"Mumbai","duration":"3 Months","stipend":"10,000 /month","applications":"Be an early applicant","skills":["Adobe After Effects","Adobe Illustrator","Adobe Photoshop","Adobe Premiere Pro","Video Editing"],"perks":["Certificate","Letter of recommendation","Informal dress code","Free snacks & beverages"],"openings":"1"},{"url":"/internship/detail/motion-graphic-design-work-from-home-job-internship-at-purple-tutor1667562667","name":"Motion Graphic Design","company":"Purple Tutor","location":"Work From Home","duration":"3 Months","stipend":"10,000 /month","applications":"59 applicants","skills":["Adobe Illustrator","Adobe Photoshop","Adobe Premiere Pro","Canva","Figma"],"perks":["Certificate"],"openings":"1"},{"url":"/internship/detail/motion-graphics-work-from-home-job-internship-at-purple-tutor1667463848","name":"Motion Graphics","company":"Purple Tutor","location":"Work From Home","duration":"3 Months","stipend":"10,000 /month","applications":"Be an early applicant","skills":[],"perks":[],"openings":"1"},{"url":"/internship/detail/motion-graphics-internship-in-thane-mumbai-at-craft-academia-private-limited1667481907","name":"Motion Graphics","company":"Craft Academia Private Limited","location":"Thane","duration":"6 Months","stipend":"10,000 /month","applications":"Be an early applicant","skills":["Adobe After Effects","Adobe Illustrator","Adobe Photoshop","Adobe Premiere Pro"],"perks":["Certificate","Letter of recommendation","Informal dress code"],"openings":"1"},{"url":"/internship/detail/motion-graphics-work-from-home-job-internship-at-digital-puzzle1667477174","name":"Motion Graphics","company":"Digital Puzzle","location":"Work From Home","duration":"3 Months","stipend":"10,000 /month","applications":"Be an early applicant","skills":["Adobe After Effects","Adobe Flash","Adobe Illustrator","Adobe Photoshop","Adobe Premiere Pro"],"perks":["Certificate","Letter of recommendation","Flexible work hours","5 days a week"],"openings":"1"},{"url":"/internship/detail/motion-graphics-internship-in-multiple-locations-at-knight-motion-media-llp1667476768","name":"Motion Graphics","company":"Knight Motion Media LLP","location":"Pune","duration":"6 Months","stipend":"8,000-10,000 /month","applications":"Be an early applicant","skills":["Adobe After Effects","Adobe Flash","Adobe Illustrator","Adobe Photoshop","Adobe Premiere Pro","Animation","Video Editing","Video Making"],"perks":["Certificate","Flexible work hours","Informal dress code"],"openings":"2"},{"url":"/internship/detail/video-editing-graphic-design-work-from-home-job-internship-at-tomo-club1667474962","name":"Video Editing/Graphic Design","company":"Tomo Club","location":"Work From Home","duration":"3 Months","stipend":"8,000-10,000 /month","applications":"30 applicants","skills":["Adobe After Effects","Adobe Creative Suite","Adobe Illustrator","Adobe Indesign","Adobe Photoshop","Adobe Premiere Pro","Video Editing"],"perks":["Certificate","Letter of recommendation"],"openings":"1"},{"url":"/internship/detail/motion-graphics-editing-work-from-home-job-internship-at-bollygrad-studioz1667465485","name":"Motion Graphics Editing","company":"Bollygrad Studioz","location":"Work From Home","duration":"6 Months","stipend":"7,000-10,000 /month","applications":"Be an early applicant","skills":["Adobe After Effects","Adobe Photoshop","Adobe Premiere Pro","Final Cut Pro"],"perks":["Certificate","Letter of recommendation"],"openings":"10"},{"url":"/internship/detail/2d-animation-internship-in-chandigarh-mohali-at-vr-xpert1667463487","name":"2D Animation","company":"VR Xpert","location":"Chandigarh","duration":"6 Months","stipend":"8,000-12,000 /month","applications":"Be an early applicant","skills":["Adobe Flash","Adobe Illustrator","Adobe Photoshop","Animation","Sketching"],"perks":["Certificate","Letter of recommendation","Informal dress code","5 days a week"],"openings":"2"},{"url":"/internship/detail/graphic-design-work-from-home-job-internship-at-kointrack1667392309","name":"Graphic Design","company":"KoinTrack","location":"Work From Home","duration":"3 Months","stipend":"12,000 /month","applications":"143 applicants","skills":["Adobe Illustrator","Adobe Photoshop","Adobe Photoshop Lightroom CC","Figma","UI & UX Design"],"perks":["Certificate","Letter of recommendation","Flexible work hours","5 days a week","Job offer"],"openings":"1"},{"url":"/internship/detail/motion-graphics-internship-in-multiple-locations-at-the-digi-jugad1667458352","name":"Motion Graphics","company":"The Digi Jugad","location":"Bhilai","duration":"3 Months","stipend":"2,000-3,000 /month","applications":"Be an early applicant","skills":["Adobe After Effects","Adobe Flash","Adobe Illustrator","Adobe Photoshop","Adobe Premiere Pro","Animation","Final Cut Pro","Video Editing","Video Making"],"perks":["Certificate","Letter of recommendation"],"openings":"5"},{"url":"/internship/detail/motion-graphics-internship-in-mumbai-at-refr1-tech-private-limited1667386950","name":"Motion Graphics","company":"Refr1 Tech Private Limited","location":"Mumbai","duration":"3 Months","stipend":"10,000 /month","applications":"Be an early applicant","skills":["Adobe After Effects","Adobe Illustrator","Adobe Photoshop","Adobe Premiere Pro","Animation","Video Editing"],"perks":["Certificate","Letter of recommendation","Informal dress code","Free snacks & beverages"],"openings":"1"},{"url":"/internship/detail/video-editing-work-from-home-job-internship-at-mechatron-robotics1667453405","name":"Video Editing","company":"Mechatron Robotics","location":"Work From Home","duration":"6 Months","stipend":"5,000-7,000 /month","applications":"Be an early applicant","skills":["Adobe After Effects","Adobe Premiere Pro","Canva"],"perks":["Certificate","Letter of recommendation"],"openings":"2"},{"url":"/internship/detail/motion-graphics-internship-in-mira-bhayandar-at-vivify-solutions-private-limited1667307586","name":"Motion Graphics","company":"Vivify Solutions Private Limited","location":"Mira Bhayandar","duration":"3 Months","stipend":"10,000 /month","applications":"Be an early applicant","skills":["Adobe After Effects","Adobe Flash","Adobe Premiere Pro","Animation","English Proficiency (Spoken)","English Proficiency (Written)","MS-Excel","MS-PowerPoint","Video Editing"],"perks":["Certificate","Letter of recommendation","Informal dress code","Job offer"],"openings":"2"},{"url":"/internship/detail/graphic-design-internship-in-delhi-at-atulya-bharat-productions1667301121","name":"Graphic Design","company":"Atulya Bharat Productions","location":"Delhi","duration":"6 Months","stipend":"6,000 /month + Incentives","applications":"Be an early applicant","skills":[],"perks":["Certificate","Letter of recommendation","5 days a week","Job offer"],"openings":"20"},{"url":"/internship/detail/motion-graphics-2d-animation-work-from-home-job-internship-at-x1-race-llp1667246549","name":"Motion Graphics & 2D Animation","company":"X1 Race LLP","location":"Work From Home","duration":"2 Months","stipend":"20,000-30,000 /month","applications":"31 applicants","skills":["3ds Max","Autodesk Maya","Blender 3D","Unity 3D"],"perks":["Certificate","Letter of recommendation","Flexible work hours"],"openings":"4"},{"url":"/internship/detail/2d-animation-motion-graphics-work-from-home-job-internship-at-kloudlabz-it-solutions-private-limited1667266576","name":"2D Animation/ Motion Graphics","company":"KloudLabz IT Solutions Private Limited","location":"Work From Home","duration":"1 Month","stipend":"20,000 /month","applications":"56 applicants","skills":["Adobe After Effects","Adobe Illustrator","Adobe Photoshop","Animation"],"perks":["Job offer"],"openings":"4"},{"url":"/internship/detail/2d-motion-designing-2d-character-animation-work-from-home-job-internship-at-ocular-media1667294770","name":"2D Motion Designing/2D Character Animation","company":"Ocular Media","location":"Work From Home","duration":"3 Months","stipend":"20,000 /month","applications":"55 applicants","skills":[],"perks":["Certificate","Letter of recommendation","5 days a week"],"openings":"2"},{"url":"/internship/detail/3d-animation-work-from-home-job-internship-at-ocular-media1667294465","name":"3D Animation","company":"Ocular Media","location":"Work From Home","duration":"3 Months","stipend":"20,000 /month","applications":"49 applicants","skills":[],"perks":["Certificate","Letter of recommendation","5 days a week"],"openings":"2"},{"url":"/internship/detail/motion-graphics-video-editing-2d-3d-animation-work-from-home-job-internship-at-comic-aisle-corporation1667289727","name":"Motion Graphics/Video Editing/2D & 3D Animation","company":"Comic Aisle Corporation","location":"Work From Home","duration":"3 Months","stipend":"10,000 /month","applications":"Be an early applicant","skills":["3ds Max","Adobe After Effects","Adobe Creative Suite","Adobe Illustrator","Adobe Photoshop","Adobe Premiere Pro","Animation","Blender 3D","UI & UX Design"],"perks":["Job offer"],"openings":"1"},{"url":"/internship/detail/storyboarding-internship-in-chandigarh-mohali-at-vr-xpert1667274813","name":"Storyboarding","company":"VR Xpert","location":"Chandigarh","duration":"4 Months","stipend":"8,000-12,000 /month","applications":"Be an early applicant","skills":["Adobe Illustrator","Adobe Photoshop","Digital Art","Sketching","Storyboarding"],"perks":["Certificate","Letter of recommendation","Informal dress code","5 days a week","Free snacks & beverages"],"openings":"3"},{"url":"/internship/detail/3d-modeling-and-animation-internship-in-ahmedabad-at-labh-group-of-companies1667194248","name":"3D Modeling And Animation","company":"Labh Group Of Companies","location":"Ahmedabad","duration":"2 Months","stipend":"10,000 /month","applications":"Be an early applicant","skills":["AutoCAD","Autodesk Maya","Blender 3D"],"perks":["Certificate","Letter of recommendation","Flexible work hours","Informal dress code"],"openings":"2"},{"url":"/internship/detail/motion-graphics-work-from-home-job-internship-at-ikick-enterprise-llp1667132749","name":"Motion Graphics","company":"IKick Enterprise LLP","location":"Work From Home","duration":"2 Months","stipend":"15,000-25,000 /month","applications":"45 applicants","skills":["Adobe After Effects","Adobe Illustrator","Adobe Photoshop","Adobe Premiere Pro"],"perks":["Certificate","Letter of recommendation","Flexible work hours"],"openings":"5"},{"url":"/internship/detail/motion-graphics-work-from-home-job-internship-at-brightgeeks-technologies-private-limited1667101064","name":"Motion Graphics","company":"Brightgeeks Technologies Private Limited","location":"Work From Home","duration":"6 Months","stipend":"1,000-3,000 /month","applications":"Be an early applicant","skills":["Adobe After Effects","Adobe Illustrator","Adobe Photoshop","Adobe Premiere Pro","Animation","Video Editing","Video Making"],"perks":["Certificate","Letter of recommendation","Flexible work hours","5 days a week"],"openings":"9"},{"url":"/internship/detail/graphic-design-work-from-home-job-internship-at-cyberensis-infosec1666970459","name":"Graphic Design","company":"Cyberensis Infosec","location":"Work From Home","duration":"3 Months","stipend":"1,000 /month + Incentives","applications":"45 applicants","skills":["Adobe After Effects","Adobe Illustrator","Adobe Indesign","Adobe Photoshop","Adobe Photoshop Lightroom CC","Adobe Premiere Pro","UI & UX Design"],"perks":["Certificate","Letter of recommendation","Flexible work hours","5 days a week"],"openings":"2"},{"url":"/internship/detail/motion-graphics-designing-work-from-home-job-internship-at-soap-chemistry-et-more1667046889","name":"Motion Graphics Designing","company":"Soap Chemistry Et More","location":"Work From Home","duration":"6 Months","stipend":"8,000 /month","applications":"41 applicants","skills":["Adobe After Effects","Adobe Illustrator","Adobe Photoshop","Adobe Premiere Pro"],"perks":["Letter of recommendation","5 days a week"],"openings":"1"},{"url":"/internship/detail/motion-graphics-video-editing-part-time-job-internship-at-multiple-locations-in-horizon9-advertising-brand-consultants-limited1667034487","name":"Motion Graphics & Video Editing","company":"Horizon9 Advertising & Brand Consultants Limited","location":"Faridabad","duration":"3 Months","stipend":"3,000-8,000 /month","applications":"Be an early applicant","skills":["Adobe After Effects","Adobe Illustrator","Adobe Photoshop","Adobe Photoshop Lightroom CC","Adobe Premiere Pro","Sketch"],"perks":["Certificate","Letter of recommendation","Flexible work hours","Informal dress code","Job offer"],"openings":"2"},{"url":"/internship/detail/communication-graphic-design-internship-in-multiple-locations-at-the-bluebeans1666965594","name":"Communication/Graphic Design","company":"The Bluebeans","location":"Delhi","duration":"3 Months","stipend":"5,000-7,000 /month","applications":"Be an early applicant","skills":["Adobe After Effects","Adobe Creative Suite","Adobe Illustrator","Adobe Indesign","Adobe Photoshop","Client Relationship","English Proficiency (Spoken)","Social Media Marketing","UI & UX Design","Video Editing"],"perks":["Certificate","Letter of recommendation","Flexible work hours","Informal dress code","5 days a week","Job offer"],"openings":"3"},{"url":"/internship/detail/3d-modelling-and-animation-internship-in-delhi-at-sakshi-media-group1666941321","name":"3D Modelling and Animation","company":"Sakshi Media Group","location":"Delhi","duration":"2 Months","stipend":"5,000 /month","applications":"Be an early applicant","skills":[],"perks":["Certificate","Letter of recommendation","Informal dress code","5 days a week"],"openings":"2"},{"url":"/internship/detail/graphic-design-internship-in-delhi-at-nirman-ias1666870188","name":"Graphic Design","company":"NIRMAN IAS","location":"Delhi","duration":"3 Months","stipend":"25,000 /month","applications":"Be an early applicant","skills":["Adobe After Effects","Adobe Creative Suite","Adobe Illustrator","Adobe Indesign","Adobe Photoshop","Adobe Photoshop Lightroom CC","Adobe Premiere Pro","CorelDRAW","UI & UX Design","Video Editing"],"perks":["Certificate","Letter of recommendation"],"openings":"2"},{"url":"/internship/detail/motion-graphics-internship-in-pune-at-brandmatterz1666936914","name":"Motion Graphics","company":"BrandMatterz","location":"Pune","duration":"2 Months","stipend":"6,000 /month","applications":"Be an early applicant","skills":["Adobe After Effects","Adobe Flash","Adobe Illustrator","Adobe Photoshop","Adobe Premiere Pro","Animation","Video Editing","Video Making"],"perks":["Certificate","Letter of recommendation","Informal dress code","Job offer"],"openings":"1"},{"url":"/internship/detail/motion-graphics-work-from-home-job-internship-at-creatiwise1666875298","name":"Motion Graphics","company":"Creatiwise","location":"Work From Home","duration":"6 Months","stipend":"8,000-15,000 /month","applications":"Be an early applicant","skills":["Adobe After Effects","Adobe Premiere Pro","Animation"],"perks":["Certificate","Letter of recommendation"],"openings":"1"},{"url":"/internship/detail/graphic-design-work-from-home-job-internship-at-quantum-it1666857623","name":"Graphic Design","company":"Quantum IT","location":"Work From Home","duration":"6 Months","stipend":"8,000-12,000 /month","applications":"49 applicants","skills":["Adobe After Effects","Adobe Illustrator","Adobe Photoshop","Adobe Premiere Pro","CorelDRAW"],"perks":["Certificate","Letter of recommendation","Flexible work hours","5 days a week","Job offer"],"openings":"6"},{"url":"/internship/detail/motion-graphic-designer-internship-in-gurgaon-at-sparsa-digital-private-limited1666783979","name":"Motion Graphic Designer","company":"Sparsa Digital Private Limited","location":"Gurgaon","duration":"3 Months","stipend":"5,000 /month","applications":"Be an early applicant","skills":["Adobe After Effects","Adobe Photoshop","Adobe Premiere Pro","Animation","Video Editing"],"perks":["Certificate","Letter of recommendation","Informal dress code","Job offer"],"openings":"2"},{"url":"/internship/detail/multimedia-designing-work-from-home-job-internship-at-vr-ar-mr1666765859","name":"Multimedia Designing","company":"VR AR MR","location":"Work From Home","duration":"3 Months","stipend":"2,500 /month","applications":"Be an early applicant","skills":["Adobe After Effects","Adobe Photoshop","Digital Art","Sketching","Storyboarding"],"perks":["Certificate","Letter of recommendation","Job offer"],"openings":"2"},{"url":"/internship/detail/video-and-motion-graphics-work-from-home-job-internship-at-unilend-finance1666504458","name":"Video And Motion Graphics","company":"UniLend Finance","location":"Work From Home","duration":"2 Months","stipend":"15,000-20,000 /month","applications":"41 applicants","skills":["Adobe After Effects","Adobe Illustrator","Blender 3D","Figma","Video Editing"],"perks":["Certificate","Letter of recommendation","Flexible work hours","5 days a week"],"openings":"1"}]}