{"success":6,"failed":0,"internships":[{"url":"/internship/detail/rapping-singing-internship-in-delhi-at-unimonks1667552754","name":"Rapping/Singing","company":"Unimonks","location":"Delhi","duration":"2 Months","stipend":"3,000-8,000 /month","applications":"Be an early applicant","skills":[],"perks":["Certificate","Letter of recommendation"],"openings":"3"},{"url":"/internship/detail/carnatic-classical-instrumental-part-time-job-internship-at-hyderabad-in-padaayi1667386586","name":"Carnatic Classical Instrumental","company":"Padaayi","location":"Hyderabad","duration":"2 Months","stipend":"2,000 /month","applications":"Be an early applicant","skills":[],"perks":["Certificate","Letter of recommendation","Flexible work hours","5 days a week"],"openings":"2"},{"url":"/internship/detail/teaching-keyboard-work-from-home-job-internship-at-auriv-learning1667192983","name":"Teaching (Keyboard)","company":"Auriv Learning","location":"Work From Home","duration":"3 Months","stipend":"10,000 /month","applications":"130 applicants","skills":[],"perks":["Certificate","Flexible work hours","5 days a week"],"openings":"4"},{"url":"/internship/detail/music-composition-electronic-work-from-home-job-internship-at-bollygrad-studioz1667042490","name":"Music Composition (Electronic)","company":"Bollygrad Studioz","location":"Work From Home","duration":"6 Months","stipend":"5,000 /month","applications":"44 applicants","skills":["English Proficiency (Spoken)","FL Studio (formerly known as FruityLoops)","Hindi Proficiency (Spoken)"],"perks":["Certificate","Letter of recommendation"],"openings":"3"},{"url":"/internship/detail/keyboard-music-online-teaching-work-from-home-job-internship-at-multibhashi1666875716","name":"Keyboard (Music) Online Teaching","company":"Multibhashi","location":"Work From Home","duration":"6 Months","stipend":"5,000-8,000 /month","applications":"Be an early applicant","skills":[],"perks":["Certificate","Flexible work hours"],"openings":"2"},{"url":"/internship/detail/teaching-piano-instrumental-music-work-from-home-job-internship-at-triluxo-technologies-private-limited1666702936","name":"Teaching (Piano Instrumental Music)","company":"Triluxo Technologies Private Limited","location":"Work From Home","duration":"3 Months","stipend":"1,000-2,500 /month","applications":"Be an early applicant","skills":["English Proficiency (Spoken)","English Proficiency (Written)"],"perks":["Certificate","Letter of recommendation","Flexible work hours"],"openings":"3"}]}