{"success":9,"failed":0,"internships":[{"url":"/internship/detail/network-engineering-internship-in-jaipur-at-requin-solutions-private-limited1667553911","name":"Network Engineering","company":"Requin Solutions Private Limited","location":"Jaipur","duration":"6 Months","stipend":"8,000-10,000 /month","applications":"Be an early applicant","skills":["CCNA"],"perks":["Informal dress code"],"openings":"2"},{"url":"/internship/detail/network-engineering-internship-in-bangalore-at-hirect1667563199","name":"Network Engineering","company":"Hirect","location":"Bangalore","duration":"6 Months","stipend":"20,000 /month","applications":"Be an early applicant","skills":["CCNA","Computer Networking","Computer Networks","Linux"],"perks":["Certificate"],"openings":"1"},{"url":"/internship/detail/networking-and-security-internship-in-jaipur-at-requin-solutions-private-limited1667553629","name":"Networking And Security","company":"Requin Solutions Private Limited","location":"Jaipur","duration":"6 Months","stipend":"8,000-12,000 /month","applications":"Be an early applicant","skills":["CCNA","Computer Networking"],"perks":[],"openings":"2"},{"url":"/internship/detail/network-engineering-internship-in-mumbai-at-alfa-kpo-private-limited1667219110","name":"Network Engineering","company":"ALFA KPO Private Limited","location":"Mumbai","duration":"6 Months","stipend":"15,000-18,000 /month","applications":"Be an early applicant","skills":["CCNA"],"perks":["Informal dress code","5 days a week","Free snacks & beverages"],"openings":"5"},{"url":"/internship/detail/incident-response-internship-in-navi-mumbai-vashi-navi-mumbai-at-anzen-technologies-private-limited1667142541","name":"Incident Response","company":"Anzen Technologies Private Limited","location":"Navi Mumbai","duration":"6 Months","stipend":"15,000 /month","applications":"54 applicants","skills":[],"perks":["Certificate"],"openings":"5"},{"url":"/internship/detail/osp-engineering-internship-in-warangal-at-magnify-it-private-limited1667216257","name":"OSP Engineering","company":"Magnify IT Private Limited","location":"Warangal","duration":"3 Months","stipend":"3,000-5,000 /month","applications":"Be an early applicant","skills":["ArcGIS","AutoCAD"],"perks":["Certificate","Flexible work hours","Job offer"],"openings":"2"},{"url":"/internship/detail/network-engineering-internship-in-coimbatore-at-elysium-academy1666856955","name":"Network Engineering","company":"Elysium Academy","location":"Coimbatore","duration":"6 Months","stipend":"5,000 /month","applications":"Be an early applicant","skills":["CCNA","Computer Networking","Computer Networks","Linux"],"perks":["Certificate","Letter of recommendation","Flexible work hours","Informal dress code","5 days a week","Free snacks & beverages"],"openings":"5"},{"url":"/internship/detail/network-engineering-internship-in-bangalore-at-intuitor-softtech-services-private-limited1666754550","name":"Network Engineering","company":"Intuitor Softtech Services Private Limited","location":"Bangalore","duration":"3 Months","stipend":"15,000-20,000 /month","applications":"64 applicants","skills":["CCNA"],"perks":["Certificate","5 days a week"],"openings":"2"},{"url":"/internship/detail/networking-work-from-home-job-internship-at-ivolunteer-your-skills-can-change-lives1666512068","name":"Networking","company":"iVolunteer - Your Skills Can Change Lives","location":"Work From Home","duration":"3 Months","stipend":"8,000 /month","applications":"54 applicants","skills":["Social Media Marketing"],"perks":["Certificate","Letter of recommendation"],"openings":"1"}]}