{"success":40,"failed":0,"internships":[{"url":"/internship/detail/fundraising-coordinator-internship-work-from-home-job-internship-at-suvidha-foundation1665470285","name":"Fundraising Coordinator Internship","company":"Suvidha Foundation","location":"Work From Home","duration":"1 Month","stipend":"Unpaid","applications":"1000+ applicants","skills":["English Proficiency (Spoken)"],"perks":["Certificate","Letter of recommendation","Flexible work hours"],"openings":"1000"},{"url":"/internship/detail/content-writing-internship-in-noida-at-dr-apj-abdul-kalam-centre1667561906","name":"Content Writing","company":"Dr. A.P.J. Abdul Kalam Centre","location":"Noida","duration":"3 Months","stipend":"5,000-12,000 /month","applications":"Be an early applicant","skills":["Creative Writing","English Proficiency (Spoken)","English Proficiency (Written)"],"perks":["Certificate","Letter of recommendation","Informal dress code"],"openings":"6"},{"url":"/internship/detail/public-relations-and-outreach-internship-in-delhi-at-wwf-india1667502083","name":"Public Relations And Outreach","company":"WWF-India","location":"Delhi","duration":"3 Months","stipend":"6,000 /month","applications":"Be an early applicant","skills":["Canva","English Proficiency (Spoken)","English Proficiency (Written)","MS-Excel","MS-PowerPoint","MS-Word"],"perks":["Certificate","Letter of recommendation","Informal dress code","5 days a week"],"openings":"2"},{"url":"/internship/detail/teaching-volunteering-part-time-job-internship-at-delhi-in-teach-for-india1667474673","name":"Teaching (Volunteering)","company":"Teach For India","location":"Delhi","duration":"3 Months","stipend":"Unpaid","applications":"Be an early applicant","skills":["Teaching"],"perks":["Certificate","Letter of recommendation","Flexible work hours"],"openings":"4"},{"url":"/internship/detail/human-resources-hr-internship-in-delhi-at-niit-foundation1667387295","name":"Human Resources (HR)","company":"NIIT Foundation","location":"Delhi","duration":"6 Months","stipend":"15,000 /month","applications":"49 applicants","skills":["English Proficiency (Spoken)","MS-Excel","MS-Word"],"perks":["Certificate"],"openings":"2"},{"url":"/internship/detail/research-internship-in-hyderabad-at-teach-for-india1667384109","name":"Research","company":"Teach For India","location":"Hyderabad","duration":"2 Months","stipend":"4,000 /month","applications":"Be an early applicant","skills":["MS-Office","Research and Analytics"],"perks":["Certificate","Letter of recommendation","Flexible work hours"],"openings":"2"},{"url":"/internship/detail/marketing-internship-in-delhi-at-wwf-india1667286278","name":"Marketing","company":"WWF-India","location":"Delhi","duration":"3 Months","stipend":"15,000 /month","applications":"33 applicants","skills":[],"perks":["Certificate","Letter of recommendation","Informal dress code"],"openings":"1"},{"url":"/internship/detail/human-resources-hr-internship-in-ahmedabad-at-ciie-initiatives-iim-ahmedabad1667388366","name":"Human Resources (HR)","company":"CIIE Initiatives (IIM Ahmedabad)","location":"Ahmedabad","duration":"6 Months","stipend":"10,000 /month","applications":"Be an early applicant","skills":["English Proficiency (Spoken)","English Proficiency (Written)","MS-Office"],"perks":["Certificate","Letter of recommendation","Informal dress code","5 days a week"],"openings":"1"},{"url":"/internship/detail/business-development-sales-internship-in-delhi-at-wwf-india1667038699","name":"Business Development (Sales)","company":"WWF-India","location":"Delhi","duration":"3 Months","stipend":"20,000 /month","applications":"32 applicants","skills":[],"perks":["Certificate","Letter of recommendation","Informal dress code"],"openings":"5"},{"url":"/internship/detail/marketing-internship-in-delhi-at-wwf-india1666938051","name":"Marketing","company":"WWF-India","location":"Delhi","duration":"6 Months","stipend":"5,000-10,000 /month","applications":"Be an early applicant","skills":["English Proficiency (Spoken)","English Proficiency (Written)","Hindi Proficiency (Spoken)","MS-Excel","MS-Office"],"perks":["Certificate","Letter of recommendation","5 days a week","Job offer"],"openings":"2"},{"url":"/internship/detail/social-media-marketing-internship-in-gurgaon-at-pawzz1667472095","name":"Social Media Marketing","company":"Pawzz","location":"Gurgaon","duration":"3 Months","stipend":"15,000 /month","applications":"Be an early applicant","skills":["Content Writing","Copywriting","Digital Marketing","Email Marketing","English Proficiency (Spoken)","English Proficiency (Written)","Sales and Marketing","Search Engine Optimization (SEO)","Social Media Marketing","Video Editing"],"perks":["Certificate","Letter of recommendation","Job offer"],"openings":"2"},{"url":"/internship/detail/eco-champs-internship-in-patna-at-bhumi1667297867","name":"Eco Champs","company":"Bhumi","location":"Patna","duration":"3 Months","stipend":"Unpaid","applications":"Be an early applicant","skills":[],"perks":["Certificate","Flexible work hours"],"openings":"10"},{"url":"/internship/detail/photography-internship-in-hyderabad-at-marpu-foundation1666847451","name":"Photography","company":"Marpu Foundation","location":"Hyderabad","duration":"1 Month","stipend":"Unpaid","applications":"Be an early applicant","skills":[],"perks":["Certificate"],"openings":"10"},{"url":"/internship/detail/chartered-accountancy-ca-internship-in-pitampura-at-youth-empowerment-foundation1667470340","name":"Chartered Accountancy (CA)","company":"Youth Empowerment Foundation","location":"Pitampura","duration":"6 Months","stipend":"3,000 /month","applications":"Be an early applicant","skills":[],"perks":[],"openings":"5"},{"url":"/internship/detail/general-management-internship-in-delhi-at-hamari-pahchan-ngo1666783475","name":"General Management","company":"Hamari Pahchan NGO","location":"Delhi","duration":"1 Month","stipend":"3,000-8,000 /month","applications":"60 applicants","skills":["English Proficiency (Spoken)","English Proficiency (Written)"],"perks":["Certificate","Letter of recommendation","Flexible work hours"],"openings":"2"},{"url":"/internship/detail/fundraising-internship-in-chennai-at-bhumi1667387389","name":"Fundraising","company":"Bhumi","location":"Chennai","duration":"1 Month","stipend":"Unpaid","applications":"Be an early applicant","skills":[],"perks":["Certificate","Flexible work hours","5 days a week"],"openings":"2"},{"url":"/internship/detail/accounts-internship-in-pitampura-at-youth-empowerment-foundation1667402175","name":"Accounts","company":"Youth Empowerment Foundation","location":"Pitampura","duration":"6 Months","stipend":"5,000 /month","applications":"Be an early applicant","skills":[],"perks":["Certificate"],"openings":"5"},{"url":"/internship/detail/volunteering-part-time-job-internship-at-delhi-in-youth-empowerment-foundation1667470030","name":"Volunteering","company":"Youth Empowerment Foundation","location":"Delhi","duration":"2 Months","stipend":"Unpaid","applications":"Be an early applicant","skills":[],"perks":["Certificate","Letter of recommendation"],"openings":"20"},{"url":"/internship/detail/social-work-part-time-job-internship-at-delhi-in-youth-empowerment-foundation1667469935","name":"Social Work","company":"Youth Empowerment Foundation","location":"Delhi","duration":"2 Months","stipend":"Unpaid","applications":"Be an early applicant","skills":[],"perks":["Certificate"],"openings":"30"},{"url":"/internship/detail/event-management-part-time-job-internship-at-gurgaon-in-simmi-foundation-organization1666947367","name":"Event Management","company":"Simmi Foundation Organization","location":"Gurgaon","duration":"1 Month","stipend":"Unpaid","applications":"Be an early applicant","skills":["English Proficiency (Spoken)","English Proficiency (Written)","Event Management","MS-Office"],"perks":["Certificate","Letter of recommendation","Flexible work hours","Informal dress code","5 days a week","Free snacks & beverages","Job offer"],"openings":"5"},{"url":"/internship/detail/social-media-marketing-work-from-home-job-internship-at-simmi-foundation-organization1667586277","name":"Social Media Marketing","company":"Simmi Foundation Organization","location":"Work From Home","duration":"2 Weeks","stipend":"500-2,000 /week","applications":"59 applicants","skills":["Content Marketing","English Proficiency (Spoken)","English Proficiency (Written)","Social Media Marketing"],"perks":["Certificate","Letter of recommendation","Flexible work hours","5 days a week"],"openings":"10"},{"url":"/internship/detail/marketing-work-from-home-job-internship-at-simmi-foundation-organization1667586332","name":"Marketing","company":"Simmi Foundation Organization","location":"Work From Home","duration":"2 Weeks","stipend":"200-2,000 /week","applications":"30 applicants","skills":["English Proficiency (Spoken)","English Proficiency (Written)","Hindi Proficiency (Spoken)","MS-Office","Sales and Marketing"],"perks":["Certificate","Letter of recommendation","Flexible work hours","5 days a week"],"openings":"11"},{"url":"/internship/detail/business-development-sales-work-from-home-job-internship-at-simmi-foundation-organization1667586409","name":"Business Development (Sales)","company":"Simmi Foundation Organization","location":"Work From Home","duration":"2 Weeks","stipend":"500-2,500 /week","applications":"27 applicants","skills":["English Proficiency (Spoken)","English Proficiency (Written)","Hindi Proficiency (Spoken)","Sales and Marketing"],"perks":["Certificate","Letter of recommendation","Flexible work hours","5 days a week"],"openings":"10"},{"url":"/internship/detail/fundraising-coordination-work-from-home-job-internship-at-simmi-foundation-organization1667586488","name":"Fundraising Coordination","company":"Simmi Foundation Organization","location":"Work From Home","duration":"2 Weeks","stipend":"500-2,500 /week","applications":"Be an early applicant","skills":["English Proficiency (Spoken)","English Proficiency (Written)","Hindi Proficiency (Spoken)","Hindi Proficiency (Written)"],"perks":["Certificate","Letter of recommendation","Flexible work hours","5 days a week"],"openings":"15"},{"url":"/internship/detail/fundraising-management-work-from-home-job-internship-at-simmi-foundation-organization1667586605","name":"Fundraising Management","company":"Simmi Foundation Organization","location":"Work From Home","duration":"2 Weeks","stipend":"500-2,500 /week","applications":"Be an early applicant","skills":["English Proficiency (Spoken)","English Proficiency (Written)","Hindi Proficiency (Spoken)"],"perks":["Certificate","Letter of recommendation","Flexible work hours","5 days a week"],"openings":"15"},{"url":"/internship/detail/volunteering-part-time-job-internship-at-multiple-locations-in-kartavyam1667648696","name":"Volunteering","company":"Kartavyam","location":"Ghaziabad","duration":"2 Months","stipend":"Unpaid","applications":"26 applicants","skills":["English Proficiency (Spoken)","Hindi Proficiency (Spoken)"],"perks":["Certificate","Letter of recommendation","Flexible work hours","5 days a week"],"openings":"19"},{"url":"/internship/detail/web-development-work-from-home-job-internship-at-milna1667567476","name":"Web Development","company":"Milna","location":"Work From Home","duration":"2 Months","stipend":"3,000 /month","applications":"44 applicants","skills":["CSS","HTML","PHP","SQL","WordPress"],"perks":["Certificate","Letter of recommendation","Flexible work hours","5 days a week"],"openings":"1"},{"url":"/internship/detail/fundraising-part-time-job-internship-at-mumbai-in-tanmay-sachin-foundation1667570624","name":"Fundraising","company":"Tanmay Sachin Foundation","location":"Mumbai","duration":"1 Month","stipend":"8,000 /month + Incentives","applications":"Be an early applicant","skills":["English Proficiency (Spoken)","Hindi Proficiency (Spoken)","Sales and Marketing"],"perks":["Certificate","Letter of recommendation","Flexible work hours","Informal dress code"],"openings":"8"},{"url":"/internship/detail/videography-video-editing-internship-in-multiple-locations-at-aayom-welfare-society1667633533","name":"Videography & Video Editing","company":"Aayom Welfare Society","location":"Delhi","duration":"1 Month","stipend":"Unpaid","applications":"Be an early applicant","skills":["Audio Editing","Video Editing","Video Making"],"perks":["Certificate","Flexible work hours"],"openings":"4"},{"url":"/internship/detail/social-media-marketing-work-from-home-job-internship-at-people-for-animals1667555906","name":"Social Media Marketing","company":"People For Animals","location":"Work From Home","duration":"3 Months","stipend":"Unpaid","applications":"Be an early applicant","skills":["Creative Writing","Digital Marketing","Social Media Marketing"],"perks":["Certificate","Flexible work hours"],"openings":"10"},{"url":"/internship/detail/fundraising-work-from-home-job-internship-at-aadi-foundation1667555649","name":"Fundraising","company":"Aadi Foundation","location":"Work From Home","duration":"1 Month","stipend":"1,000 /month + Incentives","applications":"Be an early applicant","skills":["Canva","English Proficiency (Spoken)","English Proficiency (Written)"],"perks":["Certificate","Letter of recommendation","Flexible work hours","5 days a week"],"openings":"10"},{"url":"/internship/detail/human-resources-hr-work-from-home-job-internship-at-navyug-think-india-foundation1667552146","name":"Human Resources (HR)","company":"Navyug Think India Foundation","location":"Work From Home","duration":"3 Months","stipend":"Unpaid","applications":"Be an early applicant","skills":["English Proficiency (Spoken)","English Proficiency (Written)","MS-Excel","MS-Office","MS-Word"],"perks":["Certificate","Letter of recommendation","Flexible work hours","Job offer"],"openings":"10"},{"url":"/internship/detail/digital-marketing-part-time-job-internship-at-bangalore-in-pratham-books1667626682","name":"Digital Marketing","company":"Pratham Books","location":"Bangalore","duration":"6 Months","stipend":"5,000 /month","applications":"Be an early applicant","skills":["Canva","Digital Marketing","English Proficiency (Spoken)","English Proficiency (Written)","Facebook Marketing","MS-Office"],"perks":["Certificate","Letter of recommendation","5 days a week"],"openings":"1"},{"url":"/internship/detail/human-resources-hr-work-from-home-job-internship-at-save-the-paws1667614473","name":"Human Resources (HR)","company":"Save The Paws","location":"Work From Home","duration":"3 Months","stipend":"Unpaid","applications":"Be an early applicant","skills":["English Proficiency (Spoken)","English Proficiency (Written)","MS-Word","Recruitment"],"perks":["Certificate","Flexible work hours"],"openings":"5"},{"url":"/internship/detail/fundraising-work-from-home-job-internship-at-simmi-foundation-organization1667586658","name":"Fundraising","company":"Simmi Foundation Organization","location":"Work From Home","duration":"2 Weeks","stipend":"500-2,000 /week","applications":"41 applicants","skills":["English Proficiency (Spoken)","Hindi Proficiency (Spoken)"],"perks":["Certificate","Letter of recommendation","Flexible work hours","5 days a week"],"openings":"20"},{"url":"/internship/detail/fundraising-work-from-home-job-internship-at-simmi-foundation-organization1667586550","name":"Fundraising","company":"Simmi Foundation Organization","location":"Work From Home","duration":"2 Weeks","stipend":"500-2,000 /week","applications":"27 applicants","skills":[],"perks":["Certificate","Letter of recommendation","Flexible work hours","5 days a week"],"openings":"15"},{"url":"/internship/detail/web-development-work-from-home-job-internship-at-rudraksha-welfare-foundation1667583533","name":"Web Development","company":"Rudraksha Welfare Foundation","location":"Work From Home","duration":"2 Months","stipend":"1,100 /month","applications":"82 applicants","skills":["CSS","HTML","JavaScript","MySQL","PHP"],"perks":["Certificate","Letter of recommendation","Flexible work hours"],"openings":"2"},{"url":"/internship/detail/teaching-python-machine-learning-work-from-home-job-internship-at-sure-trust1667575521","name":"Teaching (Python & Machine Learning)","company":"SURE Trust","location":"Work From Home","duration":"4 Months","stipend":"Unpaid","applications":"77 applicants","skills":["Machine Learning","Python"],"perks":["Certificate","Letter of recommendation","Flexible work hours"],"openings":"2"},{"url":"/internship/detail/web-development-work-from-home-job-internship-at-titli-foundation1667572831","name":"Web Development","company":"Titli Foundation","location":"Work From Home","duration":"3 Months","stipend":"Unpaid","applications":"41 applicants","skills":["CSS","HTML","JavaScript","MongoDB","MySQL","Node.js"],"perks":["Certificate","Letter of recommendation","Flexible work hours"],"openings":"20"},{"url":"/internship/detail/community-influencing-work-from-home-job-internship-at-inamigos-foundation1667572455","name":"Community Influencing","company":"InAmigos Foundation","location":"Work From Home","duration":"3 Weeks","stipend":"1,000-5,000 /week","applications":"26 applicants","skills":["English Proficiency (Spoken)"],"perks":["Certificate","Letter of recommendation","Flexible work hours"],"openings":"10"}]}