{"success":32,"failed":0,"internships":[{"url":"/internship/detail/nodejs-development-internship-in-multiple-locations-at-marksdzyn1667563009","name":"Node.js Development","company":"MarksDzyn","location":"Delhi","duration":"3 Months","stipend":"5,000-15,000 /month","applications":"Be an early applicant","skills":["Node.js"],"perks":["Certificate","Letter of recommendation","Flexible work hours","Informal dress code","Job offer"],"openings":"4"},{"url":"/internship/detail/nodejs-development-work-from-home-job-internship-at-addictive-media1667556801","name":"Node.js Development","company":"Addictive Media","location":"Work From Home","duration":"6 Months","stipend":"15,000-20,000 /month","applications":"226 applicants","skills":["HTML","JavaScript","Node.js"],"perks":["5 days a week","Job offer"],"openings":"1"},{"url":"/internship/detail/mern-development-work-from-home-job-internship-at-possibuild-building-technologies1667549371","name":"MERN Development","company":"PossiBuild Building Technologies","location":"Work From Home","duration":"6 Months","stipend":"10,000-12,000 /month","applications":"38 applicants","skills":["MongoDB","Node.js","ReactJS"],"perks":["Certificate","5 days a week"],"openings":"2"},{"url":"/internship/detail/backend-development-work-from-home-job-internship-at-qualyval1667471206","name":"Backend Development","company":"Qualyval","location":"Work From Home","duration":"6 Months","stipend":"6,000 /month","applications":"84 applicants","skills":["MongoDB","Node.js","Python","REST API"],"perks":["Certificate","Letter of recommendation","Flexible work hours"],"openings":"2"},{"url":"/internship/detail/mern-stack-development-internship-in-indore-bhopal-at-eulogik1667543984","name":"MERN Stack Development","company":"Eulogik","location":"Indore","duration":"4 Months","stipend":"6,000-8,000 /month","applications":"Be an early applicant","skills":["CSS","Express.js","HTML","JavaScript","MongoDB","Node.js","ReactJS"],"perks":["Letter of recommendation"],"openings":"2"},{"url":"/internship/detail/nodejs-development-internship-in-gurgaon-at-antino-labs-private-limited1667540699","name":"Node.js Development","company":"Antino Labs Private Limited","location":"Gurgaon","duration":"6 Months","stipend":"15,000 /month","applications":"60 applicants","skills":["Express.js","HTML","JavaScript","MongoDB","MySQL","Node.js","REST API"],"perks":["Certificate","Flexible work hours","Informal dress code","5 days a week","Free snacks & beverages"],"openings":"3"},{"url":"/internship/detail/nodejs-development-work-from-home-job-internship-at-unico-global1667504013","name":"Node.js Development","company":"Unico Global","location":"Work From Home","duration":"3 Months","stipend":"3,000-6,000 /month","applications":"43 applicants","skills":["Amazon Web Server (AWS)","Cloud Firestore","Express.js","Firebase","GitHub","Heroku","JavaScript","MEAN/MERN Stack","MongoDB","MySQL","Node.js","ReactJS","React Native","REST API"],"perks":["Certificate","Letter of recommendation","Flexible work hours","Job offer"],"openings":"1"},{"url":"/internship/detail/nodejs-development-internship-in-jaipur-at-kaniskep1667472336","name":"Node.js Development","company":"Kaniskep","location":"Jaipur","duration":"3 Months","stipend":"5,000 /month + Incentives","applications":"Be an early applicant","skills":["Node.js"],"perks":["Certificate","Letter of recommendation","Flexible work hours","Informal dress code","5 days a week","Free snacks & beverages","Job offer"],"openings":"5"},{"url":"/internship/detail/react-nodejs-web-ui-development-work-from-home-job-internship-at-dendriteai1667403700","name":"React/NodeJS Web/UI Development","company":"Dendrite.ai","location":"Work From Home","duration":"4 Months","stipend":"4,000 /month","applications":"94 applicants","skills":["CSS","Docker","Git","HTML","JavaScript","Node.js","ReactJS","SQL"],"perks":["Certificate","Flexible work hours"],"openings":"3"},{"url":"/internship/detail/full-stack-development-internship-in-multiple-locations-at-vidyalai1667393334","name":"Full Stack Development","company":"Vidyalai","location":"Kochi","duration":"6 Months","stipend":"15,000 /month","applications":"31 applicants","skills":["CSS","HTML","JavaScript","MongoDB","Node.js","ReactJS"],"perks":["Certificate","Letter of recommendation","Informal dress code","Job offer"],"openings":"2"},{"url":"/internship/detail/nodejs-development-internship-in-noida-at-w3dev1667432452","name":"Node.js Development","company":"W3Dev","location":"Noida","duration":"6 Months","stipend":"8,000-10,000 /month","applications":"35 applicants","skills":["MongoDB","MySQL","Node.js"],"perks":["Certificate","Letter of recommendation","Flexible work hours"],"openings":"2"},{"url":"/internship/detail/full-stack-nodejs-development-internship-in-hyderabad-at-outshade-digital-media1667375762","name":"Full Stack/Node.js Development","company":"Outshade Digital Media","location":"Hyderabad","duration":"3 Months","stipend":"8,000-15,000 /month","applications":"40 applicants","skills":["Node.js","REST API","SQL"],"perks":["Certificate"],"openings":"5"},{"url":"/internship/detail/nodejs-development-work-from-home-job-internship-at-iesoft-technologies-private-limited1667297269","name":"Node.js Development","company":"IESoft Technologies Private Limited","location":"Work From Home","duration":"6 Months","stipend":"20,000 /month","applications":"433 applicants","skills":["CSS","HTML","JavaScript","Node.js"],"perks":["Certificate","Letter of recommendation","Job offer"],"openings":"5"},{"url":"/internship/detail/mern-development-internship-in-secunderabad-hyderabad-at-askmentor1667359862","name":"MERN Development","company":"Askmentor","location":"Secunderabad","duration":"3 Months","stipend":"10,000 /month","applications":"Be an early applicant","skills":["MongoDB","Node.js","ReactJS"],"perks":["Certificate","Letter of recommendation","Job offer"],"openings":"10"},{"url":"/internship/detail/nodejs-development-internship-in-mohali-at-scizers-technologies-llp1667280000","name":"Node.js Development","company":"Scizers Technologies LLP","location":"Mohali","duration":"4 Months","stipend":"8,000 /month","applications":"35 applicants","skills":["JavaScript","Node.js","ReactJS","React Native","Redux","REST API"],"perks":["Certificate","Letter of recommendation","Flexible work hours","5 days a week"],"openings":"4"},{"url":"/internship/detail/mern-stack-development-work-from-home-job-internship-at-docsup-private-limited1667287404","name":"MERN Stack Development","company":"Docsup Private Limited","location":"Work From Home","duration":"3 Months","stipend":"3,000 /month","applications":"51 applicants","skills":["Bootstrap","Express.js","Firebase","HTML","Materialize","MongoDB","Node.js","ReactJS","Stripe Payment API","UI & UX Design"],"perks":["Certificate","Letter of recommendation","Flexible work hours"],"openings":"7"},{"url":"/internship/detail/nodejs-development-work-from-home-job-internship-at-oyelabs1667242313","name":"Node.js Development","company":"OyeLabs","location":"Work From Home","duration":"6 Months","stipend":"5,000-10,000 /month","applications":"245 applicants","skills":["Express.js","HTML","JavaScript","MongoDB","MySQL","Node.js","SQL"],"perks":["Certificate","Letter of recommendation","Flexible work hours","Job offer"],"openings":"2"},{"url":"/internship/detail/nodejs-development-internship-in-ludhiana-at-cryptic-media-opc-private-limited1667208007","name":"Node.js Development","company":"Cryptic Media (OPC) Private Limited","location":"Ludhiana","duration":"4 Months","stipend":"10,000 /month","applications":"Be an early applicant","skills":[],"perks":[],"openings":"10"},{"url":"/internship/detail/mean-stack-development-internship-in-mumbai-at-save-eat-foods-private-limited1667122893","name":"MEAN Stack Development","company":"Save Eat Foods Private Limited","location":"Mumbai","duration":"3 Months","stipend":"11,000 /month","applications":"77 applicants","skills":["Express.js","JavaScript","Node.js","PHP","Python"],"perks":["Certificate","Letter of recommendation","Informal dress code","Free snacks & beverages"],"openings":"1"},{"url":"/internship/detail/react-native-express-node-development-work-from-home-job-internship-at-platform-integration-software-technologies-llp1667116838","name":"React Native Express Node Development","company":"Platform Integration Software Technologies LLP","location":"Work From Home","duration":"5 Months","stipend":"10,000-15,000 /month","applications":"105 applicants","skills":["Data Structures","Express.js","Firebase","Node.js","Python","ReactJS","React Native"],"perks":["Certificate","Letter of recommendation","Flexible work hours"],"openings":"2"},{"url":"/internship/detail/nodejs-development-work-from-home-job-internship-at-agile-recruitech-llp1667039094","name":"Node.js Development","company":"Agile RecruiTech LLP","location":"Work From Home","duration":"6 Months","stipend":"6,000 /month","applications":"287 applicants","skills":["JavaScript","Node.js"],"perks":["Certificate"],"openings":"4"},{"url":"/internship/detail/nodejs-development-internship-in-bangalore-at-cendrol-construction-contracts-private-limited1666955637","name":"Node.js Development","company":"Cendrol Construction Contracts Private Limited","location":"Bangalore","duration":"3 Months","stipend":"6,000 /month","applications":"36 applicants","skills":["JavaScript","MongoDB","Node.js","REST API"],"perks":["Certificate","Letter of recommendation","Job offer"],"openings":"2"},{"url":"/internship/detail/nodejs-development-work-from-home-job-internship-at-allianz-exports1666955240","name":"Node.js Development","company":"Allianz Exports","location":"Work From Home","duration":"3 Months","stipend":"10,000 /month","applications":"379 applicants","skills":["MongoDB","MySQL","Node.js","ReactJS","REST API"],"perks":["Certificate","Letter of recommendation","Flexible work hours","5 days a week","Job offer"],"openings":"4"},{"url":"/internship/detail/nodejs-development-work-from-home-job-internship-at-deepthought-edutech-ventures-private-limited1666872560","name":"Node.js Development","company":"DeepThought Edutech Ventures Private Limited","location":"Work From Home","duration":"6 Months","stipend":"4,000 /month","applications":"150 applicants","skills":["JavaScript","Node.js"],"perks":[],"openings":"1"},{"url":"/internship/detail/nodejs-development-internship-in-mumbai-at-kenmark-itan-solutions1666859551","name":"Node.js Development","company":"Kenmark ITan Solutions","location":"Mumbai","duration":"6 Months","stipend":"7,500-10,000 /month","applications":"40 applicants","skills":["Express.js","HTML","JavaScript","JSON","MySQL","Node.js","REST API","SQL"],"perks":["Certificate","Letter of recommendation","Informal dress code","Free snacks & beverages","Job offer"],"openings":"5"},{"url":"/internship/detail/backend-development-nodejs-expressjs-work-from-home-job-internship-at-altruism-labs1666808051","name":"Backend Development (Node.js & Express.js)","company":"Altruism Labs","location":"Work From Home","duration":"3 Months","stipend":"1,000 /month + Incentives","applications":"105 applicants","skills":["Express.js","MongoDB","Node.js"],"perks":["Certificate","Letter of recommendation","Flexible work hours"],"openings":"5"},{"url":"/internship/detail/nodejs-development-work-from-home-job-internship-at-karostartup1666684292","name":"Node.js Development","company":"KaroStartup","location":"Work From Home","duration":"3 Months","stipend":"7,000 /month","applications":"463 applicants","skills":["MongoDB","Node.js"],"perks":["Certificate"],"openings":"1"},{"url":"/internship/detail/nodejs-development-work-from-home-job-internship-at-oyebeauty1666550661","name":"Node.js Development","company":"OyeBeauty","location":"Work From Home","duration":"4 Months","stipend":"1,000-3,000 /month","applications":"148 applicants","skills":[],"perks":["Certificate","Letter of recommendation","Flexible work hours"],"openings":"4"},{"url":"/internship/detail/nodejs-backend-development-internship-in-ludhiana-at-zave-orbit-private-limited1666433313","name":"Node.js Backend Development","company":"Zave Orbit Private Limited","location":"Ludhiana","duration":"6 Months","stipend":"10,000-15,000 /month","applications":"46 applicants","skills":["Express.js","MySQL","Node.js","REST API"],"perks":["Certificate","Letter of recommendation","Flexible work hours","Informal dress code","Free snacks & beverages","Job offer"],"openings":"4"},{"url":"/internship/detail/nodejs-development-work-from-home-job-internship-at-duckcart1666418215","name":"Node.js Development","company":"Duckcart","location":"Work From Home","duration":"3 Months","stipend":"3,000-7,000 /month","applications":"210 applicants","skills":["JavaScript","MongoDB","Node.js"],"perks":["Certificate","Letter of recommendation","Flexible work hours"],"openings":"3"},{"url":"/internship/detail/backend-development-nodejs-work-from-home-job-internship-at-idea-usher1665980812","name":"Backend Development (Node.js)","company":"Idea Usher","location":"Work From Home","duration":"6 Months","stipend":"8,000-15,000 /month","applications":"361 applicants","skills":[],"perks":["Certificate","Letter of recommendation","5 days a week"],"openings":"3"},{"url":"/internship/detail/nodejs-development-work-from-home-job-internship-at-w3dev1665060380","name":"Node.js Development","company":"W3Dev","location":"Work From Home","duration":"6 Months","stipend":"5,000-8,000 /month","applications":"212 applicants","skills":["MongoDB","MySQL","Node.js"],"perks":["Certificate","Letter of recommendation","Flexible work hours"],"openings":"2"}]}