{"success":40,"failed":0,"internships":[{"url":"/internship/detail/hr-tech-internship-in-mumbai-at-tata-aia-life-insurance1667546943","name":"HR (Tech)","company":"Tata AIA Life Insurance","location":"Mumbai","duration":"6 Months","stipend":"10,000 /month","applications":"36 applicants","skills":[],"perks":["Certificate"],"openings":"1"},{"url":"/internship/detail/omni-sports-leader-part-time-job-internship-at-mumbai-in-decathlon1667569582","name":"Omni Sports Leader","company":"Decathlon","location":"Mumbai","duration":"3 Months","stipend":"12,000 /month","applications":"Be an early applicant","skills":[],"perks":["Flexible work hours","Informal dress code","5 days a week"],"openings":"5"},{"url":"/internship/detail/database-validation-internship-in-chennai-at-confederation-of-indian-industry-cii1667472555","name":"Database Validation","company":"Confederation Of Indian Industry (CII)","location":"Chennai","duration":"2 Months","stipend":"8,000 /month","applications":"Be an early applicant","skills":[],"perks":["Certificate"],"openings":"2"},{"url":"/internship/detail/omni-sport-part-time-job-internship-at-delhi-noida-in-decathlon-sports-india1667478345","name":"Omni Sport","company":"Decathlon Sports India","location":"Delhi","duration":"2 Months","stipend":"10,000 /month","applications":"38 applicants","skills":["MS-Excel","MS-PowerPoint"],"perks":["Certificate","Letter of recommendation"],"openings":"10"},{"url":"/internship/detail/marketing-internship-in-chennai-pondicherry-at-byjus-the-learning-app1667385933","name":"Marketing","company":"BYJU'S The Learning App","location":"Chennai","duration":"6 Months","stipend":"21,000 /month","applications":"Be an early applicant","skills":["Client Relationship","English Proficiency (Spoken)","English Proficiency (Written)","Tamil Proficiency (Spoken)"],"perks":["Certificate"],"openings":"15"},{"url":"/internship/detail/human-resources-hr-internship-in-mumbai-at-godrej-and-boyce-mfg-company-limited1666950558","name":"Human Resources (HR)","company":"Godrej And Boyce Mfg. Company Limited","location":"Mumbai","duration":"3 Months","stipend":"2,000 /month","applications":"34 applicants","skills":["English Proficiency (Spoken)","English Proficiency (Written)","MS-Excel","MS-Office","MS-Word"],"perks":["Certificate","5 days a week"],"openings":"2"},{"url":"/internship/detail/fashion-consultantcy-internship-in-multiple-locations-at-reliance-brands-limited1667205170","name":"Fashion Consultantcy","company":"Reliance Brands Limited","location":"Ahmedabad","duration":"3 Months","stipend":"19,000 /month","applications":"146 applicants","skills":[],"perks":["Flexible work hours","Informal dress code"],"openings":"40"},{"url":"/internship/detail/operations-internship-in-mumbai-at-hungama-digital-media-entertainment-private-limited1667200706","name":"Operations","company":"Hungama Digital Media Entertainment Private Limited","location":"Mumbai","duration":"3 Months","stipend":"5,000 /month","applications":"84 applicants","skills":["English Proficiency (Spoken)","English Proficiency (Written)","MS-Excel","Social Media Marketing"],"perks":["Certificate","Letter of recommendation","Informal dress code"],"openings":"1"},{"url":"/internship/detail/omni-sports-management-internship-in-noida-at-decathlon-sports-india-private-limited1666963023","name":"Omni Sports Management","company":"Decathlon Sports India Private Limited","location":"Noida","duration":"2 Months","stipend":"10,000 /month","applications":"49 applicants","skills":[],"perks":["Certificate","Flexible work hours","Informal dress code","5 days a week","Job offer"],"openings":"20"},{"url":"/internship/detail/operations-internship-in-mumbai-at-times-group1666939169","name":"Operations","company":"Times Group","location":"Mumbai","duration":"6 Months","stipend":"6,000 /month","applications":"84 applicants","skills":["English Proficiency (Spoken)","English Proficiency (Written)","MS-Excel","MS-Office"],"perks":["5 days a week"],"openings":"10"},{"url":"/internship/detail/marketing-internship-in-coimbatore-tiruppur-at-byjus1666861760","name":"Marketing","company":"BYJU'S","location":"Coimbatore","duration":"4 Months","stipend":"13,000 /month + Incentives","applications":"Be an early applicant","skills":[],"perks":["Certificate","Letter of recommendation"],"openings":"7"},{"url":"/internship/detail/software-project-management-work-from-home-job-internship-at-iit-bombay1666934144","name":"Software Project Management","company":"IIT Bombay","location":"Work From Home","duration":"6 Months","stipend":"1,000-2,000 /month","applications":"344 applicants","skills":["English Proficiency (Spoken)","English Proficiency (Written)","Hindi Proficiency (Spoken)","Hindi Proficiency (Written)"],"perks":["Certificate","Letter of recommendation","Flexible work hours","5 days a week"],"openings":"1"},{"url":"/internship/detail/omni-sport-swimming-part-time-job-internship-at-pune-in-decathlon1666876090","name":"Omni Sport (Swimming)","company":"Decathlon","location":"Pune","duration":"3 Months","stipend":"5,000 /month","applications":"Be an early applicant","skills":[],"perks":["Certificate","Letter of recommendation","Flexible work hours","Informal dress code","5 days a week","Job offer"],"openings":"5"},{"url":"/internship/detail/omni-sport-leading-part-time-job-internship-at-mumbai-in-decathlon-sports-india1666876215","name":"Omni Sport (Leading)","company":"Decathlon Sports India","location":"Mumbai","duration":"6 Months","stipend":"15,000 /month","applications":"51 applicants","skills":["Sales and Marketing"],"perks":["Certificate","Letter of recommendation","Flexible work hours","Informal dress code","5 days a week"],"openings":"4"},{"url":"/internship/detail/marketing-internship-in-chennai-at-byjus-the-learning-app1666861789","name":"Marketing","company":"BYJU'S The Learning App","location":"Chennai","duration":"6 Months","stipend":"15,000 /month","applications":"Be an early applicant","skills":["English Proficiency (Spoken)","English Proficiency (Written)","Sales and Marketing","Tamil Proficiency (Spoken)"],"perks":["Certificate"],"openings":"12"},{"url":"/internship/detail/business-development-sales-internship-in-delhi-at-decathlon-sports-india-private-limited1666794074","name":"Business Development (Sales)","company":"Decathlon Sports India Private Limited","location":"Delhi","duration":"2 Months","stipend":"10,000-15,000 /month","applications":"82 applicants","skills":["Client Relationship","Data Analytics","English Proficiency (Spoken)","English Proficiency (Written)","Social Media Marketing"],"perks":["Certificate","Letter of recommendation","Flexible work hours","Informal dress code","5 days a week","Job offer"],"openings":"10"},{"url":"/internship/detail/project-planning-spacebound-internship-in-mumbai-at-bookmyshow1665662837","name":"Project Planning (Spacebound)","company":"BookMyShow","location":"Mumbai","duration":"6 Months","stipend":"7,500 /month","applications":"125 applicants","skills":["Event Management","MS-Office"],"perks":["Certificate","Informal dress code","5 days a week"],"openings":"1"},{"url":"/internship/detail/customer-support-internship-in-delhi-at-jarvis-technology-strategy-consulting1667656413","name":"Customer Support","company":"Jarvis Technology & Strategy Consulting","location":"Delhi","duration":"2 Months","stipend":"15,000 /month","applications":"Be an early applicant","skills":[],"perks":["Certificate","Informal dress code","Free snacks & beverages","Job offer"],"openings":"20"},{"url":"/internship/detail/operations-internship-in-navi-mumbai-mumbai-at-tring1667204345","name":"Operations","company":"Tring","location":"Navi Mumbai","duration":"3 Months","stipend":"8,500 /month","applications":"34 applicants","skills":[],"perks":["Certificate","Flexible work hours","Informal dress code"],"openings":"5"},{"url":"/internship/detail/start-up-founder-assistance-internship-in-noida-at-w3dev1666743599","name":"Start-up Founder Assistance","company":"W3Dev","location":"Noida","duration":"3 Months","stipend":"5,000-8,000 /month","applications":"Be an early applicant","skills":["Business Research","Content Marketing","Email Marketing","Market Research"],"perks":["Certificate","Letter of recommendation","Flexible work hours","Informal dress code","Job offer"],"openings":"2"},{"url":"/internship/detail/e-commerce-operations-internship-in-mumbai-at-educational-software-technologies-limited1666961890","name":"E-commerce Operations","company":"Educational Software Technologies Limited","location":"Mumbai","duration":"3 Months","stipend":"10,000 /month","applications":"Be an early applicant","skills":["Content Marketing","English Proficiency (Written)","Google Suite (G Suite)","MS-Excel","Operations","UI & UX Design"],"perks":["Certificate","Letter of recommendation","Informal dress code","Job offer"],"openings":"2"},{"url":"/internship/detail/administration-internship-in-delhi-noida-at-arachnomesh-technologies-private-limited1665575482","name":"Administration","company":"Arachnomesh Technologies Private Limited","location":"Delhi","duration":"6 Months","stipend":"10,000-15,000 /month","applications":"45 applicants","skills":["Client Relationship","Email Marketing","English Proficiency (Spoken)","English Proficiency (Written)","MS-Excel","MS-Office"],"perks":["Certificate","Letter of recommendation","5 days a week"],"openings":"2"},{"url":"/internship/detail/operations-internship-in-delhi-at-idreamcareer1664782741","name":"Operations","company":"IDreamCareer","location":"Delhi","duration":"3 Months","stipend":"10,000 /month","applications":"65 applicants","skills":["English Proficiency (Spoken)","English Proficiency (Written)","MS-Office"],"perks":["Certificate","Informal dress code","5 days a week","Job offer"],"openings":"1"},{"url":"/internship/detail/administration-internship-in-delhi-at-stirring-minds1667413389","name":"Administration","company":"Stirring Minds","location":"Delhi","duration":"6 Months","stipend":"5,000-10,000 /month","applications":"Be an early applicant","skills":[],"perks":["Certificate","Letter of recommendation","Informal dress code","Free snacks & beverages","Job offer"],"openings":"5"},{"url":"/internship/detail/operations-support-internship-in-mumbai-at-patilkaki1666694498","name":"Operations Support","company":"PatilKaki","location":"Mumbai","duration":"6 Months","stipend":"5,000-10,000 /month","applications":"Be an early applicant","skills":["English Proficiency (Spoken)","English Proficiency (Written)","Google Workspace","Hindi Proficiency (Spoken)","MS-Excel"],"perks":["Certificate","Letter of recommendation","Flexible work hours","Informal dress code"],"openings":"1"},{"url":"/internship/detail/project-coordination-internship-in-gurgaon-at-experifun-educational-solutions1665730512","name":"Project Coordination","company":"Experifun Educational Solutions","location":"Gurgaon","duration":"6 Months","stipend":"20,000-25,000 /month","applications":"39 applicants","skills":[],"perks":[],"openings":"1"},{"url":"/internship/detail/project-management-internship-in-delhi-at-stirring-minds1667413291","name":"Project Management","company":"Stirring Minds","location":"Delhi","duration":"6 Months","stipend":"5,000-10,000 /month","applications":"Be an early applicant","skills":[],"perks":["Certificate","Informal dress code","Free snacks & beverages","Job offer"],"openings":"3"},{"url":"/internship/detail/customer-service-internship-in-mumbai-at-aastey1667478644","name":"Customer Service","company":"Aastey","location":"Mumbai","duration":"3 Months","stipend":"8,000 /month","applications":"Be an early applicant","skills":["English Proficiency (Spoken)","Hindi Proficiency (Spoken)","MS-Excel","MS-Office"],"perks":["Certificate","Letter of recommendation","Informal dress code","Free snacks & beverages"],"openings":"1"},{"url":"/internship/detail/customer-support-internship-in-gurgaon-at-flyvheel-digital-solutions-private-limited1667538104","name":"Customer Support","company":"Flyvheel Digital Solutions Private Limited","location":"Gurgaon","duration":"3 Months","stipend":"10,000 /month","applications":"Be an early applicant","skills":["English Proficiency (Spoken)","English Proficiency (Written)","MS-Office"],"perks":["Certificate","Letter of recommendation","Informal dress code","Job offer"],"openings":"6"},{"url":"/internship/detail/data-entry-internship-in-sonipat-sonepat-at-dough-one-sources-private-limited1665511456","name":"Data Entry","company":"Dough One Sources Private Limited","location":"Sonipat","duration":"6 Months","stipend":"10,000-12,000 /month","applications":"44 applicants","skills":["British English","Data Analytics","Email Marketing","English Proficiency (Spoken)","English Proficiency (Written)","MS-Excel","MS-Office","MS-PowerPoint","MS-Word","Power BI","Python"],"perks":["Certificate","Letter of recommendation"],"openings":"2"},{"url":"/internship/detail/e-commerce-management-internship-in-mumbai-at-aastey1667477933","name":"E-commerce Management","company":"Aastey","location":"Mumbai","duration":"3 Months","stipend":"8,000 /month","applications":"Be an early applicant","skills":["Amazon Web Server (AWS)","Sales and Marketing","Search Engine Marketing (SEM)"],"perks":["Certificate","Letter of recommendation","Informal dress code","Free snacks & beverages"],"openings":"1"},{"url":"/internship/detail/office-administration-internship-in-noida-at-arachnomesh-technologies-private-limited1667451241","name":"Office Administration","company":"Arachnomesh Technologies Private Limited","location":"Noida","duration":"6 Months","stipend":"15,000-20,000 /month","applications":"37 applicants","skills":["English Proficiency (Spoken)","English Proficiency (Written)","Event Management","MS-Office"],"perks":["Certificate","Letter of recommendation","Informal dress code","5 days a week"],"openings":"2"},{"url":"/internship/detail/bpo-internship-in-delhi-at-stirring-minds1667413114","name":"BPO","company":"Stirring Minds","location":"Delhi","duration":"3 Months","stipend":"10,000-12,000 /month","applications":"Be an early applicant","skills":[],"perks":["Certificate","Informal dress code","Free snacks & beverages","Job offer"],"openings":"5"},{"url":"/internship/detail/operations-internship-in-delhi-at-best-roadways-limited1667199696","name":"Operations","company":"Best Roadways Limited","location":"Delhi","duration":"6 Months","stipend":"6,000-10,000 /month","applications":"27 applicants","skills":["English Proficiency (Spoken)","English Proficiency (Written)","MS-Excel"],"perks":["Certificate","Letter of recommendation","Free snacks & beverages"],"openings":"4"},{"url":"/internship/detail/general-management-internship-in-delhi-at-hamari-pahchan-ngo1666783475","name":"General Management","company":"Hamari Pahchan NGO","location":"Delhi","duration":"1 Month","stipend":"3,000-8,000 /month","applications":"60 applicants","skills":["English Proficiency (Spoken)","English Proficiency (Written)"],"perks":["Certificate","Letter of recommendation","Flexible work hours"],"openings":"2"},{"url":"/internship/detail/admission-counseling-internship-in-delhi-at-unimonks1667390231","name":"Admission Counseling","company":"Unimonks","location":"Delhi","duration":"3 Months","stipend":"5,000-15,000 /month","applications":"Be an early applicant","skills":["English Proficiency (Spoken)"],"perks":["Certificate","Letter of recommendation"],"openings":"3"},{"url":"/internship/detail/operations-internship-in-delhi-at-flyvheel-digital-solutions-private-limited1667411379","name":"Operations","company":"Flyvheel Digital Solutions Private Limited","location":"Delhi","duration":"3 Months","stipend":"10,000 /month","applications":"Be an early applicant","skills":["English Proficiency (Spoken)","English Proficiency (Written)","MS-Office","Operations"],"perks":["Certificate","Letter of recommendation","Informal dress code","Job offer"],"openings":"5"},{"url":"/internship/detail/brand-coordination-internship-in-noida-at-stareye-media-entertainment-private-limited1667379105","name":"Brand Coordination","company":"Stareye Media & Entertainment Private Limited","location":"Noida","duration":"2 Months","stipend":"5,000-10,000 /month","applications":"30 applicants","skills":["English Proficiency (Spoken)","MS-Excel","Product Management"],"perks":["Certificate","Flexible work hours","Informal dress code","Job offer"],"openings":"2"},{"url":"/internship/detail/customer-care-internship-in-delhi-at-stirring-minds1667413304","name":"Customer Care","company":"Stirring Minds","location":"Delhi","duration":"3 Months","stipend":"10,000-12,000 /month","applications":"Be an early applicant","skills":[],"perks":["Certificate","Informal dress code","Free snacks & beverages","Job offer"],"openings":"5"},{"url":"/internship/detail/operations-internship-in-delhi-at-stirring-minds1667413375","name":"Operations","company":"Stirring Minds","location":"Delhi","duration":"2 Months","stipend":"7,000-12,000 /month","applications":"30 applicants","skills":[],"perks":["Certificate","Letter of recommendation","Informal dress code","Free snacks & beverages"],"openings":"5"}]}