{"success":3,"failed":0,"internships":[{"url":"/internship/detail/pharmaceutical-internship-in-hyderabad-at-afaq-clinics1667456676","name":"Pharmaceutical","company":"Afaq Clinics","location":"Hyderabad","duration":"6 Months","stipend":"7,000-13,000 /month","applications":"Be an early applicant","skills":["Client Relationship"],"perks":[],"openings":"4"},{"url":"/internship/detail/pharmaceutical-work-from-home-job-internship-at-nanjil-anand-foundation1667333768","name":"Pharmaceutical","company":"Nanjil Anand Foundation","location":"Work From Home","duration":"2 Months","stipend":"Unpaid","applications":"28 applicants","skills":[],"perks":["Certificate","Letter of recommendation","Flexible work hours","5 days a week"],"openings":"5"},{"url":"/internship/detail/content-writing-medical-pharma-internship-in-delhi-at-national-medical-forum1667198800","name":"Content Writing (Medical/Pharma)","company":"National Medical Forum","location":"Delhi","duration":"6 Months","stipend":"10,000 /month","applications":"34 applicants","skills":["American English","British English","English Proficiency (Spoken)","English Proficiency (Written)"],"perks":["Certificate","Letter of recommendation","Job offer"],"openings":"2"}]}