{"success":40,"failed":0,"internships":[{"url":"/internship/detail/photography-internship-in-jaipur-at-varshit-dusad1665559124","name":"Photography","company":"Varshit Dusad","location":"Jaipur","duration":"1 Month","stipend":"9,500 /month","applications":"34 applicants","skills":["Adobe Photoshop","Adobe Photoshop Lightroom CC","Photography"],"perks":["Certificate","Letter of recommendation","Flexible work hours","Informal dress code","Free snacks & beverages"],"openings":"1"},{"url":"/internship/detail/video-making-editing-internship-in-mumbai-at-id8-media-solutions-private-limited1667458935","name":"Video Making/Editing","company":"id8 Media Solutions Private Limited","location":"Mumbai","duration":"3 Months","stipend":"5,000 /month","applications":"Be an early applicant","skills":["Adobe Photoshop","Video Editing","Video Making"],"perks":["Certificate","5 days a week","Job offer"],"openings":"5"},{"url":"/internship/detail/photographer-and-editor-internship-in-chandigarh-noida-at-stareye-media-entertainment-private-limited1667298947","name":"Photographer And Editor","company":"Stareye Media & Entertainment Private Limited","location":"Chandigarh","duration":"3 Months","stipend":"6,000-12,000 /month","applications":"Be an early applicant","skills":["Adobe Photoshop","Adobe Photoshop Lightroom CC","Photography"],"perks":["Certificate","Letter of recommendation","Flexible work hours","Informal dress code"],"openings":"6"},{"url":"/internship/detail/photography-internship-in-hyderabad-at-marpu-foundation1666847451","name":"Photography","company":"Marpu Foundation","location":"Hyderabad","duration":"1 Month","stipend":"Unpaid","applications":"Be an early applicant","skills":[],"perks":["Certificate"],"openings":"10"},{"url":"/internship/detail/photography-internship-in-multiple-locations-at-vsnapu1667263814","name":"Photography","company":"VsnapU","location":"Manali","duration":"3 Months","stipend":"5,000 /month","applications":"Be an early applicant","skills":["English Proficiency (Spoken)","MS-Excel","MS-Office"],"perks":["Certificate","Letter of recommendation","Flexible work hours","Job offer"],"openings":"4"},{"url":"/internship/detail/cinematography-internship-in-pune-at-cast-india1664801581","name":"Cinematography","company":"Cast India","location":"Pune","duration":"6 Months","stipend":"7,000 /month","applications":"29 applicants","skills":["Photography","Video Making"],"perks":["Certificate","Flexible work hours","Informal dress code","5 days a week"],"openings":"3"},{"url":"/internship/detail/photography-internship-in-palakkad-at-auriv-learning1667326935","name":"Photography","company":"Auriv Learning","location":"Palakkad","duration":"2 Months","stipend":"15,000 /month","applications":"Be an early applicant","skills":["Adobe Photoshop","Adobe Photoshop Lightroom CC","Photography","Video Editing","Video Making"],"perks":["Certificate","Letter of recommendation","Flexible work hours","Informal dress code","5 days a week","Free snacks & beverages"],"openings":"2"},{"url":"/internship/detail/product-photography-part-time-job-internship-at-jaipur-in-akrati-jewels-incorporation1667479166","name":"Product Photography","company":"Akrati Jewels Incorporation","location":"Jaipur","duration":"3 Months","stipend":"10,000 /month","applications":"64 applicants","skills":["Adobe Illustrator","Adobe Photoshop","Adobe Photoshop Lightroom CC","Adobe Premiere Pro","Digital Advertising","Photography"],"perks":["Certificate","Letter of recommendation","Informal dress code"],"openings":"3"},{"url":"/internship/detail/catalog-photography-part-time-job-internship-at-chennai-in-avaesa1667390228","name":"Catalog Photography","company":"Avaesa","location":"Chennai","duration":"6 Months","stipend":"5,000-10,000 /month","applications":"Be an early applicant","skills":["Adobe Photoshop","Adobe Photoshop Lightroom CC","MS-Office","Photography"],"perks":["Letter of recommendation","Flexible work hours"],"openings":"1"},{"url":"/internship/detail/food-photography-videography-internship-in-mumbai-at-patilkaki1666069041","name":"Food Photography/Videography","company":"PatilKaki","location":"Mumbai","duration":"6 Months","stipend":"5,000-15,000 /month","applications":"36 applicants","skills":["Adobe Photoshop","Adobe Photoshop Lightroom CC","Adobe Premiere Pro","Canva"],"perks":["Certificate","Letter of recommendation","Flexible work hours","Informal dress code"],"openings":"1"},{"url":"/internship/detail/photography-internship-in-ahmedabad-at-digital-and-beyond1667573494","name":"Photography","company":"Digital And Beyond","location":"Ahmedabad","duration":"3 Months","stipend":"5,000 /month","applications":"Be an early applicant","skills":["Adobe Photoshop","Adobe Photoshop Lightroom CC","Photography","Video Editing","Video Making"],"perks":["Certificate","Letter of recommendation","Flexible work hours","5 days a week"],"openings":"1"},{"url":"/internship/detail/photography-internship-in-noida-at-poornatva-organic-bakery-cafe1667490429","name":"Photography","company":"Poornatva Organic Bakery Cafe","location":"Noida","duration":"2 Months","stipend":"5,000-10,000 /month","applications":"Be an early applicant","skills":["Adobe Photoshop","Adobe Photoshop Lightroom CC","Photography","Video Editing","Video Making"],"perks":["Certificate","Letter of recommendation","Flexible work hours","Informal dress code","5 days a week","Free snacks & beverages"],"openings":"1"},{"url":"/internship/detail/cinematography-internship-in-bangalore-at-kaalia-productions1667549992","name":"Cinematography","company":"Kaalia Productions","location":"Bangalore","duration":"6 Months","stipend":"8,000 /month","applications":"Be an early applicant","skills":["Adobe After Effects","Adobe Premiere Pro","Video Making"],"perks":["Certificate","Letter of recommendation"],"openings":"1"},{"url":"/internship/detail/photo-editing-internship-in-gurgaon-at-digital-shoppe1667538841","name":"Photo Editing","company":"Digital Shoppe","location":"Gurgaon","duration":"6 Months","stipend":"8,000-12,000 /month","applications":"Be an early applicant","skills":["Adobe Photoshop","Adobe Photoshop Lightroom CC"],"perks":["Certificate","Letter of recommendation","Informal dress code"],"openings":"2"},{"url":"/internship/detail/photography-part-time-job-internship-at-delhi-gurgaon-in-shivani-singh1667465302","name":"Photography","company":"Shivani Singh","location":"Delhi","duration":"3 Months","stipend":"5,000-8,000 /month","applications":"Be an early applicant","skills":["Adobe Photoshop","Adobe Photoshop Lightroom CC","Photography"],"perks":["Certificate","Letter of recommendation","Flexible work hours","5 days a week","Job offer"],"openings":"1"},{"url":"/internship/detail/photography-part-time-job-internship-at-chennai-in-avaesa1667390478","name":"Photography","company":"Avaesa","location":"Chennai","duration":"6 Months","stipend":"10,000-15,000 /month","applications":"Be an early applicant","skills":["Adobe Photoshop","Adobe Photoshop Lightroom CC","Photography","Video Editing","Video Making"],"perks":["Letter of recommendation","Flexible work hours"],"openings":"1"},{"url":"/internship/detail/photography-videography-part-time-job-internship-at-navi-mumbai-mumbai-in-zoof-product-private-limited1667453467","name":"Photography/Videography","company":"Zoof Product Private Limited","location":"Navi Mumbai","duration":"3 Months","stipend":"5,000 /month","applications":"Be an early applicant","skills":["Photography"],"perks":["Certificate","Letter of recommendation","Flexible work hours"],"openings":"1"},{"url":"/internship/detail/photography-internship-in-delhi-at-mi-fashion1667373703","name":"Photography","company":"MI Fashion","location":"Delhi","duration":"2 Months","stipend":"3,000 /month","applications":"Be an early applicant","skills":["Adobe Photoshop","Photography","Video Editing","Video Making"],"perks":["Certificate","Letter of recommendation","Informal dress code"],"openings":"2"},{"url":"/internship/detail/photography-internship-in-delhi-at-just4you-surprise-planners-llp1667387794","name":"Photography","company":"Just4You Surprise Planners LLP","location":"Delhi","duration":"6 Months","stipend":"5,000-8,000 /month","applications":"Be an early applicant","skills":["Adobe Photoshop","Adobe Photoshop Lightroom CC","Photography","Video Editing","Video Making"],"perks":["Certificate","Letter of recommendation","Informal dress code","Free snacks & beverages"],"openings":"1"},{"url":"/internship/detail/photography-work-from-home-job-internship-at-saday1667383887","name":"Photography","company":"Saday","location":"Work From Home","duration":"4 Months","stipend":"Unpaid","applications":"Be an early applicant","skills":["Photography"],"perks":["Certificate"],"openings":"3"},{"url":"/internship/detail/assistant-director-part-time-job-internship-at-delhi-noida-in-chilsag-entertainment-network1667380503","name":"Assistant Director","company":"Chilsag Entertainment Network","location":"Delhi","duration":"1 Month","stipend":"3,000 /month","applications":"26 applicants","skills":[],"perks":["Certificate","Letter of recommendation","Flexible work hours","5 days a week"],"openings":"2"},{"url":"/internship/detail/photography-internship-in-delhi-at-jagsfresh-private-limited1667361934","name":"Photography","company":"Jagsfresh Private Limited","location":"Delhi","duration":"6 Months","stipend":"5,000-10,000 /month","applications":"Be an early applicant","skills":[],"perks":["Certificate","Letter of recommendation","Flexible work hours"],"openings":"1"},{"url":"/internship/detail/fashion-photography-internship-in-delhi-at-arista-vault1667359860","name":"Fashion Photography","company":"ARISTA VAULT","location":"Delhi","duration":"6 Months","stipend":"15,000 /month","applications":"Be an early applicant","skills":["Adobe After Effects","Adobe Photoshop","Photography"],"perks":["Certificate","Letter of recommendation","Informal dress code","Free snacks & beverages","Job offer"],"openings":"2"},{"url":"/internship/detail/videography-photography-internship-in-delhi-at-nanhe-pakshi1667325799","name":"Videography & Photography","company":"Nanhe Pakshi","location":"Delhi","duration":"1 Month","stipend":"Unpaid","applications":"Be an early applicant","skills":[],"perks":["Certificate","Letter of recommendation"],"openings":"2"},{"url":"/internship/detail/photography-internship-in-noida-at-saurabh-sharma1665491785","name":"Photography","company":"Saurabh Sharma","location":"Noida","duration":"3 Months","stipend":"6,000 /month + Incentives","applications":"Be an early applicant","skills":["Adobe Photoshop","Adobe Photoshop Lightroom CC","Photography","Video Editing","Video Making"],"perks":["Certificate","Flexible work hours","Free snacks & beverages"],"openings":"4"},{"url":"/internship/detail/photography-internship-in-delhi-noida-at-printshark1667215704","name":"Photography","company":"Printshark","location":"Delhi","duration":"1 Month","stipend":"5,000-10,000 /month","applications":"Be an early applicant","skills":["Adobe Photoshop","Photography","Video Editing","Video Making"],"perks":["Certificate","Letter of recommendation","Informal dress code","Free snacks & beverages"],"openings":"2"},{"url":"/internship/detail/photography-internship-in-delhi-gurgaon-at-primroot-technology-private-limited1667270998","name":"Photography","company":"Primroot Technology Private Limited","location":"Delhi","duration":"2 Months","stipend":"2,000 /month","applications":"Be an early applicant","skills":[],"perks":["Certificate","Letter of recommendation"],"openings":"2"},{"url":"/internship/detail/photography-internship-in-mumbai-at-yellophant-digital1667291515","name":"Photography","company":"Yellophant Digital","location":"Mumbai","duration":"3 Months","stipend":"6,000 /month","applications":"Be an early applicant","skills":[],"perks":["Certificate","5 days a week"],"openings":"1"},{"url":"/internship/detail/fashion-photography-communication-internship-in-jaipur-at-jewels-infosystems1667289531","name":"Fashion Photography & Communication","company":"Jewels Infosystems","location":"Jaipur","duration":"6 Months","stipend":"4,000-15,000 /month","applications":"Be an early applicant","skills":["Adobe Photoshop","Adobe Premiere Pro","Fashion Styling","Photography","Social Media Marketing","Video Editing","Video Making"],"perks":["Certificate","Letter of recommendation","Informal dress code","Free snacks & beverages"],"openings":"2"},{"url":"/internship/detail/styling-internship-in-pune-at-talent-wearhouse1667287743","name":"Styling","company":"Talent Wear’House","location":"Pune","duration":"3 Months","stipend":"2,000 /month","applications":"Be an early applicant","skills":["Fashion Styling"],"perks":["Certificate","Letter of recommendation","Informal dress code"],"openings":"2"},{"url":"/internship/detail/photography-internship-in-mumbai-at-studio-11-productions1667284008","name":"Photography","company":"Studio 11 Productions","location":"Mumbai","duration":"6 Months","stipend":"5,000 /month","applications":"Be an early applicant","skills":["Adobe Photoshop","Adobe Photoshop Lightroom CC","Fashion Styling","Photography","Video Editing","Video Making"],"perks":["Certificate","Letter of recommendation","Job offer"],"openings":"2"},{"url":"/internship/detail/cinematography-internship-in-noida-at-nazar-battu-productions1667282109","name":"Cinematography","company":"Nazar Battu Productions","location":"Noida","duration":"6 Months","stipend":"8,000-10,000 /month","applications":"Be an early applicant","skills":[],"perks":["Certificate","Letter of recommendation","Informal dress code","Job offer"],"openings":"2"},{"url":"/internship/detail/social-media-marketing-internship-in-gurgaon-at-inweave1667186879","name":"Social Media Marketing","company":"InWeave","location":"Gurgaon","duration":"6 Months","stipend":"15,000 /month","applications":"Be an early applicant","skills":["Adobe Photoshop","CorelDRAW","English Proficiency (Written)","Photography"],"perks":["Certificate","Letter of recommendation","Informal dress code","Job offer"],"openings":"1"},{"url":"/internship/detail/photography-internship-in-mumbai-at-the-craft-tank1667217923","name":"Photography","company":"The Craft Tank","location":"Mumbai","duration":"3 Months","stipend":"5,000 /month","applications":"Be an early applicant","skills":[],"perks":["Certificate","Letter of recommendation","Flexible work hours","Informal dress code","5 days a week"],"openings":"1"},{"url":"/internship/detail/product-styling-photography-part-time-job-internship-at-bangalore-in-home-canvas1667216275","name":"Product Styling & Photography","company":"Home Canvas","location":"Bangalore","duration":"2 Months","stipend":"17,500 /month","applications":"32 applicants","skills":["Fashion Styling","Photography","Video Making"],"perks":["Certificate","Letter of recommendation","Flexible work hours","Informal dress code","5 days a week","Free snacks & beverages","Job offer"],"openings":"1"},{"url":"/internship/detail/photography-internship-in-navi-mumbai-at-knotsbyamp1666352767","name":"Photography","company":"KnotsbyAMP","location":"Navi Mumbai","duration":"6 Months","stipend":"10,000 /month","applications":"Be an early applicant","skills":["Adobe Photoshop","Adobe Photoshop Lightroom CC","Photography","Video Editing","Video Making"],"perks":[],"openings":"3"},{"url":"/internship/detail/videography-internship-in-bangalore-at-analogy-design1667195817","name":"Videography","company":"Analogy Design","location":"Bangalore","duration":"6 Months","stipend":"15,000 /month","applications":"Be an early applicant","skills":["Adobe After Effects","Adobe Photoshop","Adobe Premiere Pro","Photography","Video Editing","Video Making"],"perks":["Certificate","Letter of recommendation","Informal dress code","5 days a week"],"openings":"1"},{"url":"/internship/detail/product-styling-internship-in-mumbai-at-generation-virtual1667141395","name":"Product Styling","company":"Generation Virtual","location":"Mumbai","duration":"6 Months","stipend":"10,000-15,000 /month","applications":"Be an early applicant","skills":[],"perks":["Certificate","Letter of recommendation","Flexible work hours","Informal dress code","5 days a week","Free snacks & beverages"],"openings":"1"},{"url":"/internship/detail/social-media-marketing-part-time-job-internship-at-delhi-gurgaon-in-the-garden-room1666946758","name":"Social Media Marketing","company":"The Garden Room","location":"Delhi","duration":"6 Months","stipend":"10,000-15,000 /month","applications":"52 applicants","skills":["Creative Writing","Instagram Marketing","Social Media Marketing"],"perks":[],"openings":"1"},{"url":"/internship/detail/ecommerce-operations-part-time-job-internship-at-bhopal-in-export-import-ecommerce-business-training-institute1667193161","name":"Ecommerce Operations","company":"Export Import & Ecommerce Business Training Institute","location":"Bhopal","duration":"6 Months","stipend":"10,000 /month","applications":"Be an early applicant","skills":[],"perks":["Certificate","Letter of recommendation","Informal dress code"],"openings":"5"}]}