{"success":40,"failed":0,"internships":[{"url":"/internship/detail/php-development-internship-in-delhi-at-weskilled1667581543","name":"PHP Development","company":"WeSkilled","location":"Delhi","duration":"3 Months","stipend":"2,000 /month","applications":"Be an early applicant","skills":["PHP"],"perks":["Flexible work hours"],"openings":"10"},{"url":"/internship/detail/technical-project-management-work-from-home-job-internship-at-zansys-technologies1667550299","name":"Technical Project Management","company":"Zansys Technologies","location":"Work From Home","duration":"4 Months","stipend":"10,000 /month","applications":"53 applicants","skills":["English Proficiency (Spoken)","Software Testing"],"perks":["Certificate","Letter of recommendation","5 days a week"],"openings":"4"},{"url":"/internship/detail/php-development-internship-in-jaipur-at-login2design-technologies1667478233","name":"PHP Development","company":"Login2Design Technologies","location":"Jaipur","duration":"3 Months","stipend":"3,000-5,000 /month","applications":"Be an early applicant","skills":["AJAX","CodeIgniter","jQuery","LARAVEL","PHP"],"perks":["Certificate","Letter of recommendation","Flexible work hours","Informal dress code","5 days a week","Job offer"],"openings":"2"},{"url":"/internship/detail/php-development-internship-in-delhi-at-mind-aviator-technologies-and-services-private-limited1667548647","name":"PHP Development","company":"Mind Aviator Technologies And Services Private Limited","location":"Delhi","duration":"3 Months","stipend":"8,000 /month","applications":"Be an early applicant","skills":[],"perks":["Flexible work hours","5 days a week"],"openings":"10"},{"url":"/internship/detail/backend-php-development-internship-in-faridabad-at-luneblaze1667481206","name":"Backend PHP Development","company":"Luneblaze","location":"Faridabad","duration":"6 Months","stipend":"6,000 /month","applications":"Be an early applicant","skills":["PHP","REST API"],"perks":["Certificate","Informal dress code","Job offer"],"openings":"5"},{"url":"/internship/detail/php-development-internship-in-nagpur-at-cyberathon1667468436","name":"PHP Development","company":"Cyberathon","location":"Nagpur","duration":"6 Months","stipend":"3,000 /month","applications":"Be an early applicant","skills":["CSS","HTML","JavaScript","MySQL","PHP"],"perks":["Certificate","Job offer"],"openings":"10"},{"url":"/internship/detail/web-development-internship-in-indore-at-alphawizz-technologies-private-limited1667395485","name":"Web Development","company":"Alphawizz Technologies Private Limited","location":"Indore","duration":"2 Months","stipend":"5,000 /month","applications":"27 applicants","skills":["Bootstrap","CSS","HTML","JavaScript","PHP"],"perks":["Certificate","Letter of recommendation","Informal dress code","Job offer"],"openings":"10"},{"url":"/internship/detail/php-development-work-from-home-job-internship-at-wizorbit-softwares-private-limited1667463653","name":"PHP Development","company":"Wizorbit Softwares Private Limited","location":"Work From Home","duration":"6 Months","stipend":"2,000 /month","applications":"Be an early applicant","skills":["AJAX","CSS","HTML","JavaScript","jQuery","MySQL","PHP","WordPress"],"perks":["Certificate","Letter of recommendation","Flexible work hours","5 days a week","Job offer"],"openings":"4"},{"url":"/internship/detail/web-development-internship-in-pune-at-digipeddle-technologies1667389430","name":"Web Development","company":"Digipeddle Technologies","location":"Pune","duration":"3 Months","stipend":"5,000-8,000 /month","applications":"63 applicants","skills":["CSS","HTML","JavaScript","PHP","WordPress"],"perks":["Certificate","Letter of recommendation","Job offer"],"openings":"2"},{"url":"/internship/detail/php-development-internship-in-multiple-locations-at-metricoid-technology-solutions-private-limited1667382065","name":"PHP Development","company":"Metricoid Technology Solutions Private Limited","location":"Ulhasnagar","duration":"6 Months","stipend":"8,000 /month","applications":"Be an early applicant","skills":["HTML","JavaScript","jQuery","MySQL","PHP","SQL"],"perks":["Certificate","Letter of recommendation","Informal dress code","Free snacks & beverages"],"openings":"5"},{"url":"/internship/detail/php-development-work-from-home-job-internship-at-ultracures-technologies-private-limited1667407216","name":"PHP Development","company":"Ultracures Technologies Private Limited","location":"Work From Home","duration":"2 Months","stipend":"7,000 /month","applications":"44 applicants","skills":["CodeIgniter","jQuery","LARAVEL","PHP","REST API"],"perks":["Certificate","Letter of recommendation","Flexible work hours","5 days a week"],"openings":"2"},{"url":"/internship/detail/php-development-internship-in-jaipur-at-img-global-infotech-private-limited1667393776","name":"PHP Development","company":"IMG Global Infotech Private Limited","location":"Jaipur","duration":"6 Months","stipend":"6,000-8,000 /month","applications":"Be an early applicant","skills":["LARAVEL","MySQL","PHP"],"perks":["Certificate","Informal dress code"],"openings":"4"},{"url":"/internship/detail/php-development-internship-in-surat-at-redjinni-industries-private-limited1667390419","name":"PHP Development","company":"Redjinni Industries Private Limited","location":"Surat","duration":"6 Months","stipend":"5,000 /month","applications":"Be an early applicant","skills":["LARAVEL","PHP"],"perks":["Certificate"],"openings":"1"},{"url":"/internship/detail/delivery-qa-manual-testing-internship-in-delhi-at-nexgen-innovators-it-services-private-limited1667377147","name":"Delivery QA/Manual Testing","company":"NexGen Innovators IT Services Private Limited","location":"Delhi","duration":"3 Months","stipend":"5,000 /month","applications":"42 applicants","skills":["Manual Testing","PHP","Software Testing","UI & UX Design","Windows Mobile Application Development","WordPress"],"perks":["Certificate","Letter of recommendation"],"openings":"3"},{"url":"/internship/detail/laravel-development-work-from-home-job-internship-at-tankar-computer1667361872","name":"Laravel Development","company":"Tankar Computer","location":"Work From Home","duration":"1 Month","stipend":"1,000 /month","applications":"42 applicants","skills":["CSS","HTML","LARAVEL","PHP"],"perks":["Certificate","Letter of recommendation","Flexible work hours"],"openings":"2"},{"url":"/internship/detail/web-development-work-from-home-job-internship-at-slogfy1667290835","name":"Web Development","company":"Slogfy","location":"Work From Home","duration":"3 Months","stipend":"1,000 /month + Incentives","applications":"107 applicants","skills":["PHP","ReactJS"],"perks":["Certificate","Letter of recommendation","Flexible work hours","5 days a week"],"openings":"2"},{"url":"/internship/detail/mern-development-internship-in-secunderabad-hyderabad-at-askmentor1667359862","name":"MERN Development","company":"Askmentor","location":"Secunderabad","duration":"3 Months","stipend":"10,000 /month","applications":"Be an early applicant","skills":["MongoDB","Node.js","ReactJS"],"perks":["Certificate","Letter of recommendation","Job offer"],"openings":"10"},{"url":"/internship/detail/php-development-internship-in-hyderabad-at-crabroom-llc1667317864","name":"PHP Development","company":"Crabroom LLC","location":"Hyderabad","duration":"3 Months","stipend":"18,000-25,000 /month","applications":"Be an early applicant","skills":["Bootstrap","CodeIgniter","CSS","HTML","JavaScript","jQuery","LARAVEL","MySQL","Node.js","PHP","ReactJS","WordPress"],"perks":["Certificate","Letter of recommendation","Free snacks & beverages"],"openings":"2"},{"url":"/internship/detail/php-laravel-development-work-from-home-job-internship-at-across-the-globe-atg1667219858","name":"PHP Laravel Development","company":"Across The Globe (ATG)","location":"Work From Home","duration":"6 Months","stipend":"2,500 /month + Incentives","applications":"71 applicants","skills":["CSS","JavaScript","LARAVEL","PHP"],"perks":["Certificate","Letter of recommendation","Flexible work hours","5 days a week"],"openings":"4"},{"url":"/internship/detail/laravel-development-work-from-home-job-internship-at-vayuz-technologies-private-limited1667277334","name":"Laravel Development","company":"Vayuz Technologies Private Limited","location":"Work From Home","duration":"6 Months","stipend":"8,000 /month","applications":"33 applicants","skills":["CSS","HTML","LARAVEL","PHP"],"perks":["Certificate","Letter of recommendation","5 days a week","Job offer"],"openings":"4"},{"url":"/internship/detail/web-development-internship-in-gurgaon-at-aarvy-technologies1667040780","name":"Web Development","company":"Aarvy Technologies","location":"Gurgaon","duration":"6 Months","stipend":"10,000-12,000 /month","applications":"44 applicants","skills":["Bootstrap","CodeIgniter","CSS","HTML","JavaScript","jQuery","LARAVEL","MySQL","Node.js","PHP","ReactJS","WordPress"],"perks":["Certificate","Letter of recommendation","Informal dress code","5 days a week","Job offer"],"openings":"4"},{"url":"/internship/detail/php-internship-in-delhi-at-tech2globe-web-solutions1667217563","name":"PHP","company":"Tech2Globe Web Solutions","location":"Delhi","duration":"6 Months","stipend":"8,000 /month","applications":"Be an early applicant","skills":["C#","CakePHP","CSS","HTML","PHP","WordPress"],"perks":[],"openings":"5"},{"url":"/internship/detail/php-laravel-vuejs-development-internship-in-delhi-at-indusroot-technologies1667042349","name":"PHP Laravel VueJS Development","company":"Indusroot Technologies","location":"Delhi","duration":"6 Months","stipend":"15,000 /month","applications":"Be an early applicant","skills":["HTML","JavaScript","jQuery","JSON","LARAVEL","MySQL","Node.js","PHP","XML"],"perks":["Certificate","Letter of recommendation","5 days a week"],"openings":"2"},{"url":"/internship/detail/backend-development-part-time-job-internship-at-pune-hyderabad-in-imperial-overseas-education1666938129","name":"Backend Development","company":"Imperial Overseas Education","location":"Pune","duration":"6 Months","stipend":"10,000 /month","applications":"67 applicants","skills":["HTML","Java","PHP"],"perks":["Letter of recommendation"],"openings":"4"},{"url":"/internship/detail/web-development-internship-in-pune-at-queenshera-infotech1666949206","name":"Web Development","company":"Queenshera Infotech","location":"Pune","duration":"2 Months","stipend":"2,000 /month","applications":"45 applicants","skills":["Bootstrap","CSS","HTML","JavaScript","jQuery","LARAVEL","MySQL","PHP"],"perks":["Certificate","Letter of recommendation","Informal dress code","5 days a week"],"openings":"2"},{"url":"/internship/detail/php-development-internship-in-lucknow-dhaka-at-zealos-design-studio-pivate-limited1667087121","name":"PHP Development","company":"Zealos Design Studio Pivate Limited","location":"Lucknow","duration":"2 Months","stipend":"10,000 /month","applications":"Be an early applicant","skills":["AJAX","CodeIgniter","HTML","JavaScript","jQuery","LARAVEL","MongoDB","MySQL","PHP"],"perks":["Certificate","Letter of recommendation","Flexible work hours","Informal dress code","5 days a week","Free snacks & beverages"],"openings":"5"},{"url":"/internship/detail/php-development-work-from-home-job-internship-at-support-guru1667086822","name":"PHP Development","company":"Support Guru","location":"Work From Home","duration":"3 Months","stipend":"10,000 /month","applications":"57 applicants","skills":["AJAX","CodeIgniter","HTML","JavaScript","jQuery","LARAVEL","MongoDB","MySQL","PHP"],"perks":["Certificate","Letter of recommendation","Flexible work hours","5 days a week"],"openings":"2"},{"url":"/internship/detail/php-wordpress-development-internship-in-multiple-locations-at-digilogic-infocom1667040901","name":"PHP & WordPress Development","company":"DigiLogic Infocom","location":"Delhi","duration":"6 Months","stipend":"5,000 /month","applications":"Be an early applicant","skills":[".NET","CodeIgniter","PHP","WordPress"],"perks":["Certificate","Letter of recommendation","5 days a week"],"openings":"4"},{"url":"/internship/detail/php-development-internship-in-multiple-locations-at-futk-private-limited1667032594","name":"PHP Development","company":"FUTK Private Limited","location":"Chandigarh","duration":"6 Months","stipend":"12,000 /month","applications":"Be an early applicant","skills":["HTML","MySQL","PHP"],"perks":["Certificate","Letter of recommendation","Flexible work hours","5 days a week"],"openings":"12"},{"url":"/internship/detail/php-development-internship-in-multiple-locations-at-metricoid-technology-solutions-private-limited1666958545","name":"PHP Development","company":"Metricoid Technology Solutions Private Limited","location":"Ulhasnagar","duration":"6 Months","stipend":"8,000 /month","applications":"Be an early applicant","skills":["CSS","HTML","JavaScript","jQuery","MySQL","PHP"],"perks":["Certificate","Letter of recommendation","Informal dress code","Free snacks & beverages"],"openings":"7"},{"url":"/internship/detail/php-development-work-from-home-job-internship-at-techqueto-llp1666849797","name":"PHP Development","company":"Techqueto LLP","location":"Work From Home","duration":"6 Months","stipend":"1,000 /month","applications":"40 applicants","skills":["Bootstrap","CSS","HTML","PHP"],"perks":["Certificate"],"openings":"3"},{"url":"/internship/detail/php-development-work-from-home-job-internship-at-flymax-multi-services-private-limited1666779562","name":"PHP Development","company":"Flymax Multi Services Private Limited","location":"Work From Home","duration":"6 Months","stipend":"2,000 /month","applications":"63 applicants","skills":[],"perks":["Certificate","Letter of recommendation","Flexible work hours","5 days a week"],"openings":"2"},{"url":"/internship/detail/php-development-part-time-job-internship-at-noida-in-w3dev1666743323","name":"PHP Development","company":"W3Dev","location":"Noida","duration":"3 Months","stipend":"5,000-7,000 /month","applications":"33 applicants","skills":["CodeIgniter","LARAVEL","PHP","WordPress"],"perks":["Certificate","Letter of recommendation","Flexible work hours"],"openings":"3"},{"url":"/internship/detail/php-development-internship-in-dehradun-delhi-at-intouch-quality-services-private-limited1666695154","name":"PHP Development","company":"Intouch Quality Services Private Limited","location":"Dehradun","duration":"6 Months","stipend":"8,000-12,000 /month","applications":"40 applicants","skills":["AJAX","Bootstrap","CodeIgniter","HTML","JavaScript","LARAVEL","MySQL","PHP","PostgreSQL"],"perks":["Certificate","Job offer"],"openings":"10"},{"url":"/internship/detail/php-development-codeigniter-work-from-home-job-internship-at-iventureweb-technologies1666678390","name":"PHP Development (CodeIgniter)","company":"IVentureWeb Technologies","location":"Work From Home","duration":"6 Months","stipend":"8,000 /month","applications":"Be an early applicant","skills":["CodeIgniter","CSS","HTML","Java","JavaScript","jQuery","JSON","MySQL","Oracle","Python","Ruby on Rails","SQL"],"perks":["Certificate","Letter of recommendation","5 days a week"],"openings":"5"},{"url":"/internship/detail/ui-development-php-internship-in-kozhikode-bangalore-at-ingen-dynamics-inc-part-of-ah-dynamics-and-robotics-private-limited1666674093","name":"UI Development (PHP)","company":"InGen Dynamics Inc. (Part Of AH Dynamics And Robotics Private Limited)","location":"Kozhikode","duration":"6 Months","stipend":"6,400 /month","applications":"28 applicants","skills":["CSS","HTML","JavaScript","LARAVEL","PHP"],"perks":["Certificate","Letter of recommendation"],"openings":"2"},{"url":"/internship/detail/web-development-internship-in-bandra-at-codium-techlabs-private-limited1666425275","name":"Web Development","company":"Codium Techlabs Private Limited","location":"Bandra","duration":"6 Months","stipend":"5,000 /month","applications":"31 applicants","skills":["Bootstrap","CSS","HTML","JavaScript","jQuery","MySQL","PHP","WordPress"],"perks":[],"openings":"1"},{"url":"/internship/detail/laravel-development-work-from-home-job-internship-at-techqueto-llp1666341717","name":"Laravel Development","company":"Techqueto LLP","location":"Work From Home","duration":"6 Months","stipend":"2,000 /month","applications":"Be an early applicant","skills":["LARAVEL"],"perks":["Certificate"],"openings":"2"},{"url":"/internship/detail/php-development-internship-in-delhi-noida-at-growth-india1666336994","name":"PHP Development","company":"Growth India","location":"Delhi","duration":"3 Months","stipend":"6,000 /month","applications":"39 applicants","skills":["CodeIgniter","JavaScript","PHP"],"perks":["Certificate","Letter of recommendation","Flexible work hours","Informal dress code"],"openings":"4"},{"url":"/internship/detail/android-flutter-development-internship-in-visakhapatnam-at-cloudeye-technologies-india-private-limited1664443587","name":"Android Flutter Development","company":"CloudEye Technologies India Private Limited","location":"Visakhapatnam","duration":"3 Months","stipend":"4,000-6,000 /month","applications":"Be an early applicant","skills":["Android","Flutter","Java","JavaScript","JSON","LARAVEL","PHP"],"perks":["Certificate","Letter of recommendation","Flexible work hours"],"openings":"2"}]}