{"success":33,"failed":0,"internships":[{"url":"/internship/detail/academic-content-expert-for-physics-english-part-time-job-internship-at-varanasi-in-qa-solvers1667471144","name":"Academic Content Expert for Physics (English)","company":"QA Solvers","location":"Varanasi","duration":"4 Months","stipend":"17,000-25,000 /month","applications":"Be an early applicant","skills":["Content Writing","English Proficiency (Spoken)","English Proficiency (Written)","Online Teaching","Physics","Subject Matter Expert (SME)","Teaching"],"perks":["Certificate","Letter of recommendation","Flexible work hours"],"openings":"4"},{"url":"/internship/detail/teaching-mathematics-physics-internship-in-bangalore-at-cadeto-india1667544478","name":"Teaching (Mathematics & Physics)","company":"Cadeto India","location":"Bangalore","duration":"6 Months","stipend":"15,000-25,000 /month","applications":"Be an early applicant","skills":["English Proficiency (Spoken)","Mathematics","Physics"],"perks":["Certificate"],"openings":"1"},{"url":"/internship/detail/teaching-physics-iit-jee-work-from-home-job-internship-at-iitianguide1667568454","name":"Teaching (Physics-IIT JEE)","company":"IITIANGUIDE","location":"Work From Home","duration":"4 Months","stipend":"20,000-50,000 /month","applications":"28 applicants","skills":[],"perks":["Certificate","Letter of recommendation","Flexible work hours"],"openings":"10"},{"url":"/internship/detail/teaching-pcmb-work-from-home-job-internship-at-retrograde-innovations-private-limited1667564972","name":"Teaching (PCMB)","company":"Retrograde Innovations Private Limited","location":"Work From Home","duration":"6 Months","stipend":"2,000-15,000 /month","applications":"61 applicants","skills":["Biology","Chemistry","Mathematics","Online Teaching","Physics","Subject Matter Expert (SME)","Teaching"],"perks":["5 days a week"],"openings":"10"},{"url":"/internship/detail/subject-matter-expert-mathematics-physics-work-from-home-job-internship-at-dimentics-info-tech-private-limited1667564666","name":"Subject Matter Expert (Mathematics & Physics)","company":"Dimentics Info Tech Private Limited","location":"Work From Home","duration":"2 Months","stipend":"10,000-12,000 /month","applications":"68 applicants","skills":["Mathematics","MS-Office","Physics","Subject Matter Expert (SME)"],"perks":["Certificate","Letter of recommendation","Flexible work hours","5 days a week"],"openings":"50"},{"url":"/internship/detail/subject-matter-expert-sme-cds-and-nda-exam-work-from-home-job-internship-at-physics-wallah1667458154","name":"Subject Matter Expert (SME)- CDS And NDA Exam","company":"Physics Wallah","location":"Work From Home","duration":"3 Months","stipend":"10,000-12,000 /month","applications":"150 applicants","skills":[],"perks":["Flexible work hours"],"openings":"10"},{"url":"/internship/detail/text-solutions-compact-answering-physics-business-studies-mathematics-law-humanities-work-from-home-job-internship-at-cloudbird-digital-private-limited1667555196","name":"Text Solutions - Compact Answering (Physics/Business Studies/Mathematics/Law/Humanities)","company":"CloudBird Digital Private Limited","location":"Work From Home","duration":"3 Months","stipend":"7,000-8,000 /month","applications":"163 applicants","skills":["Accounting","Mathematics","Physics"],"perks":["Certificate","Flexible work hours"],"openings":"20"},{"url":"/internship/detail/pure-hindi-video-solution-pcmb-work-from-home-job-internship-at-zee-edtech1667548784","name":"Pure Hindi Video Solution (PCMB)","company":"Zee Edtech","location":"Work From Home","duration":"1 Month","stipend":"10,000-20,000 /month","applications":"29 applicants","skills":["Biology","Chemistry","Hindi Proficiency (Spoken)","Hindi Proficiency (Written)","Mathematics","Physics"],"perks":["Certificate","Flexible work hours"],"openings":"10"},{"url":"/internship/detail/quality-analysis-physics-work-from-home-job-internship-at-qa-solvers1667547208","name":"Quality Analysis (Physics)","company":"QA Solvers","location":"Work From Home","duration":"3 Months","stipend":"12,000-15,000 /month","applications":"54 applicants","skills":["English Proficiency (Spoken)","English Proficiency (Written)","Physics"],"perks":["Certificate","Letter of recommendation","Flexible work hours"],"openings":"3"},{"url":"/internship/detail/physics-internship-in-chennai-at-spacetug-private-limited1667478463","name":"Physics","company":"SpaceTug Private Limited","location":"Chennai","duration":"6 Months","stipend":"2,000 /month","applications":"Be an early applicant","skills":["Research and Analytics","Statistical Modeling"],"perks":["Certificate","Letter of recommendation","Flexible work hours","Informal dress code","5 days a week"],"openings":"4"},{"url":"/internship/detail/teaching-physics-ib-igcse-board-work-from-home-job-internship-at-auriv-learning1667409400","name":"Teaching Physics (IB/IGCSE Board)","company":"Auriv Learning","location":"Work From Home","duration":"2 Months","stipend":"10,000 /month","applications":"33 applicants","skills":[],"perks":["Certificate","Letter of recommendation","Flexible work hours","5 days a week"],"openings":"4"},{"url":"/internship/detail/subject-matter-expert-sme-part-time-job-internship-at-multiple-locations-in-acadque1667420990","name":"Subject Matter Expert (SME)","company":"AcadQue","location":"Kota","duration":"4 Months","stipend":"8,000 /month + Incentives","applications":"Be an early applicant","skills":["Biology","Chemistry","Mathematics","Physics","Subject Matter Expert (SME)"],"perks":["Certificate","Letter of recommendation","Flexible work hours","Informal dress code","5 days a week"],"openings":"20"},{"url":"/internship/detail/teaching-pcmb-internship-in-delhi-at-unimonks1667391550","name":"Teaching PCMB","company":"Unimonks","location":"Delhi","duration":"4 Months","stipend":"8,000-16,000 /month","applications":"Be an early applicant","skills":["Online Teaching"],"perks":["Certificate","Letter of recommendation","Flexible work hours"],"openings":"4"},{"url":"/internship/detail/content-writing-pcm-work-from-home-job-internship-at-quizzy1667376106","name":"Content Writing (PCM)","company":"Quizzy","location":"Work From Home","duration":"3 Months","stipend":"3,000-5,000 /month","applications":"128 applicants","skills":["English Proficiency (Spoken)","English Proficiency (Written)","MS-Excel","MS-Word"],"perks":["Certificate"],"openings":"20"},{"url":"/internship/detail/subject-matter-expert-sme-work-from-home-job-internship-at-servon-solution-llp1667297359","name":"Subject Matter Expert (SME)","company":"Servon Solution LLP","location":"Work From Home","duration":"3 Months","stipend":"8,000-10,000 /month","applications":"105 applicants","skills":["Accounting","Chemistry","English Proficiency (Spoken)","English Proficiency (Written)","Hindi Proficiency (Spoken)","Hindi Proficiency (Written)","Mathematics","Online Teaching","Physics","Subject Matter Expert (SME)"],"perks":["Certificate","Flexible work hours"],"openings":"25"},{"url":"/internship/detail/hindi-video-solutions-pen-tab-based-work-from-home-job-internship-at-amivo-tech-solutions1667362044","name":"Hindi Video Solutions (Pen-Tab Based)","company":"Amivo Tech Solutions","location":"Work From Home","duration":"5 Months","stipend":"30,000 /month","applications":"45 applicants","skills":["Chemistry","Hindi Proficiency (Spoken)","Hindi Proficiency (Written)","Mathematics","Physics","Subject Matter Expert (SME)"],"perks":["Flexible work hours"],"openings":"20"},{"url":"/internship/detail/doubt-solving-physics-work-from-home-job-internship-at-kunduz-incorporation1667283005","name":"Doubt Solving (Physics)","company":"Kunduz Incorporation","location":"Work From Home","duration":"3 Months","stipend":"5,000-6,000 /month","applications":"65 applicants","skills":["Online Teaching","Physics","Subject Matter Expert (SME)","Teaching"],"perks":["Flexible work hours"],"openings":"10"},{"url":"/internship/detail/hindi-medium-pcm-virtual-teaching-work-from-home-job-internship-at-wazir-education-society1667246418","name":"Hindi Medium PCM Virtual Teaching","company":"Wazir Education Society","location":"Work From Home","duration":"3 Months","stipend":"1,000-2,000 /month","applications":"34 applicants","skills":["Biology","Chemistry","Hindi Proficiency (Spoken)","Hindi Proficiency (Written)","Mathematics","Online Teaching","Physics","Teaching"],"perks":["Certificate","Letter of recommendation","Flexible work hours"],"openings":"10"},{"url":"/internship/detail/video-solutions-creation-pcm-work-from-home-job-internship-at-mind-harmonics1667270679","name":"Video Solutions Creation (PCM)","company":"Mind Harmonics","location":"Work From Home","duration":"3 Months","stipend":"15,000-20,000 /month","applications":"86 applicants","skills":["Chemistry","Mathematics","Physics"],"perks":["Certificate","Letter of recommendation","Flexible work hours"],"openings":"15"},{"url":"/internship/detail/teaching-pcm-work-from-home-job-internship-at-tutor-yard1667297749","name":"Teaching (PCM)","company":"Tutor Yard","location":"Work From Home","duration":"2 Months","stipend":"15,000-20,000 /month","applications":"26 applicants","skills":["Chemistry","Mathematics","Physics"],"perks":["Certificate"],"openings":"10"},{"url":"/internship/detail/subject-matter-expert-sme-work-from-home-job-internship-at-innovative-creaters1667205350","name":"Subject Matter Expert (SME)","company":"Innovative Creaters","location":"Work From Home","duration":"3 Months","stipend":"1,000 /month + Incentives","applications":"94 applicants","skills":[],"perks":["Certificate","Flexible work hours"],"openings":"20"},{"url":"/internship/detail/content-writing-physics-work-from-home-job-internship-at-qa-solvers1667282058","name":"Content Writing - Physics","company":"QA Solvers","location":"Work From Home","duration":"3 Months","stipend":"15,000-20,000 /month","applications":"155 applicants","skills":["English Proficiency (Spoken)","English Proficiency (Written)","Physics","Subject Matter Expert (SME)"],"perks":["Certificate","Letter of recommendation"],"openings":"5"},{"url":"/internship/detail/physics-tutoring-work-from-home-job-internship-at-clavictor-academy-private-limited1666954080","name":"Physics Tutoring","company":"Clavictor Academy Private Limited","location":"Work From Home","duration":"6 Months","stipend":"3,000-7,500 /month","applications":"147 applicants","skills":["MS-Office"],"perks":["Flexible work hours"],"openings":"5"},{"url":"/internship/detail/online-doubts-solving-work-from-home-job-internship-at-mind-harmonics1667102451","name":"Online Doubts Solving","company":"Mind Harmonics","location":"Work From Home","duration":"3 Months","stipend":"5,000 /month","applications":"156 applicants","skills":["Chemistry","Physics"],"perks":["Certificate","Letter of recommendation","Flexible work hours"],"openings":"10"},{"url":"/internship/detail/school-implementation-part-time-job-internship-at-chennai-in-pojo-software-private-limited1667023967","name":"School Implementation","company":"Pojo Software Private Limited","location":"Chennai","duration":"6 Months","stipend":"3,000 /month + Incentives","applications":"Be an early applicant","skills":[],"perks":["Certificate","Letter of recommendation","Flexible work hours"],"openings":"2"},{"url":"/internship/detail/teaching-on-youtube-math-physics-english-work-from-home-job-internship-at-sunrise-group1667030290","name":"Teaching on Youtube (Math Physics English)","company":"Sunrise Group","location":"Work From Home","duration":"3 Months","stipend":"1,000 /month","applications":"76 applicants","skills":["Audio Editing","Online Teaching","Teaching","Video Editing"],"perks":["Certificate","Letter of recommendation","Flexible work hours"],"openings":"2"},{"url":"/internship/detail/research-analysis-science-wing-internship-in-delhi-at-adisha-foundation1666964150","name":"Research Analysis (Science Wing)","company":"Adisha Foundation","location":"Delhi","duration":"2 Months","stipend":"15,000 /month","applications":"101 applicants","skills":["English Proficiency (Spoken)","English Proficiency (Written)","Research and Analytics","Subject Matter Expert (SME)"],"perks":["Certificate","Letter of recommendation","Job offer"],"openings":"1"},{"url":"/internship/detail/subject-matter-expert-sme-pcbm-work-from-home-job-internship-at-miwo-eduserve1666957609","name":"Subject Matter Expert (SME) - PCBM","company":"Miwo Eduserve","location":"Work From Home","duration":"2 Months","stipend":"5,000 /month","applications":"283 applicants","skills":["Biology","Biostatistics","Chemistry","Mathematics","Molecular Biology Techniques","Physics"],"perks":["Certificate","Letter of recommendation"],"openings":"5"},{"url":"/internship/detail/sme-video-solutions-physics-english-work-from-home-job-internship-at-qa-solvers1666846614","name":"SME Video Solutions Physics (English)","company":"QA Solvers","location":"Work From Home","duration":"4 Months","stipend":"10,000-12,000 /month","applications":"111 applicants","skills":["English Proficiency (Spoken)","English Proficiency (Written)","Online Teaching","Physics","Teaching"],"perks":["Certificate","Letter of recommendation"],"openings":"4"},{"url":"/internship/detail/digital-sketch-doodle-art-work-from-home-job-internship-at-mathongo1666838751","name":"Digital Sketch/Doodle Art","company":"Mathongo","location":"Work From Home","duration":"1 Month","stipend":"3,500 /month","applications":"68 applicants","skills":[],"perks":["Certificate","Letter of recommendation","Flexible work hours"],"openings":"4"},{"url":"/internship/detail/real-time-doubt-solving-subject-matter-expert-physics-work-from-home-job-internship-at-learnasyougo-private-limited1666760356","name":"Real-time Doubt Solving/Subject Matter Expert (Physics)","company":"LearnAsYouGo Private Limited","location":"Work From Home","duration":"3 Months","stipend":"6,000-12,000 /month","applications":"326 applicants","skills":["Physics"],"perks":["Certificate","5 days a week"],"openings":"10"},{"url":"/internship/detail/subject-matter-expert-pcm-work-from-home-job-internship-at-amivo-tech-solutions1666523387","name":"Subject Matter Expert (PCM)","company":"Amivo Tech Solutions","location":"Work From Home","duration":"5 Months","stipend":"10,000 /month","applications":"248 applicants","skills":[],"perks":["Flexible work hours"],"openings":"20"},{"url":"/internship/details/internship-at-tata-institute-of-fundamental-research1613044534","name":"Visiting Students' Research Programme (VSRP-2021)","company":"Tata Institute Of Fundamental Research","location":"Pune","duration":"2 Months","stipend":"7,000 /month","applications":"Be an early applicant","skills":[],"perks":[]}]}