{"success":37,"failed":0,"internships":[{"url":"/internship/detail/public-relations-and-outreach-internship-in-delhi-at-wwf-india1667502083","name":"Public Relations And Outreach","company":"WWF-India","location":"Delhi","duration":"3 Months","stipend":"6,000 /month","applications":"Be an early applicant","skills":["Canva","English Proficiency (Spoken)","English Proficiency (Written)","MS-Excel","MS-PowerPoint","MS-Word"],"perks":["Certificate","Letter of recommendation","Informal dress code","5 days a week"],"openings":"2"},{"url":"/internship/detail/media-public-relations-pr-internship-in-mumbai-at-pr-pundit1667204931","name":"Media & Public Relations (PR)","company":"PR Pundit","location":"Mumbai","duration":"2 Months","stipend":"5,000 /month","applications":"Be an early applicant","skills":["Creative Writing","English Proficiency (Spoken)","English Proficiency (Written)","Fashion Styling","Social Media Marketing"],"perks":["Certificate","Flexible work hours","5 days a week"],"openings":"5"},{"url":"/internship/detail/pr-press-release-content-writing-internship-in-multiple-locations-at-tring1666966204","name":"PR-Press Release/Content Writing","company":"Tring","location":"Thane","duration":"3 Months","stipend":"8,500 /month","applications":"36 applicants","skills":[],"perks":["Certificate","Letter of recommendation","Informal dress code"],"openings":"2"},{"url":"/internship/detail/copywriting-internship-in-gurgaon-at-lecturenotes1667200368","name":"Copywriting","company":"LectureNotes","location":"Gurgaon","duration":"3 Months","stipend":"5,000-10,000 /month","applications":"64 applicants","skills":["Copywriting","Creative Writing","English Proficiency (Spoken)","English Proficiency (Written)"],"perks":[],"openings":"2"},{"url":"/internship/detail/media-public-relations-pr-internship-in-delhi-at-stirring-minds1667413255","name":"Media & Public Relations (PR)","company":"Stirring Minds","location":"Delhi","duration":"6 Months","stipend":"7,000-10,000 /month","applications":"Be an early applicant","skills":[],"perks":["Certificate","Letter of recommendation","Informal dress code","Free snacks & beverages"],"openings":"4"},{"url":"/internship/detail/public-relations-internship-in-mumbai-at-ketto1667369012","name":"Public Relations","company":"Ketto","location":"Mumbai","duration":"3 Months","stipend":"10,000 /month","applications":"63 applicants","skills":["English Proficiency (Spoken)","English Proficiency (Written)","MS-Office"],"perks":["Certificate","Informal dress code","5 days a week"],"openings":"2"},{"url":"/internship/detail/media-public-relations-pr-internship-in-mumbai-at-id8-media-solutions-private-limited1667454943","name":"Media & Public Relations (PR)","company":"id8 Media Solutions Private Limited","location":"Mumbai","duration":"3 Months","stipend":"5,000 /month","applications":"26 applicants","skills":["Creative Writing","English Proficiency (Spoken)","English Proficiency (Written)","MS-Excel","Social Media Marketing"],"perks":["Certificate","5 days a week","Job offer"],"openings":"5"},{"url":"/internship/detail/media-public-relations-pr-internship-in-gurgaon-at-allison-partners1667540685","name":"Media & Public Relations (PR)","company":"Allison+Partners","location":"Gurgaon","duration":"2 Months","stipend":"10,000 /month","applications":"Be an early applicant","skills":[],"perks":["Certificate","Letter of recommendation","5 days a week","Free snacks & beverages"],"openings":"1"},{"url":"/internship/detail/media-public-relations-pr-part-time-job-internship-at-delhi-in-inglu1667557546","name":"Media & Public Relations (PR)","company":"INGLU","location":"Delhi","duration":"2 Months","stipend":"7,500-10,000 /month","applications":"Be an early applicant","skills":[],"perks":["Certificate","Letter of recommendation","Flexible work hours","Informal dress code","5 days a week","Free snacks & beverages","Job offer"],"openings":"5"},{"url":"/internship/detail/public-relations-internship-in-mumbai-at-frangipani-communications1667557305","name":"Public Relations","company":"FRANGIPANI COMMUNICATIONS","location":"Mumbai","duration":"5 Months","stipend":"15,000 /month","applications":"Be an early applicant","skills":["Content Writing","English Proficiency (Written)","Interpersonal Skills"],"perks":["Certificate","Letter of recommendation","Informal dress code","5 days a week","Job offer"],"openings":"2"},{"url":"/internship/detail/media-public-relations-pr-part-time-job-internship-at-mumbai-in-maharashtra-bandhu-news-paper1667551800","name":"Media & Public Relations (PR)","company":"Maharashtra Bandhu News Paper","location":"Mumbai","duration":"4 Months","stipend":"3,000 /month + Incentives","applications":"Be an early applicant","skills":["Adobe Premiere Pro","Canva","Digital Marketing","Report Writing","Search Engine Marketing (SEM)","Video Editing","Video Making"],"perks":["Certificate","Letter of recommendation","Flexible work hours","Free snacks & beverages"],"openings":"8"},{"url":"/internship/detail/public-relations-pr-work-from-home-job-internship-at-wing-communications1667469666","name":"Public Relations (PR)","company":"Wing Communications","location":"Work From Home","duration":"6 Months","stipend":"7,000 /month","applications":"35 applicants","skills":[],"perks":["5 days a week"],"openings":"2"},{"url":"/internship/detail/media-partnerships-pr-internship-in-delhi-noida-at-group-futurista1667473319","name":"Media Partnerships/PR","company":"Group Futurista","location":"Delhi","duration":"3 Months","stipend":"6,000-10,000 /month","applications":"Be an early applicant","skills":["English Proficiency (Spoken)","English Proficiency (Written)"],"perks":["Certificate","Letter of recommendation","5 days a week"],"openings":"2"},{"url":"/internship/detail/media-public-relations-pr-work-from-home-job-internship-at-prabisha-consulting-private-limited1667466272","name":"Media & Public Relations (PR)","company":"Prabisha Consulting Private Limited","location":"Work From Home","duration":"6 Months","stipend":"5,000 /month","applications":"Be an early applicant","skills":["Adobe Photoshop","Canva","CorelDRAW","Digital Marketing"],"perks":["Certificate","Letter of recommendation","Flexible work hours","Job offer"],"openings":"1"},{"url":"/internship/detail/media-public-relations-pr-work-from-home-job-internship-at-bizzcom-solutions1667455707","name":"Media & Public Relations (PR)","company":"Bizzcom Solutions","location":"Work From Home","duration":"3 Months","stipend":"3,000-5,000 /month","applications":"Be an early applicant","skills":["Social Media Marketing"],"perks":["Certificate","Letter of recommendation","Flexible work hours","5 days a week"],"openings":"2"},{"url":"/internship/detail/event-management-and-public-relation-internship-in-delhi-at-nature-products1667451607","name":"Event Management And Public Relation","company":"Nature Products","location":"Delhi","duration":"2 Months","stipend":"5,000-10,000 /month","applications":"Be an early applicant","skills":[],"perks":["Certificate","Letter of recommendation"],"openings":"4"},{"url":"/internship/detail/creative-marketing-film-industry-internship-in-kolkata-at-mad-monk-media-private-limited1667368411","name":"Creative & Marketing (Film Industry)","company":"Mad Monk Media Private Limited","location":"Kolkata","duration":"6 Months","stipend":"2,000 /month","applications":"Be an early applicant","skills":["Adobe Photoshop","Canva","Creative Writing","Facebook Marketing","Google AdWords","MS-Excel","MS-Office","MS-PowerPoint","MS-Word"],"perks":["Certificate","Letter of recommendation","Informal dress code"],"openings":"10"},{"url":"/internship/detail/talent-internship-in-multiple-locations-at-tulsea-media-private-limited1667380642","name":"Talent","company":"Tulsea Media Private Limited","location":"Chennai","duration":"6 Months","stipend":"20,000 /month","applications":"59 applicants","skills":[],"perks":["Certificate","Letter of recommendation","Informal dress code"],"openings":"7"},{"url":"/internship/detail/media-public-relations-pr-internship-in-multiple-locations-at-one-digital1667309105","name":"Media & Public Relations (PR)","company":"One Digital","location":"Delhi","duration":"3 Months","stipend":"6,000-10,000 /month","applications":"Be an early applicant","skills":["Creative Writing","English Proficiency (Spoken)","English Proficiency (Written)","Social Media Marketing"],"perks":["Certificate","Letter of recommendation"],"openings":"10"},{"url":"/internship/detail/media-public-relations-pr-work-from-home-job-internship-at-protouch-consulting1667304707","name":"Media & Public Relations (PR)","company":"Protouch Consulting","location":"Work From Home","duration":"3 Months","stipend":"1,000-5,000 /month","applications":"51 applicants","skills":["Creative Writing","English Proficiency (Spoken)","Social Media Marketing"],"perks":["Certificate","Letter of recommendation","Flexible work hours","5 days a week"],"openings":"3"},{"url":"/internship/detail/media-public-relations-pr-internship-in-surat-at-b-czar1667304080","name":"Media & Public Relations (PR)","company":"B Czar","location":"Surat","duration":"3 Months","stipend":"2,000-3,000 /month","applications":"Be an early applicant","skills":[],"perks":["Certificate","Letter of recommendation","Informal dress code","5 days a week"],"openings":"5"},{"url":"/internship/detail/media-public-relations-pr-work-from-home-job-internship-at-wander-xo1667302547","name":"Media & Public Relations (PR)","company":"Wander XO","location":"Work From Home","duration":"4 Months","stipend":"5,000 /month + Incentives","applications":"Be an early applicant","skills":["Creative Writing","English Proficiency (Spoken)","English Proficiency (Written)","MS-Excel","Social Media Marketing"],"perks":["Certificate","Letter of recommendation"],"openings":"3"},{"url":"/internship/detail/media-public-relations-pr-internship-in-mumbai-at-ace-proton-communications-digital-media-private-limited1667295084","name":"Media & Public Relations (PR)","company":"Ace Proton Communications & Digital Media Private Limited","location":"Mumbai","duration":"6 Months","stipend":"7,000 /month","applications":"Be an early applicant","skills":["English Proficiency (Spoken)","English Proficiency (Written)","MS-Office"],"perks":["Certificate","Letter of recommendation","Flexible work hours","Informal dress code","Job offer"],"openings":"1"},{"url":"/internship/detail/events-pr-internship-in-pune-at-conceptmart1667213878","name":"Events & PR","company":"Conceptmart","location":"Pune","duration":"2 Months","stipend":"5,000-8,000 /month","applications":"Be an early applicant","skills":["Event Management","Social Media Marketing"],"perks":["Certificate","Letter of recommendation","Flexible work hours","Informal dress code"],"openings":"2"},{"url":"/internship/detail/media-public-relations-pr-internship-in-thane-at-generic-aadhaar1667209953","name":"Media & Public Relations (PR)","company":"Generic Aadhaar","location":"Thane","duration":"6 Months","stipend":"15,000-22,000 /month","applications":"Be an early applicant","skills":["Creative Writing","English Proficiency (Spoken)","English Proficiency (Written)","Social Media Marketing"],"perks":["Job offer"],"openings":"1"},{"url":"/internship/detail/media-public-relations-pr-internship-in-multiple-locations-at-beamcrew1667184981","name":"Media & Public Relations (PR)","company":"BeamCrew","location":"Khammam","duration":"6 Months","stipend":"2,000-4,000 /month","applications":"Be an early applicant","skills":[],"perks":["Certificate","Letter of recommendation"],"openings":"2"},{"url":"/internship/detail/media-public-relations-pr-internship-in-jaipur-at-ras-media-entertainment-private-limited1667120483","name":"Media & Public Relations (PR)","company":"RAS Media & Entertainment Private Limited","location":"Jaipur","duration":"2 Months","stipend":"5,000-8,000 /month","applications":"Be an early applicant","skills":[],"perks":["Certificate","Job offer"],"openings":"5"},{"url":"/internship/detail/pr-marketing-operations-work-from-home-job-internship-at-angel-gifts-events1666946327","name":"PR & Marketing Operations","company":"Angel Gifts & Events","location":"Work From Home","duration":"1 Month","stipend":"1,000-4,000 /month","applications":"Be an early applicant","skills":["Digital Marketing","English Proficiency (Spoken)","Facebook Marketing","Hindi Proficiency (Spoken)","Instagram Marketing","MS-Excel","Project Management","Social Media Marketing"],"perks":["Certificate","Letter of recommendation"],"openings":"1"},{"url":"/internship/detail/public-relations-work-from-home-job-internship-at-puraskaar-foundation1666929761","name":"Public Relations","company":"Puraskaar Foundation","location":"Work From Home","duration":"3 Months","stipend":"Unpaid","applications":"Be an early applicant","skills":[],"perks":["Certificate","Letter of recommendation","Flexible work hours","5 days a week"],"openings":"10"},{"url":"/internship/detail/media-public-relations-pr-part-time-job-internship-at-mumbai-in-patasa1666852491","name":"Media & Public Relations (PR)","company":"Patasa","location":"Mumbai","duration":"3 Months","stipend":"5,000 /month","applications":"Be an early applicant","skills":[],"perks":["Certificate","Flexible work hours","Informal dress code","5 days a week"],"openings":"1"},{"url":"/internship/detail/pr-content-creation-internship-in-mumbai-at-manifest-my-dreams-binge-works-technologies1666876085","name":"PR & Content Creation","company":"Manifest My Dreams (Binge Works Technologies)","location":"Mumbai","duration":"3 Months","stipend":"10,000 /month","applications":"Be an early applicant","skills":[],"perks":["Certificate","Letter of recommendation"],"openings":"1"},{"url":"/internship/detail/media-strategy-public-relations-pr-work-from-home-job-internship-at-studio-talk-division-of-pinstripe-zebras1666871869","name":"Media Strategy & Public Relations (PR)","company":"Studio Talk (Division Of Pinstripe Zebras)","location":"Work From Home","duration":"4 Months","stipend":"8,000 /month","applications":"82 applicants","skills":["English Proficiency (Spoken)","English Proficiency (Written)","Hindi Proficiency (Spoken)"],"perks":["Certificate"],"openings":"6"},{"url":"/internship/detail/media-public-relations-pr-work-from-home-job-internship-at-artists-association-of-india1666869697","name":"Media & Public Relations (PR)","company":"Artists Association Of India","location":"Work From Home","duration":"3 Months","stipend":"5,000-8,000 /month","applications":"67 applicants","skills":["Digital Marketing","Salesforce"],"perks":["Certificate","Letter of recommendation","Flexible work hours"],"openings":"4"},{"url":"/internship/detail/media-public-relations-pr-internship-in-gurgaon-at-benedict-pr1666861655","name":"Media & Public Relations (PR)","company":"Benedict PR","location":"Gurgaon","duration":"3 Months","stipend":"6,000 /month","applications":"Be an early applicant","skills":[],"perks":["Certificate","Letter of recommendation","Informal dress code","5 days a week","Job offer"],"openings":"3"},{"url":"/internship/detail/political-consultancy-internship-in-delhi-at-typical-comic1666501548","name":"Political Consultancy","company":"Typical Comic","location":"Delhi","duration":"2 Months","stipend":"20,000-30,000 /month","applications":"71 applicants","skills":["Research and Analytics"],"perks":["Certificate"],"openings":"50"},{"url":"/internship/detail/student-partner-work-from-home-job-internship-at-kapableclub1666361110","name":"Student Partner","company":"Kapable.club","location":"Work From Home","duration":"2 Months","stipend":"5,000-10,000 /month","applications":"347 applicants","skills":[],"perks":["Certificate","Letter of recommendation"],"openings":"20"},{"url":"/internship/detail/media-public-relations-pr-internship-in-delhi-at-uni-square-concepts1665906858","name":"Media & Public Relations (PR)","company":"Uni Square Concepts","location":"Delhi","duration":"3 Months","stipend":"3,000 /month","applications":"39 applicants","skills":["English Proficiency (Spoken)","English Proficiency (Written)","MS-Office"],"perks":["Certificate","Free snacks & beverages"],"openings":"10"}]}