{"success":40,"failed":0,"internships":[{"url":"/internship/detail/product-evangelism-internship-in-delhi-noida-at-vayuz-technologies1667650414","name":"Product Evangelism","company":"Vayuz Technologies","location":"Delhi","duration":"6 Months","stipend":"8,000 /month","applications":"Be an early applicant","skills":["Product Management"],"perks":["Certificate","Letter of recommendation","5 days a week","Job offer"],"openings":"5"},{"url":"/internship/detail/product-animation-work-from-home-job-internship-at-kan-man-international1667612382","name":"Product Animation","company":"Kan Man International","location":"Work From Home","duration":"1 Month","stipend":"3,000 /month","applications":"Be an early applicant","skills":["3ds Max","Adobe Illustrator","Blender 3D","Unity 3D"],"perks":["Certificate","Letter of recommendation","Flexible work hours","Job offer"],"openings":"1"},{"url":"/internship/detail/product-design-internship-in-noida-at-dshop1667544722","name":"Product Design","company":"DSHOP","location":"Noida","duration":"3 Months","stipend":"8,000 /month","applications":"Be an early applicant","skills":[],"perks":["Certificate","Letter of recommendation","Informal dress code"],"openings":"1"},{"url":"/internship/detail/digital-marketing-work-from-home-job-internship-at-bhb-groups1667539416","name":"Digital Marketing","company":"BHB GROUPS","location":"Work From Home","duration":"3 Months","stipend":"4,000 /month","applications":"35 applicants","skills":["Digital Marketing","Product Management","Sales and Marketing"],"perks":["Certificate","Letter of recommendation","Flexible work hours"],"openings":"5"},{"url":"/internship/detail/product-management-internship-in-bangalore-at-anq-digital-finserv-private-limited1667558195","name":"Product Management","company":"Anq Digital Finserv Private Limited","location":"Bangalore","duration":"3 Months","stipend":"7,500 /month","applications":"Be an early applicant","skills":["Product Management"],"perks":["Certificate","Letter of recommendation"],"openings":"2"},{"url":"/internship/detail/product-design-work-from-home-job-internship-at-calm-sleep1667558151","name":"Product Design","company":"Calm Sleep","location":"Work From Home","duration":"3 Months","stipend":"5,000 /month","applications":"Be an early applicant","skills":[],"perks":["Certificate","Letter of recommendation","5 days a week"],"openings":"3"},{"url":"/internship/detail/project-coordination-for-app-development-internship-in-kochi-at-jiitak-incorporated1667557316","name":"Project Coordination For App Development","company":"JIITAK Incorporated","location":"Kochi","duration":"6 Months","stipend":"8,000 /month + Incentives","applications":"Be an early applicant","skills":[],"perks":["Certificate","Letter of recommendation","Flexible work hours","Informal dress code","5 days a week","Free snacks & beverages","Job offer"],"openings":"2"},{"url":"/internship/detail/engineering-internship-in-bangalore-at-enarka-india-private-limited1667553722","name":"Engineering","company":"Enarka India Private Limited","location":"Bangalore","duration":"6 Weeks","stipend":"5,000 /month + Incentives","applications":"Be an early applicant","skills":[],"perks":["Certificate","Letter of recommendation","5 days a week"],"openings":"4"},{"url":"/internship/detail/technical-project-management-work-from-home-job-internship-at-zansys-technologies1667550299","name":"Technical Project Management","company":"Zansys Technologies","location":"Work From Home","duration":"4 Months","stipend":"10,000 /month","applications":"53 applicants","skills":["English Proficiency (Spoken)","Software Testing"],"perks":["Certificate","Letter of recommendation","5 days a week"],"openings":"4"},{"url":"/internship/detail/product-designing-internship-in-delhi-at-shilpkar-construction-private-limited1667461910","name":"Product Designing","company":"Shilpkar Construction Private Limited","location":"Delhi","duration":"2 Months","stipend":"5,000 /month","applications":"Be an early applicant","skills":["Adobe Illustrator","Adobe Photoshop","Blender 3D","Google Suite (G Suite)"],"perks":["Certificate","Letter of recommendation","Informal dress code"],"openings":"1"},{"url":"/internship/detail/project-management-internship-in-mumbai-at-airpay-payment-services-private-limited1667456957","name":"Project Management","company":"Airpay Payment Services Private Limited","location":"Mumbai","duration":"6 Months","stipend":"15,000 /month","applications":"Be an early applicant","skills":["MS-Excel","Project Management"],"perks":["Certificate","Letter of recommendation","5 days a week"],"openings":"1"},{"url":"/internship/detail/product-management-internship-in-mumbai-at-airpay-payment-services-private-limited1667379328","name":"Product Management","company":"Airpay Payment Services Private Limited","location":"Mumbai","duration":"6 Months","stipend":"15,000 /month","applications":"Be an early applicant","skills":["English Proficiency (Spoken)","Product Lifecycle Management(PLM)","Product Management"],"perks":["Certificate","Letter of recommendation","5 days a week"],"openings":"2"},{"url":"/internship/detail/quality-assurance-work-from-home-job-internship-at-salesken1667456359","name":"Quality Assurance","company":"Salesken","location":"Work From Home","duration":"3 Months","stipend":"15,000 /month","applications":"178 applicants","skills":["English Proficiency (Spoken)","English Proficiency (Written)","Hindi Proficiency (Spoken)"],"perks":["Certificate","5 days a week"],"openings":"2"},{"url":"/internship/detail/product-management-internship-in-bangalore-at-intugine-technologies-private-limited1667454598","name":"Product Management","company":"Intugine Technologies Private Limited","location":"Bangalore","duration":"3 Months","stipend":"20,000 /month","applications":"66 applicants","skills":["Figma","MS-Excel","Product Management"],"perks":["Certificate","Flexible work hours","Informal dress code","5 days a week","Free snacks & beverages"],"openings":"2"},{"url":"/internship/detail/product-designing-internship-in-gurgaon-at-dailyobjects1667453508","name":"Product Designing","company":"DailyObjects","location":"Gurgaon","duration":"3 Months","stipend":"15,000 /month","applications":"Be an early applicant","skills":["Adobe Illustrator","Adobe Photoshop"],"perks":["Certificate"],"openings":"2"},{"url":"/internship/detail/product-work-from-home-job-internship-at-neemtree-internet-private-limited1667453029","name":"Product","company":"Neemtree Internet Private Limited","location":"Work From Home","duration":"3 Months","stipend":"10,000 /month","applications":"107 applicants","skills":["English Proficiency (Spoken)","English Proficiency (Written)"],"perks":["Certificate","5 days a week","Job offer"],"openings":"2"},{"url":"/internship/detail/graphic-design-work-from-home-job-internship-at-qtesters1667376578","name":"Graphic Design","company":"Qtesters","location":"Work From Home","duration":"3 Months","stipend":"1,000 /month","applications":"28 applicants","skills":["Adobe Photoshop"],"perks":["Certificate"],"openings":"1"},{"url":"/internship/detail/product-management-internship-in-ahmedabad-gurgaon-at-scouto-acquired-by-spinny1667385122","name":"Product Management","company":"Scouto (acquired By Spinny)","location":"Ahmedabad","duration":"6 Months","stipend":"20,000-30,000 /month","applications":"92 applicants","skills":["English Proficiency (Spoken)","English Proficiency (Written)","Product Management","UI & UX Design"],"perks":["Certificate","Letter of recommendation","Flexible work hours","Informal dress code","Free snacks & beverages"],"openings":"1"},{"url":"/internship/detail/product-development-internship-in-multiple-locations-at-cojag1667366789","name":"Product Development","company":"Cojag","location":"Akola","duration":"6 Months","stipend":"2,000-5,000 /month","applications":"Be an early applicant","skills":[".NET","Amazon Web Services (AWS)","Cloud Computing","Data Analytics","Data Science","Java","Machine Learning","PHP","Python"],"perks":["Certificate","Letter of recommendation","Flexible work hours","Informal dress code","Job offer"],"openings":"25"},{"url":"/internship/detail/classification-work-from-home-job-internship-at-ambertag-analytics-private-limited1667363069","name":"Classification","company":"Ambertag Analytics Private Limited","location":"Work From Home","duration":"6 Months","stipend":"8,000 /month","applications":"48 applicants","skills":[],"perks":["Certificate","5 days a week"],"openings":"1"},{"url":"/internship/detail/product-management-work-from-home-job-internship-at-servon-solution-llp1667324556","name":"Product Management","company":"Servon Solution LLP","location":"Work From Home","duration":"2 Months","stipend":"2,000-5,000 /month","applications":"59 applicants","skills":["English Proficiency (Spoken)","English Proficiency (Written)","Figma","Product Lifecycle Management(PLM)","Product Management"],"perks":["Certificate","Flexible work hours"],"openings":"2"},{"url":"/internship/detail/renewable-power-product-development-internship-in-ahmedabad-at-tropical-solar-energy-private-limited1667308649","name":"Renewable Power Product Development","company":"Tropical Solar Energy Private Limited","location":"Ahmedabad","duration":"6 Months","stipend":"5,000 /month","applications":"Be an early applicant","skills":["Arduino","AutoCAD","MATLAB","PCB Soldering","Python"],"perks":["Certificate","Letter of recommendation","Informal dress code","Free snacks & beverages"],"openings":"2"},{"url":"/internship/detail/product-management-internship-in-gurgaon-at-agrim-wholsesale-private-limited1667299415","name":"Product Management","company":"Agrim Wholsesale Private Limited","location":"Gurgaon","duration":"6 Months","stipend":"15,000 /month","applications":"27 applicants","skills":["MS-Excel","SQL"],"perks":["Certificate","Informal dress code","Job offer"],"openings":"2"},{"url":"/internship/detail/product-management-internship-in-gurgaon-at-the-yellow-class1667297672","name":"Product Management","company":"The Yellow Class","location":"Gurgaon","duration":"6 Months","stipend":"50,000 /month","applications":"125 applicants","skills":["Product Lifecycle Management(PLM)","Product Management"],"perks":["Certificate","Letter of recommendation","Flexible work hours","Informal dress code","5 days a week","Free snacks & beverages"],"openings":"1"},{"url":"/internship/detail/product-management-work-from-home-job-internship-at-fittlyf1667219756","name":"Product Management","company":"Fittlyf","location":"Work From Home","duration":"4 Months","stipend":"3,000 /month","applications":"38 applicants","skills":["Business Analysis","English Proficiency (Spoken)","MS-Excel","Product Lifecycle Management(PLM)","Product Management"],"perks":["Certificate","Letter of recommendation","Flexible work hours"],"openings":"2"},{"url":"/internship/detail/product-styling-photography-part-time-job-internship-at-bangalore-in-home-canvas1667216275","name":"Product Styling & Photography","company":"Home Canvas","location":"Bangalore","duration":"2 Months","stipend":"17,500 /month","applications":"32 applicants","skills":["Fashion Styling","Photography","Video Making"],"perks":["Certificate","Letter of recommendation","Flexible work hours","Informal dress code","5 days a week","Free snacks & beverages","Job offer"],"openings":"1"},{"url":"/internship/detail/product-management-part-time-job-internship-at-roorkee-rishikesh-in-lightvue1667215903","name":"Product Management","company":"LightVue","location":"Roorkee","duration":"6 Months","stipend":"8,000-12,000 /month","applications":"Be an early applicant","skills":["Creative Writing","English Proficiency (Written)","Hindi Proficiency (Spoken)","MS-PowerPoint","Product Lifecycle Management(PLM)","UI & UX Design","Wireframing"],"perks":["Certificate","Letter of recommendation","Flexible work hours","Informal dress code","Free snacks & beverages","Job offer"],"openings":"2"},{"url":"/internship/detail/events-pr-internship-in-pune-at-conceptmart1667213878","name":"Events & PR","company":"Conceptmart","location":"Pune","duration":"2 Months","stipend":"5,000-8,000 /month","applications":"Be an early applicant","skills":["Event Management","Social Media Marketing"],"perks":["Certificate","Letter of recommendation","Flexible work hours","Informal dress code"],"openings":"2"},{"url":"/internship/detail/product-design-internship-in-mumbai-at-cam-tools-industries-private-limited1667208601","name":"Product Design","company":"Cam Tools Industries Private Limited","location":"Mumbai","duration":"6 Months","stipend":"3,000 /month","applications":"Be an early applicant","skills":["Autodesk Fusion 360","Autodesk Inventor","Autodesk Revit","Catia","Rhino","SolidWorks"],"perks":["Certificate","Letter of recommendation","Flexible work hours","Informal dress code"],"openings":"5"},{"url":"/internship/detail/product-management-internship-in-chennai-at-roofandfloor1667206335","name":"Product Management","company":"RoofandFloor","location":"Chennai","duration":"6 Months","stipend":"15,000 /month","applications":"Be an early applicant","skills":[],"perks":["Certificate","Letter of recommendation","Informal dress code","5 days a week","Free snacks & beverages","Job offer"],"openings":"3"},{"url":"/internship/detail/product-development-mechanical-internship-in-chennai-at-biosthira-private-limited1667195014","name":"Product Development (Mechanical)","company":"Biosthira Private Limited","location":"Chennai","duration":"6 Months","stipend":"10,000 /month","applications":"26 applicants","skills":["Catia","SolidWorks"],"perks":["Certificate","Letter of recommendation","Informal dress code"],"openings":"2"},{"url":"/internship/detail/product-design-internship-in-bangalore-at-pereyan-llp1667154122","name":"Product Design","company":"Pereyan LLP","location":"Bangalore","duration":"6 Months","stipend":"10,000 /month","applications":"46 applicants","skills":["Adobe Illustrator"],"perks":["Certificate"],"openings":"2"},{"url":"/internship/detail/product-designing-industrial-internship-in-bangalore-at-pereyan-llp1667109670","name":"Product Designing (Industrial)","company":"Pereyan LLP","location":"Bangalore","duration":"6 Months","stipend":"10,000 /month","applications":"42 applicants","skills":[],"perks":[],"openings":"1"},{"url":"/internship/detail/production-merchandise-internship-in-delhi-gurgaon-at-limerick-by-abirr-n-nanki1667103059","name":"Production Merchandise","company":"Limerick By Abirr N' Nanki","location":"Delhi","duration":"6 Months","stipend":"10,000 /month","applications":"Be an early applicant","skills":["MS-Office"],"perks":[],"openings":"1"},{"url":"/internship/detail/product-accessory-design-internship-in-mumbai-bhiwandi-at-harissons-bags-private-limited1667030716","name":"Product/Accessory Design","company":"Harissons Bags Private Limited","location":"Mumbai","duration":"6 Months","stipend":"10,000 /month","applications":"32 applicants","skills":["Adobe Illustrator","Adobe Photoshop","KeyShot","SolidWorks"],"perks":["Certificate","Informal dress code","Job offer"],"openings":"1"},{"url":"/internship/detail/product-management-internship-in-delhi-at-kaholas1667032231","name":"Product Management","company":"Kaholas","location":"Delhi","duration":"6 Months","stipend":"15,000-18,000 /month","applications":"31 applicants","skills":["English Proficiency (Spoken)","English Proficiency (Written)","Product Lifecycle Management(PLM)","Product Management"],"perks":[],"openings":"3"},{"url":"/internship/detail/product-management-marketing-work-from-home-job-internship-at-across-the-globe-atg1667016854","name":"Product Management & Marketing","company":"Across The Globe (ATG)","location":"Work From Home","duration":"4 Months","stipend":"2,500-7,000 /month","applications":"173 applicants","skills":["Digital Marketing","Email Marketing","English Proficiency (Spoken)","Google AdWords","Google Analytics","Social Media Marketing"],"perks":["Certificate","Flexible work hours","5 days a week"],"openings":"8"},{"url":"/internship/detail/product-authorship-work-from-home-job-internship-at-agile-recruitech-llp1666938304","name":"Product Authorship","company":"Agile RecruiTech LLP","location":"Work From Home","duration":"6 Months","stipend":"4,000 /month","applications":"73 applicants","skills":[],"perks":[],"openings":"2"},{"url":"/internship/detail/product-research-work-from-home-job-internship-at-happimynd1666925134","name":"Product Research","company":"HappiMynd","location":"Work From Home","duration":"1 Month","stipend":"1,000-5,000 lump sum","applications":"41 applicants","skills":[],"perks":["Certificate","Letter of recommendation","Flexible work hours"],"openings":"9"},{"url":"/internship/detail/product-management-internship-in-bangalore-at-wizklub-learning1666852250","name":"Product Management","company":"WizKlub Learning","location":"Bangalore","duration":"3 Months","stipend":"20,000-25,000 /month","applications":"196 applicants","skills":["English Proficiency (Spoken)","Product Management"],"perks":["Certificate","Informal dress code","Job offer"],"openings":"5"}]}