{"success":40,"failed":0,"internships":[{"url":"/internship/detail/c-development-qt-creation-work-from-home-job-internship-at-iit-bombay1666585857","name":"C++ Development (QT Creation)","company":"IIT Bombay","location":"Work From Home","duration":"6 Months","stipend":"1,000-2,000 /month","applications":"855 applicants","skills":["C++ Programming","C Programming","Data Structures"],"perks":["Certificate","Letter of recommendation","Flexible work hours","5 days a week"],"openings":"2"},{"url":"/internship/detail/unreal-engine-development-internship-in-multiple-locations-at-queppelin-technology-solutions-private-limited1667652113","name":"Unreal Engine Development","company":"Queppelin Technology Solutions Private Limited","location":"Faridabad","duration":"6 Months","stipend":"15,000 /month","applications":"Be an early applicant","skills":["C++ Programming","Unreal Engine"],"perks":["Certificate","Informal dress code","5 days a week","Job offer"],"openings":"2"},{"url":"/internship/detail/web-development-work-from-home-job-internship-at-oyesters-trainings1667560898","name":"Web Development","company":"Oyesters Trainings","location":"Work From Home","duration":"3 Months","stipend":"5,000-10,000 /month","applications":"32 applicants","skills":["MongoDB","MySQL","Node.js"],"perks":["Certificate","Letter of recommendation","Flexible work hours","5 days a week"],"openings":"2"},{"url":"/internship/detail/mern-stack-development-work-from-home-job-internship-at-zaveri-it-solutions-llc1667651225","name":"MERN Stack Development","company":"Zaveri IT Solutions LLC","location":"Work From Home","duration":"6 Months","stipend":"5,000 /month","applications":"Be an early applicant","skills":["C++ Programming","Hibernate (Java)","Java","Node.js","SQL"],"perks":["Certificate","Letter of recommendation","Flexible work hours","5 days a week","Job offer"],"openings":"9"},{"url":"/internship/detail/reactjs-front-end-development-internship-in-multiple-locations-at-marksdzyn1667646520","name":"ReactJs Front End Development","company":"MarksDzyn","location":"Delhi","duration":"3 Months","stipend":"5,000-15,000 /month","applications":"32 applicants","skills":["ReactJS"],"perks":["Certificate","Letter of recommendation","Flexible work hours","Informal dress code","5 days a week","Job offer"],"openings":"4"},{"url":"/internship/detail/blockchain-development-work-from-home-job-internship-at-happax-vr1667562579","name":"Blockchain Development","company":"Happax VR","location":"Work From Home","duration":"3 Months","stipend":"10,000 /month","applications":"Be an early applicant","skills":["Blockchain","C++ Programming","Ethereum","Hyperledger","Java","JavaScript","Node.js","Python","ReactJS","React Native"],"perks":["Certificate","Letter of recommendation","Flexible work hours"],"openings":"2"},{"url":"/internship/detail/blockchain-development-work-from-home-job-internship-at-xquantum-opc-private-limited1667612253","name":"Blockchain Development","company":"XQuantum OPC Private Limited","location":"Work From Home","duration":"1 Month","stipend":"5,000-10,000 /month","applications":"Be an early applicant","skills":["Ethereum","Python","Solidity"],"perks":[],"openings":"1"},{"url":"/internship/detail/web-development-work-from-home-job-internship-at-revoir1667487286","name":"Web Development","company":"Revoir","location":"Work From Home","duration":"3 Months","stipend":"1,500 /month + Incentives","applications":"88 applicants","skills":["Golang","ReactJS"],"perks":["Flexible work hours","5 days a week"],"openings":"1"},{"url":"/internship/detail/academic-internship-in-kurukshetra-at-coreel-technologies1667566166","name":"Academic","company":"CoreEL Technologies","location":"Kurukshetra","duration":"6 Months","stipend":"20,000 /month","applications":"Be an early applicant","skills":["CNC Programming"],"perks":["Certificate"],"openings":"1"},{"url":"/internship/detail/web-development-work-from-home-job-internship-at-grownfox-private-limited1667534863","name":"Web Development","company":"GrownFox Private Limited","location":"Work From Home","duration":"4 Months","stipend":"15,000 /month","applications":"86 applicants","skills":["Amazon Web Services (AWS)","Hibernate (Java)","Java","NoSQL","Spring MVC","Stripe Payment API"],"perks":["Certificate","Letter of recommendation","Flexible work hours","5 days a week"],"openings":"1"},{"url":"/internship/detail/teaching-programming-language-work-from-home-job-internship-at-wonkovation-technology1667555797","name":"Teaching (Programming Language)","company":"Wonkovation Technology","location":"Work From Home","duration":"6 Months","stipend":"1,500-4,000 /month","applications":"Be an early applicant","skills":["CSS","Data Science","HTML","Java","JavaScript","Machine Learning","Online Teaching","SQL"],"perks":["Certificate"],"openings":"2"},{"url":"/internship/detail/backend-development-laravel-work-from-home-job-internship-at-omikron-technologies-private-limited1667552624","name":"Backend Development (Laravel)","company":"Omikron Technologies Private Limited","location":"Work From Home","duration":"3 Months","stipend":"10,000 /month","applications":"109 applicants","skills":["Git Bash","GitHub","LARAVEL","MySQL","PHP"],"perks":["Certificate","Letter of recommendation","Flexible work hours"],"openings":"3"},{"url":"/internship/detail/flutter-development-work-from-home-job-internship-at-blackcoffer1667549620","name":"Flutter Development","company":"Blackcoffer","location":"Work From Home","duration":"6 Months","stipend":"5,000 /month","applications":"37 applicants","skills":["Firebase","Flutter","React Native"],"perks":["Certificate","Letter of recommendation","Flexible work hours"],"openings":"10"},{"url":"/internship/detail/java-development-internship-in-pune-at-quadwave-consulting1667471259","name":"Java Development","company":"Quadwave Consulting","location":"Pune","duration":"6 Months","stipend":"10,000-15,000 /month","applications":"87 applicants","skills":["HTML","Java","JavaScript","jQuery","JSP","MySQL","Servlets"],"perks":["Certificate","Letter of recommendation","Informal dress code","5 days a week","Free snacks & beverages","Job offer"],"openings":"10"},{"url":"/internship/detail/full-stack-development-web-application-development-work-from-home-job-internship-at-aero2astro1667545957","name":"Full Stack Development/Web Application Development","company":"Aero2Astro","location":"Work From Home","duration":"3 Months","stipend":"10,000 lump sum","applications":"69 applicants","skills":["Amazon Web Server (AWS)","Amazon Web Services (AWS)","AngularJS","C++ Programming","DigitalOcean","Django","Express.js","JavaScript","LARAVEL","Linux","Node.js","Python","ReactJS","React Native","Spring MVC","Tailwind CSS","User Interface (UI) Development","Windows Mobile Application Development"],"perks":["Certificate","Letter of recommendation"],"openings":"6"},{"url":"/internship/detail/web-development-work-from-home-job-internship-at-putatoe-technologies-private-limited1667479192","name":"Web Development","company":"Putatoe Technologies Private Limited","location":"Work From Home","duration":"4 Months","stipend":"1,000-5,000 /month","applications":"277 applicants","skills":["Bootstrap","CSS","HTML","JavaScript","jQuery","ReactJS"],"perks":["Certificate","Letter of recommendation","Flexible work hours"],"openings":"2"},{"url":"/internship/detail/mechatronics-engineering-internship-in-bangalore-at-yolabs1667542526","name":"Mechatronics Engineering","company":"Yolabs","location":"Bangalore","duration":"6 Months","stipend":"11,000-15,000 /month","applications":"Be an early applicant","skills":["Arduino","Autodesk Fusion 360","Blender 3D","C++ Programming","Circuit Design","CNC Programming","Embedded Systems","Python","Raspberry Pi","Robotics","Unity 3D"],"perks":["Certificate","Letter of recommendation","Flexible work hours","Informal dress code","Free snacks & beverages","Job offer"],"openings":"3"},{"url":"/internship/detail/backend-php-development-internship-in-faridabad-at-luneblaze1667481206","name":"Backend PHP Development","company":"Luneblaze","location":"Faridabad","duration":"6 Months","stipend":"6,000 /month","applications":"Be an early applicant","skills":["PHP","REST API"],"perks":["Certificate","Informal dress code","Job offer"],"openings":"5"},{"url":"/internship/detail/business-development-sales-internship-in-kolkata-at-yoaccount1667460296","name":"Business Development (Sales)","company":"YoAccount","location":"Kolkata","duration":"3 Months","stipend":"2,000 /month + Incentives","applications":"Be an early applicant","skills":["Digital Marketing","Email Marketing","English Proficiency (Spoken)","English Proficiency (Written)","MS-Excel","Social Media Marketing"],"perks":["Certificate","Letter of recommendation","Flexible work hours"],"openings":"20"},{"url":"/internship/detail/nodejs-development-internship-in-jaipur-at-kaniskep1667472336","name":"Node.js Development","company":"Kaniskep","location":"Jaipur","duration":"3 Months","stipend":"5,000 /month + Incentives","applications":"Be an early applicant","skills":["Node.js"],"perks":["Certificate","Letter of recommendation","Flexible work hours","Informal dress code","5 days a week","Free snacks & beverages","Job offer"],"openings":"5"},{"url":"/internship/detail/firmware-development-internship-in-bangalore-at-wildly-tech-private-limited1667399478","name":"Firmware Development","company":"Wildly Tech Private Limited","location":"Bangalore","duration":"6 Months","stipend":"25,000 /month + Incentives","applications":"43 applicants","skills":["C++ Programming","C Programming","Embedded Systems","Python"],"perks":["Letter of recommendation","Informal dress code","Free snacks & beverages"],"openings":"1"},{"url":"/internship/detail/swift-programming-ios-development-work-from-home-job-internship-at-codespeedy-technology-private-limited1667467597","name":"Swift Programming/IOS Development","company":"CodeSpeedy Technology Private Limited","location":"Work From Home","duration":"2 Months","stipend":"1,500 /month","applications":"Be an early applicant","skills":["iOS","Swift"],"perks":["Certificate"],"openings":"10"},{"url":"/internship/detail/pcb-design-and-coding-work-from-home-job-internship-at-pp-technologies1667403374","name":"PCB Design And Coding","company":"PP Technologies","location":"Work From Home","duration":"1 Week","stipend":"10,000 /week","applications":"93 applicants","skills":["C Programming","PCB Design"],"perks":["Certificate","Letter of recommendation","Flexible work hours"],"openings":"1"},{"url":"/internship/detail/full-stack-development-internship-in-multiple-locations-at-vidyalai1667393334","name":"Full Stack Development","company":"Vidyalai","location":"Kochi","duration":"6 Months","stipend":"15,000 /month","applications":"31 applicants","skills":["CSS","HTML","JavaScript","MongoDB","Node.js","ReactJS"],"perks":["Certificate","Letter of recommendation","Informal dress code","Job offer"],"openings":"2"},{"url":"/internship/detail/laravel-development-work-from-home-job-internship-at-fortsatt-business-technologies-private-limited1667461158","name":"Laravel Development","company":"FortSatt Business Technologies Private Limited","location":"Work From Home","duration":"3 Months","stipend":"5,000 /month","applications":"Be an early applicant","skills":["Amazon Web Server (AWS)","LARAVEL","MySQL","REST API"],"perks":["Certificate","Letter of recommendation","Flexible work hours"],"openings":"2"},{"url":"/internship/detail/web-designing-internship-in-multiple-locations-at-omninos-technologies-international-private-limited1667391958","name":"Web Designing","company":"Omninos Technologies International Private Limited","location":"Chandigarh","duration":"6 Months","stipend":"7,000-12,000 /month","applications":"Be an early applicant","skills":["CSS","HTML"],"perks":["Certificate","Letter of recommendation","Flexible work hours","5 days a week"],"openings":"10"},{"url":"/internship/detail/web-development-work-from-home-job-internship-at-travelbuff-official1667383449","name":"Web Development","company":"Travelbuff Official","location":"Work From Home","duration":"3 Months","stipend":"1,500 /month + Incentives","applications":"73 applicants","skills":["Bootstrap","CSS","HTML","JavaScript","jQuery","MySQL","Node.js","PHP","ReactJS","REST API","SQL","Vue Js"],"perks":["Certificate","Flexible work hours"],"openings":"2"},{"url":"/internship/detail/teaching-electronics-internship-in-moradabad-at-main-marshals1667453889","name":"Teaching (Electronics)","company":"Main Marshals","location":"Moradabad","duration":"6 Months","stipend":"10,000 /month","applications":"Be an early applicant","skills":["Arduino","C Programming","Embedded Systems","Internet of Things (IoT)","PCB Design","Python","Raspberry Pi","Teaching"],"perks":["Certificate","Letter of recommendation"],"openings":"2"},{"url":"/internship/detail/embedded-programming-internship-in-bangalore-at-nhanz-systems-private-limited1667453685","name":"Embedded Programming","company":"NHANZ Systems Private Limited","location":"Bangalore","duration":"6 Months","stipend":"12,000 /month","applications":"Be an early applicant","skills":["C++ Programming","C Programming","Embedded Systems","MATLAB"],"perks":["Certificate","Flexible work hours"],"openings":"2"},{"url":"/internship/detail/full-stack-development-mern-internship-in-bangalore-at-protoezy-designs-private-limited1667443366","name":"Full Stack Development (MERN)","company":"Protoezy Designs Private Limited","location":"Bangalore","duration":"2 Months","stipend":"10,000 /month","applications":"Be an early applicant","skills":["Amazon Web Services (AWS)","Express.js","Git","MongoDB","Node.js","ReactJS"],"perks":["Certificate","Letter of recommendation","Informal dress code","Job offer"],"openings":"2"},{"url":"/internship/detail/electronics-systems-software-development-internship-in-bangalore-at-fermedicius-labs-private-limited1667390492","name":"Electronics Systems & Software Development","company":"Fermedicius Labs Private Limited","location":"Bangalore","duration":"6 Months","stipend":"15,000-25,000 /month","applications":"55 applicants","skills":["ARM Microcontroller","C++ Programming","Cloud Computing","C Programming","Django","Embedded Systems","MongoDB","Python","React Native","REST API"],"perks":["Certificate","Letter of recommendation","Job offer"],"openings":"1"},{"url":"/internship/detail/mobile-app-development-react-native-work-from-home-job-internship-at-redpositive-service-opc-private-limited1667366895","name":"Mobile App Development (React Native)","company":"Redpositive Service (OPC) Private Limited","location":"Work From Home","duration":"4 Months","stipend":"2,000-8,000 /month","applications":"34 applicants","skills":["Algorithms","JavaScript","Model View Controller(MVC)","ReactJS","React Native","Redux","REST API","TypeScript","Xcode"],"perks":["Certificate","Letter of recommendation","Flexible work hours"],"openings":"20"},{"url":"/internship/detail/bitcoin-development-work-from-home-job-internship-at-w3dev1667342680","name":"Bitcoin Development","company":"W3Dev","location":"Work From Home","duration":"3 Months","stipend":"7,000-10,000 /month","applications":"60 applicants","skills":["Blockchain"],"perks":["Certificate","Letter of recommendation","Flexible work hours"],"openings":"2"},{"url":"/internship/detail/python-programming-fastapi-aws-serverless-internship-in-pune-at-intelliconnect-technologies-llp1667369527","name":"Python Programming (FastAPI & AWS Serverless)","company":"Intelliconnect Technologies LLP","location":"Pune","duration":"5 Months","stipend":"6,000-8,000 /month","applications":"Be an early applicant","skills":["CSS","HTML","Python","REST API"],"perks":["Certificate","Letter of recommendation","Flexible work hours","Informal dress code","Job offer"],"openings":"2"},{"url":"/internship/detail/web-development-internship-in-mumbai-at-accrete1667298384","name":"Web Development","company":"Accrete","location":"Mumbai","duration":"6 Months","stipend":"25,000 /month","applications":"91 applicants","skills":["CSS","Django","Flask","HTML","JavaScript","Python"],"perks":["Certificate","Letter of recommendation","Flexible work hours","Informal dress code","5 days a week","Job offer"],"openings":"4"},{"url":"/internship/detail/product-development-internship-in-multiple-locations-at-cojag1667366789","name":"Product Development","company":"Cojag","location":"Akola","duration":"6 Months","stipend":"2,000-5,000 /month","applications":"Be an early applicant","skills":[".NET","Amazon Web Services (AWS)","Cloud Computing","Data Analytics","Data Science","Java","Machine Learning","PHP","Python"],"perks":["Certificate","Letter of recommendation","Flexible work hours","Informal dress code","Job offer"],"openings":"25"},{"url":"/internship/detail/web-development-work-from-home-job-internship-at-slogfy1667290835","name":"Web Development","company":"Slogfy","location":"Work From Home","duration":"3 Months","stipend":"1,000 /month + Incentives","applications":"107 applicants","skills":["PHP","ReactJS"],"perks":["Certificate","Letter of recommendation","Flexible work hours","5 days a week"],"openings":"2"},{"url":"/internship/detail/microsoft-powerapps-programming-internship-in-pune-thane-at-intelliconnect-technologies-llp1667310936","name":"Microsoft PowerApps Programming","company":"Intelliconnect Technologies LLP","location":"Pune","duration":"6 Months","stipend":"6,000-8,000 /month","applications":"Be an early applicant","skills":["CSS","HTML","Java","JavaScript","SQL"],"perks":["Certificate","Letter of recommendation","Flexible work hours","Informal dress code","Job offer"],"openings":"1"},{"url":"/internship/detail/blockchain-development-work-from-home-job-internship-at-confederation-of-global-innovators1667298057","name":"Blockchain Development","company":"Confederation Of Global Innovators","location":"Work From Home","duration":"2 Months","stipend":"20,000 /month","applications":"92 applicants","skills":["Blockchain","Ethereum","Hyperledger","JavaScript"],"perks":["Certificate","Letter of recommendation","5 days a week"],"openings":"1"},{"url":"/internship/detail/laravel-backend-development-work-from-home-job-internship-at-renderbit-technologies1667205654","name":"Laravel Backend Development","company":"Renderbit Technologies","location":"Work From Home","duration":"3 Months","stipend":"10,000 /month + Incentives","applications":"35 applicants","skills":["GitHub","LARAVEL","PHP"],"perks":["Certificate","Letter of recommendation","Flexible work hours","5 days a week","Job offer"],"openings":"1"}]}