{"success":35,"failed":0,"internships":[{"url":"/internship/detail/project-planning-spacebound-internship-in-mumbai-at-bookmyshow1665662837","name":"Project Planning (Spacebound)","company":"BookMyShow","location":"Mumbai","duration":"6 Months","stipend":"7,500 /month","applications":"125 applicants","skills":["Event Management","MS-Office"],"perks":["Certificate","Informal dress code","5 days a week"],"openings":"1"},{"url":"/internship/detail/project-coordination-internship-in-gurgaon-at-experifun-educational-solutions1665730512","name":"Project Coordination","company":"Experifun Educational Solutions","location":"Gurgaon","duration":"6 Months","stipend":"20,000-25,000 /month","applications":"39 applicants","skills":[],"perks":[],"openings":"1"},{"url":"/internship/detail/e-commerce-listing-order-processing-internship-in-bangalore-at-pereyan-llp1667195466","name":"E-Commerce Listing & Order Processing","company":"Pereyan LLP","location":"Bangalore","duration":"6 Months","stipend":"5,000-15,000 /month","applications":"27 applicants","skills":["Sales and Marketing"],"perks":[],"openings":"1"},{"url":"/internship/detail/project-management-work-from-home-job-internship-at-velozity-global-solutions1667636978","name":"Project Management","company":"Velozity Global Solutions","location":"Work From Home","duration":"6 Months","stipend":"10,000 /month","applications":"106 applicants","skills":["English Proficiency (Spoken)","English Proficiency (Written)","MS-Excel","MS-PowerPoint","MS-Word","Operations","Project Management"],"perks":["Certificate","Letter of recommendation","Flexible work hours"],"openings":"5"},{"url":"/internship/detail/project-management-internship-in-gurgaon-at-cur81667549726","name":"Project Management","company":"CUR8","location":"Gurgaon","duration":"3 Months","stipend":"15,000 /month","applications":"28 applicants","skills":["English Proficiency (Spoken)","English Proficiency (Written)","Project Management"],"perks":["Job offer"],"openings":"2"},{"url":"/internship/detail/project-coordination-for-app-development-internship-in-kochi-at-jiitak-incorporated1667557316","name":"Project Coordination For App Development","company":"JIITAK Incorporated","location":"Kochi","duration":"6 Months","stipend":"8,000 /month + Incentives","applications":"Be an early applicant","skills":[],"perks":["Certificate","Letter of recommendation","Flexible work hours","Informal dress code","5 days a week","Free snacks & beverages","Job offer"],"openings":"2"},{"url":"/internship/detail/engineering-internship-in-bangalore-at-enarka-india-private-limited1667553722","name":"Engineering","company":"Enarka India Private Limited","location":"Bangalore","duration":"6 Weeks","stipend":"5,000 /month + Incentives","applications":"Be an early applicant","skills":[],"perks":["Certificate","Letter of recommendation","5 days a week"],"openings":"4"},{"url":"/internship/detail/business-accounts-management-work-from-home-job-internship-at-househat1667548905","name":"Business Accounts Management","company":"Househat","location":"Work From Home","duration":"6 Months","stipend":"6,000 /month","applications":"34 applicants","skills":["Accounting","Project Management"],"perks":["Certificate","Letter of recommendation","Flexible work hours"],"openings":"1"},{"url":"/internship/detail/business-accounts-management-part-time-job-internship-at-pune-in-househat1667500672","name":"Business Accounts Management","company":"Househat","location":"Pune","duration":"6 Months","stipend":"6,000-9,000 /month","applications":"Be an early applicant","skills":["Accounting","Project Management"],"perks":["Certificate","Letter of recommendation","Flexible work hours"],"openings":"1"},{"url":"/internship/detail/project-coordination-internship-in-gurgaon-at-dofin-tech-private-limited1667474474","name":"Project Coordination","company":"Dofin Tech Private Limited","location":"Gurgaon","duration":"6 Months","stipend":"15,000-20,000 /month","applications":"Be an early applicant","skills":["English Proficiency (Spoken)","English Proficiency (Written)","MS-Office","Project Management"],"perks":["Flexible work hours","Informal dress code","5 days a week","Free snacks & beverages"],"openings":"1"},{"url":"/internship/detail/project-coordination-work-from-home-job-internship-at-share-a-book-india-association1667461265","name":"Project Coordination","company":"Share A Book India Association","location":"Work From Home","duration":"3 Months","stipend":"Unpaid","applications":"Be an early applicant","skills":[],"perks":["Certificate"],"openings":"1"},{"url":"/internship/detail/city-coordinator-internship-in-multiple-locations-at-sharp-ngo1667451266","name":"City Coordinator","company":"SHARP NGO","location":"Bathinda","duration":"3 Months","stipend":"18,000 /month","applications":"Be an early applicant","skills":[],"perks":["Letter of recommendation"],"openings":"1"},{"url":"/internship/detail/project-management-internship-in-delhi-at-opensense-labs-private-limited1667389545","name":"Project Management","company":"OpenSense Labs Private Limited","location":"Delhi","duration":"6 Months","stipend":"15,000-20,000 /month","applications":"79 applicants","skills":[],"perks":["Certificate","Letter of recommendation","5 days a week","Job offer"],"openings":"3"},{"url":"/internship/detail/project-management-zoho-projects-tools-internship-in-multiple-locations-at-dny-hospitality-private-limited1667373646","name":"Project Management (Zoho Projects/Tools)","company":"DNY Hospitality Private Limited","location":"Thane","duration":"6 Months","stipend":"12,000 /month","applications":"Be an early applicant","skills":["Project Management"],"perks":["Certificate","Letter of recommendation"],"openings":"2"},{"url":"/internship/detail/operations-work-from-home-job-internship-at-naarg-data-media-services1667290606","name":"Operations","company":"Naarg Data Media Services","location":"Work From Home","duration":"4 Months","stipend":"5,000 /month","applications":"64 applicants","skills":["English Proficiency (Spoken)","English Proficiency (Written)","MS-Excel","MS-Word"],"perks":["Certificate","Job offer"],"openings":"7"},{"url":"/internship/detail/project-coordination-work-from-home-job-internship-at-happimynd1667299608","name":"Project Coordination","company":"HappiMynd","location":"Work From Home","duration":"6 Months","stipend":"1,500-3,000 /month","applications":"32 applicants","skills":["Project Management"],"perks":["Certificate","Letter of recommendation","Flexible work hours"],"openings":"9"},{"url":"/internship/detail/agricultural-sciences-and-practices-internship-in-delhi-parbhani-at-indo-german-energy-forum-support-office1667284668","name":"Agricultural Sciences And Practices","company":"Indo-German Energy Forum Support Office","location":"Delhi","duration":"6 Months","stipend":"18,000 /month","applications":"29 applicants","skills":["Mathematics","MS-Excel","MS-Word","Report Writing"],"perks":["Certificate","5 days a week"],"openings":"1"},{"url":"/internship/detail/catalogue-operations-work-from-home-job-internship-at-snapmint-credit-advisory-private-limited1667285244","name":"Catalogue Operations","company":"Snapmint Credit Advisory Private Limited","location":"Work From Home","duration":"3 Months","stipend":"6,000 /month","applications":"71 applicants","skills":[],"perks":[],"openings":"4"},{"url":"/internship/detail/video-script-writing-internship-in-bangalore-at-pereyan-llp1667193857","name":"Video Script Writing","company":"Pereyan LLP","location":"Bangalore","duration":"6 Months","stipend":"5,000-15,000 /month","applications":"Be an early applicant","skills":["Content Marketing","Video Making"],"perks":[],"openings":"1"},{"url":"/internship/detail/torch-bearer-leading-work-from-home-job-internship-at-happimynd1667274714","name":"Torch Bearer Leading","company":"HappiMynd","location":"Work From Home","duration":"6 Months","stipend":"5,000 /month","applications":"Be an early applicant","skills":["English Proficiency (Spoken)"],"perks":["Certificate","Letter of recommendation","Flexible work hours"],"openings":"2"},{"url":"/internship/detail/project-management-work-from-home-job-internship-at-fyntune-solution-private-limited1667273147","name":"Project Management","company":"FynTune Solution Private Limited","location":"Work From Home","duration":"6 Months","stipend":"12,000-18,000 /month","applications":"62 applicants","skills":["English Proficiency (Spoken)","English Proficiency (Written)","MS-Office"],"perks":["Certificate","Letter of recommendation"],"openings":"10"},{"url":"/internship/detail/quality-management-internship-in-mohali-at-biorev-llc1667270488","name":"Quality Management","company":"Biorev LLC","location":"Mohali","duration":"6 Months","stipend":"10,000 /month","applications":"Be an early applicant","skills":["Project Management","Quality Assurance/Quality Control (QA/QC)"],"perks":[],"openings":"4"},{"url":"/internship/detail/project-management-csr-part-time-job-internship-at-gurgaon-in-simmi-foundation-organization1667208305","name":"Project Management (CSR)","company":"Simmi Foundation Organization","location":"Gurgaon","duration":"2 Months","stipend":"Unpaid","applications":"Be an early applicant","skills":["Business Research","English Proficiency (Spoken)","English Proficiency (Written)","Event Management","Project Management"],"perks":["Certificate","Letter of recommendation","Flexible work hours","5 days a week","Job offer"],"openings":"3"},{"url":"/internship/detail/international-development-cooperation-adaptation-to-climate-change-climate-finance-internship-in-delhi-at-deutsche-gesellschaft-fr-internationale-zusammenarbeit1667210255","name":"International Development Cooperation (Adaptation To Climate Change & Climate Finance)","company":"Deutsche Gesellschaft Für Internationale Zusammenarbeit","location":"Delhi","duration":"6 Months","stipend":"18,000 /month","applications":"Be an early applicant","skills":[],"perks":[],"openings":"1"},{"url":"/internship/detail/corporate-events-management-internship-in-mumbai-at-great-place-to-work1667038552","name":"Corporate Events Management","company":"Great Place To Work","location":"Mumbai","duration":"4 Months","stipend":"5,000 /month","applications":"Be an early applicant","skills":[],"perks":["Certificate","5 days a week"],"openings":"2"},{"url":"/internship/detail/project-management-and-marketing-work-from-home-job-internship-at-across-the-globe-atg1666967244","name":"Project Management and Marketing","company":"Across The Globe (ATG)","location":"Work From Home","duration":"4 Months","stipend":"2,500-7,000 /month","applications":"112 applicants","skills":["Digital Marketing","Email Marketing","English Proficiency (Spoken)","Google AdWords","Google Analytics","Social Media Marketing"],"perks":["Certificate","Flexible work hours","5 days a week"],"openings":"4"},{"url":"/internship/detail/project-coordination-operations-internship-in-hyderabad-at-freyr-energy1666953366","name":"Project Coordination - Operations","company":"Freyr Energy","location":"Hyderabad","duration":"6 Months","stipend":"15,000 /month","applications":"30 applicants","skills":["MS-Excel","MS-Office"],"perks":["Certificate","Job offer"],"openings":"1"},{"url":"/internship/detail/volunteering-work-from-home-job-internship-at-jugnusociety-ngo1666886802","name":"Volunteering","company":"JugnuSociety NGO","location":"Work From Home","duration":"6 Months","stipend":"Unpaid","applications":"Be an early applicant","skills":["Event Management","MS-Excel","MS-Office","MS-PowerPoint","MS-Word","Project Management","Social Media Marketing"],"perks":["Certificate","Letter of recommendation","Flexible work hours"],"openings":"20"},{"url":"/internship/detail/project-management-work-from-home-job-internship-at-simmi-foundation-organization1666786665","name":"Project Management","company":"Simmi Foundation Organization","location":"Work From Home","duration":"3 Months","stipend":"Unpaid","applications":"79 applicants","skills":["English Proficiency (Spoken)","English Proficiency (Written)","Hindi Proficiency (Spoken)","MS-Office","Research and Analytics"],"perks":["Certificate","Letter of recommendation","Flexible work hours","5 days a week"],"openings":"2"},{"url":"/internship/detail/program-management-teamleadership-work-from-home-job-internship-at-darpan-gogia1666780463","name":"Program Management - Team Leadership","company":"Darpan Gogia","location":"Work From Home","duration":"6 Months","stipend":"10,000-15,000 /month","applications":"225 applicants","skills":["Operations","Project Management"],"perks":["Job offer"],"openings":"4"},{"url":"/internship/detail/creative-and-production-assistant-internship-in-mumbai-at-ipix-movies1666726020","name":"Creative And Production Assistant","company":"Ipix Movies","location":"Mumbai","duration":"3 Months","stipend":"10,000 /month","applications":"48 applicants","skills":["Adobe Photoshop","Adobe Premiere Pro","Canva","MS-Excel","MS-Word"],"perks":["Letter of recommendation"],"openings":"1"},{"url":"/internship/detail/content-writing-work-from-home-job-internship-at-naarg-data-media-services1666677248","name":"Content Writing","company":"Naarg Data Media Services","location":"Work From Home","duration":"4 Months","stipend":"5,000 /month","applications":"120 applicants","skills":["English Proficiency (Spoken)","English Proficiency (Written)","MS-PowerPoint","MS-Word"],"perks":["Certificate","Job offer"],"openings":"15"},{"url":"/internship/detail/management-hr-internship-in-central-delhi-at-pms-consulting1666436338","name":"Management HR","company":"PMS Consulting","location":"Central Delhi","duration":"2 Months","stipend":"6,000-8,000 /month","applications":"Be an early applicant","skills":["English Proficiency (Spoken)","English Proficiency (Written)","MS-Excel","MS-Office","MS-Word"],"perks":["Certificate","Letter of recommendation","Informal dress code","Free snacks & beverages"],"openings":"4"},{"url":"/internship/detail/program-management-internship-in-gurgaon-at-uolo-technology1666080250","name":"Program Management","company":"Uolo Technology","location":"Gurgaon","duration":"3 Months","stipend":"15,000 /month","applications":"79 applicants","skills":[],"perks":["Certificate","Letter of recommendation","Informal dress code","5 days a week"],"openings":"2"},{"url":"/internship/detail/project-management-work-from-home-job-internship-at-natwest-group1666068890","name":"Project Management","company":"NatWest Group","location":"Work From Home","duration":"6 Months","stipend":"45,000 /month","applications":"1000+ applicants","skills":["MS-Excel","MS-PowerPoint","MS-Word","Project Management"],"perks":["Certificate","Flexible work hours","5 days a week"],"openings":"5"}]}