{"success":25,"failed":0,"internships":[{"url":"/internship/detail/content-creation-mental-health-awareness-work-from-home-job-internship-at-speak-your-mind-with-jatin1667460679","name":"Content Creation (Mental Health Awareness)","company":"Speak Your Mind With Jatin","location":"Work From Home","duration":"3 Months","stipend":"Unpaid","applications":"Be an early applicant","skills":["Acting Audition","Adobe Creative Suite","Audio Editing","Instagram Marketing","Video Editing"],"perks":["Certificate","Letter of recommendation","Flexible work hours","5 days a week"],"openings":"10"},{"url":"/internship/detail/data-annotation-psychology-work-from-home-job-internship-at-smalljoys1667474644","name":"Data Annotation (Psychology)","company":"Smalljoys","location":"Work From Home","duration":"3 Months","stipend":"8,000 /month","applications":"56 applicants","skills":[],"perks":["Certificate","Flexible work hours","5 days a week"],"openings":"5"},{"url":"/internship/detail/psychology-research-smartphone-addiction-work-from-home-job-internship-at-krsh-welfare-foundation1667389595","name":"Psychology Research (Smartphone Addiction)","company":"Krsh Welfare Foundation","location":"Work From Home","duration":"1 Month","stipend":"Unpaid","applications":"Be an early applicant","skills":["Research and Analytics"],"perks":["Certificate","Letter of recommendation","Flexible work hours","5 days a week"],"openings":"5"},{"url":"/internship/detail/mental-health-research-internship-in-delhi-at-jobsassure1667371302","name":"Mental Health Research","company":"Jobsassure","location":"Delhi","duration":"2 Months","stipend":"8,000 /month","applications":"Be an early applicant","skills":["English Proficiency (Spoken)","Hindi Proficiency (Spoken)","Punjabi Proficiency (Spoken)"],"perks":["Certificate","Letter of recommendation","Flexible work hours","Informal dress code","5 days a week","Free snacks & beverages"],"openings":"1"},{"url":"/internship/detail/psychology-work-from-home-job-internship-at-happimynd1667383093","name":"Psychology","company":"HappiMynd","location":"Work From Home","duration":"6 Months","stipend":"2,500-4,000 /month","applications":"66 applicants","skills":[],"perks":["Certificate","Letter of recommendation","Flexible work hours"],"openings":"9"},{"url":"/internship/detail/psychology-work-from-home-job-internship-at-ichars-support-foundation1667311100","name":"Psychology","company":"ICHARS Support Foundation","location":"Work From Home","duration":"6 Weeks","stipend":"Unpaid","applications":"29 applicants","skills":["English Proficiency (Spoken)","English Proficiency (Written)","MS-Office"],"perks":["Certificate"],"openings":"100"},{"url":"/internship/detail/psychology-work-from-home-job-internship-at-international-institute-of-sdgs-public-policy-research1667289427","name":"Psychology","company":"International Institute Of SDGs & Public Policy Research","location":"Work From Home","duration":"1 Month","stipend":"Unpaid","applications":"47 applicants","skills":[],"perks":["Certificate","Letter of recommendation","Flexible work hours","5 days a week"],"openings":"15"},{"url":"/internship/detail/psychology-content-writing-internship-in-bangalore-at-cxo-branding1667297034","name":"Psychology Content Writing","company":"CXO Branding","location":"Bangalore","duration":"2 Months","stipend":"10,000 /month","applications":"Be an early applicant","skills":["Content Writing"],"perks":["Certificate"],"openings":"2"},{"url":"/internship/detail/child-psychology-internship-in-multiple-locations-at-starlit-ability-enhancement-services-private-limited1667213466","name":"Child Psychology","company":"Starlit Ability Enhancement Services Private Limited","location":"Pune","duration":"4 Months","stipend":"8,000-10,000 /month","applications":"34 applicants","skills":["English Proficiency (Spoken)","English Proficiency (Written)","Teaching"],"perks":["Certificate","Informal dress code"],"openings":"4"},{"url":"/internship/detail/content-writing-internship-in-multiple-locations-at-solvaphile1667214677","name":"Content Writing","company":"Solvaphile","location":"Delhi","duration":"5 Months","stipend":"15,000-25,000 /month","applications":"38 applicants","skills":["Creative Writing","English Proficiency (Spoken)","English Proficiency (Written)","Search Engine Optimization (SEO)","Teaching"],"perks":["Certificate","Letter of recommendation","Flexible work hours"],"openings":"20"},{"url":"/internship/detail/counseling-teaching-support-internship-in-delhi-at-edushastra-education-solutions-private-limited1667282701","name":"Counseling & Teaching Support","company":"EduShastra Education Solutions Private Limited","location":"Delhi","duration":"4 Months","stipend":"20,000-30,000 /month","applications":"Be an early applicant","skills":["English Proficiency (Spoken)","English Proficiency (Written)"],"perks":["Certificate","Letter of recommendation","Flexible work hours","Informal dress code","5 days a week","Free snacks & beverages","Job offer"],"openings":"21"},{"url":"/internship/detail/child-psychology-internship-in-multiple-locations-at-starlit-ability-enhancement-services-private-limited1667212030","name":"Child Psychology","company":"Starlit Ability Enhancement Services Private Limited","location":"Pune","duration":"6 Months","stipend":"6,000-10,000 /month","applications":"Be an early applicant","skills":["English Proficiency (Spoken)","English Proficiency (Written)","Teaching"],"perks":["Certificate","Informal dress code","Job offer"],"openings":"4"},{"url":"/internship/detail/psychology-work-from-home-job-internship-at-happitude-studio1667212161","name":"Psychology","company":"Happitude Studio","location":"Work From Home","duration":"3 Months","stipend":"1,000 /month","applications":"74 applicants","skills":[],"perks":["Certificate"],"openings":"3"},{"url":"/internship/detail/psychology-work-from-home-job-internship-at-kshitiksha-foundation1667060284","name":"Psychology","company":"Kshitiksha Foundation","location":"Work From Home","duration":"1 Month","stipend":"Unpaid","applications":"47 applicants","skills":[],"perks":["Certificate","Letter of recommendation","Flexible work hours","5 days a week"],"openings":"10"},{"url":"/internship/detail/psychology-research-mood-swings-work-from-home-job-internship-at-krsh-welfare-foundation1667197298","name":"Psychology Research (Mood Swings)","company":"Krsh Welfare Foundation","location":"Work From Home","duration":"1 Month","stipend":"Unpaid","applications":"36 applicants","skills":["Research and Analytics"],"perks":["Certificate","Letter of recommendation","Flexible work hours","5 days a week"],"openings":"5"},{"url":"/internship/detail/psychology-work-from-home-job-internship-at-asmi1667194267","name":"Psychology","company":"Asmi","location":"Work From Home","duration":"6 Months","stipend":"2,000 /month","applications":"Be an early applicant","skills":["MS-Office"],"perks":["Certificate","Letter of recommendation","Flexible work hours"],"openings":"3"},{"url":"/internship/detail/psychology-research-relationships-work-from-home-job-internship-at-krsh-welfare-foundation1666957573","name":"Psychology Research (Relationships)","company":"Krsh Welfare Foundation","location":"Work From Home","duration":"1 Month","stipend":"Unpaid","applications":"63 applicants","skills":["Research and Analytics"],"perks":["Certificate","Letter of recommendation","Flexible work hours","5 days a week"],"openings":"5"},{"url":"/internship/detail/psychology-i-o-psychology-and-psychometricians-internship-in-multiple-locations-at-aasd-consultants-private-limited1666957090","name":"Psychology (I/O Psychology And Psychometricians)","company":"Aasd Consultants Private Limited","location":"Delhi","duration":"3 Months","stipend":"5,000-10,000 /month","applications":"32 applicants","skills":["Content Writing","Report Writing","Research and Analytics"],"perks":["Certificate","Letter of recommendation","Flexible work hours","Informal dress code","Job offer"],"openings":"2"},{"url":"/internship/detail/industrial-psychology-work-from-home-job-internship-at-deepthought-edutech-ventures-private-limited1666872602","name":"Industrial Psychology","company":"DeepThought Edutech Ventures Private Limited","location":"Work From Home","duration":"6 Months","stipend":"4,000 /month","applications":"58 applicants","skills":[],"perks":["Certificate"],"openings":"2"},{"url":"/internship/detail/social-volunteering-work-from-home-job-internship-at-happimynd1666924809","name":"Social Volunteering","company":"HappiMynd","location":"Work From Home","duration":"1 Month","stipend":"1,000-5,000 lump sum","applications":"119 applicants","skills":[],"perks":["Certificate","Letter of recommendation","Flexible work hours"],"openings":"10"},{"url":"/internship/detail/operations-part-time-job-internship-at-multiple-locations-in-mindora-happiness-and-you1666807203","name":"Operations","company":"Mindora: Happiness And You","location":"Agartala","duration":"6 Months","stipend":"2,000 /month + Incentives","applications":"36 applicants","skills":["Creative Writing","Event Management","Research and Analytics","Search Engine Optimization (SEO)"],"perks":["Certificate","Letter of recommendation","Flexible work hours"],"openings":"15"},{"url":"/internship/detail/curriculum-development-young-ceo-work-from-home-job-internship-at-deepthought-edutech-ventures-private-limited1666872571","name":"Curriculum Development (Young CEO)","company":"DeepThought Edutech Ventures Private Limited","location":"Work From Home","duration":"6 Months","stipend":"4,000 /month","applications":"62 applicants","skills":[],"perks":["Certificate"],"openings":"3"},{"url":"/internship/detail/psychology-work-from-home-job-internship-at-careernaksha1666858856","name":"Psychology","company":"CareerNaksha","location":"Work From Home","duration":"1 Month","stipend":"5,000 /month","applications":"135 applicants","skills":["Data Analytics","English Proficiency (Spoken)","English Proficiency (Written)","Sales and Marketing"],"perks":["Certificate","Letter of recommendation","Flexible work hours","Job offer"],"openings":"10"},{"url":"/internship/detail/mental-health-internship-in-multiple-locations-at-dr-prerna-kohli-associates1666848187","name":"Mental Health","company":"Dr. Prerna Kohli & Associates","location":"Chandigarh","duration":"6 Months","stipend":"5,000 /month","applications":"37 applicants","skills":[],"perks":["Certificate","Letter of recommendation","Flexible work hours","Informal dress code","5 days a week"],"openings":"4"},{"url":"/internship/detail/academic-content-writing-psychology-work-from-home-job-internship-at-evelyn-learning-systems1666684173","name":"Academic Content Writing (Psychology)","company":"Evelyn Learning Systems","location":"Work From Home","duration":"4 Months","stipend":"12,000 /month","applications":"586 applicants","skills":["English Proficiency (Spoken)","English Proficiency (Written)"],"perks":["5 days a week"],"openings":"5"}]}