{"success":40,"failed":0,"internships":[{"url":"/internship/detail/python-development-work-from-home-job-internship-at-dknsb-medical-device-consultants1667576274","name":"Python Development","company":"DKNSB Medical Device Consultants","location":"Work From Home","duration":"2 Months","stipend":"20,000 /month","applications":"54 applicants","skills":["Django","HTML","Machine Learning","Python"],"perks":["Certificate","Letter of recommendation","Flexible work hours","5 days a week"],"openings":"2"},{"url":"/internship/detail/django-development-internship-in-hyderabad-at-aptagrim1667615462","name":"Django Development","company":"APTAGRIM","location":"Hyderabad","duration":"6 Months","stipend":"12,000 /month","applications":"Be an early applicant","skills":["Django","PostgreSQL","Python","REST API"],"perks":["Certificate","Letter of recommendation","5 days a week","Free snacks & beverages"],"openings":"2"},{"url":"/internship/detail/teaching-python-machine-learning-work-from-home-job-internship-at-sure-trust1667575521","name":"Teaching (Python & Machine Learning)","company":"SURE Trust","location":"Work From Home","duration":"4 Months","stipend":"Unpaid","applications":"81 applicants","skills":["Machine Learning","Python"],"perks":["Certificate","Letter of recommendation","Flexible work hours"],"openings":"2"},{"url":"/internship/detail/python-development-internship-in-mumbai-at-flymax-multi-services-private-limited1667555807","name":"Python Development","company":"Flymax Multi Services Private Limited","location":"Mumbai","duration":"6 Months","stipend":"6,000 /month","applications":"26 applicants","skills":[],"perks":["Certificate","Letter of recommendation","Flexible work hours","Informal dress code","5 days a week","Free snacks & beverages"],"openings":"10"},{"url":"/internship/detail/mobile-app-development-work-from-home-job-internship-at-arthavedika-tech-private-limited1667537590","name":"Mobile App Development","company":"Arthavedika Tech Private Limited","location":"Work From Home","duration":"6 Months","stipend":"2,500 /month + Incentives","applications":"34 applicants","skills":["Java","React Native","REST API"],"perks":["Letter of recommendation","Flexible work hours"],"openings":"6"},{"url":"/internship/detail/backend-development-work-from-home-job-internship-at-qualyval1667471206","name":"Backend Development","company":"Qualyval","location":"Work From Home","duration":"6 Months","stipend":"6,000 /month","applications":"89 applicants","skills":["MongoDB","Node.js","Python","REST API"],"perks":["Certificate","Letter of recommendation","Flexible work hours"],"openings":"2"},{"url":"/internship/detail/python-development-internship-in-multiple-locations-at-fact-wise-tech1667546356","name":"Python Development","company":"Fact Wise Tech","location":"Thane","duration":"3 Months","stipend":"7,000-15,000 /month","applications":"Be an early applicant","skills":["Django","Python"],"perks":["Letter of recommendation","Informal dress code","5 days a week","Job offer"],"openings":"2"},{"url":"/internship/detail/full-stack-development-web-application-development-work-from-home-job-internship-at-aero2astro1667545957","name":"Full Stack Development/Web Application Development","company":"Aero2Astro","location":"Work From Home","duration":"3 Months","stipend":"10,000 lump sum","applications":"71 applicants","skills":["Amazon Web Server (AWS)","Amazon Web Services (AWS)","AngularJS","C++ Programming","DigitalOcean","Django","Express.js","JavaScript","LARAVEL","Linux","Node.js","Python","ReactJS","React Native","Spring MVC","Tailwind CSS","User Interface (UI) Development","Windows Mobile Application Development"],"perks":["Certificate","Letter of recommendation"],"openings":"6"},{"url":"/internship/detail/mechatronics-engineering-internship-in-bangalore-at-yolabs1667542526","name":"Mechatronics Engineering","company":"Yolabs","location":"Bangalore","duration":"6 Months","stipend":"11,000-15,000 /month","applications":"Be an early applicant","skills":["Arduino","Autodesk Fusion 360","Blender 3D","C++ Programming","Circuit Design","CNC Programming","Embedded Systems","Python","Raspberry Pi","Robotics","Unity 3D"],"perks":["Certificate","Letter of recommendation","Flexible work hours","Informal dress code","Free snacks & beverages","Job offer"],"openings":"3"},{"url":"/internship/detail/python-development-work-from-home-job-internship-at-vaultedge-software-private-limited1667537274","name":"Python Development","company":"Vaultedge Software Private Limited","location":"Work From Home","duration":"6 Months","stipend":"30,000-35,000 /month","applications":"89 applicants","skills":[],"perks":["5 days a week","Job offer"],"openings":"2"},{"url":"/internship/detail/python-development-work-from-home-job-internship-at-relu-consultancy1667535333","name":"Python Development","company":"Relu Consultancy","location":"Work From Home","duration":"6 Months","stipend":"10,000-20,000 /month","applications":"94 applicants","skills":["Django","GitHub","JSON","MongoDB","Python","SQL"],"perks":["Certificate","Letter of recommendation","Flexible work hours"],"openings":"5"},{"url":"/internship/detail/python-development-internship-in-salem-at-elan-digital1667287725","name":"Python Development","company":"Elan Digital","location":"Salem","duration":"3 Months","stipend":"5,000-10,000 /month","applications":"Be an early applicant","skills":["CSS","Django","Flask","HTML","Python","REST API"],"perks":["Certificate","Letter of recommendation","Job offer"],"openings":"2"},{"url":"/internship/detail/firmware-development-internship-in-bangalore-at-wildly-tech-private-limited1667399478","name":"Firmware Development","company":"Wildly Tech Private Limited","location":"Bangalore","duration":"6 Months","stipend":"25,000 /month + Incentives","applications":"43 applicants","skills":["C++ Programming","C Programming","Embedded Systems","Python"],"perks":["Letter of recommendation","Informal dress code","Free snacks & beverages"],"openings":"1"},{"url":"/internship/detail/python-development-work-from-home-job-internship-at-booksiey-technologies-private-limited1667470019","name":"Python Development","company":"Booksiey Technologies Private Limited","location":"Work From Home","duration":"3 Months","stipend":"20,000 /month","applications":"371 applicants","skills":["Machine Learning","Python"],"perks":["Certificate","Letter of recommendation","Flexible work hours"],"openings":"1"},{"url":"/internship/detail/python-chartjs-implementation-work-from-home-job-internship-at-pojo-software-private-limited1667467350","name":"Python/ChartJS Implementation","company":"Pojo Software Private Limited","location":"Work From Home","duration":"6 Months","stipend":"1,500-3,000 /month","applications":"95 applicants","skills":["JavaScript","Python"],"perks":["Certificate","Letter of recommendation","Flexible work hours"],"openings":"2"},{"url":"/internship/detail/python-development-work-from-home-job-internship-at-surjal-services-private-limited1667411958","name":"Python Development","company":"Surjal Services Private Limited","location":"Work From Home","duration":"6 Months","stipend":"10,000 /month","applications":"73 applicants","skills":["Amazon Web Server (AWS)","DigitalOcean","Django","Flask","MongoDB","MS SQL Server","PostgreSQL","Python","SQL","SQLite"],"perks":["Certificate","Letter of recommendation","Flexible work hours"],"openings":"2"},{"url":"/internship/detail/full-stack-python-flask-web-development-work-from-home-job-internship-at-dendriteai1667403547","name":"Full Stack Python/Flask Web Development","company":"Dendrite.ai","location":"Work From Home","duration":"4 Months","stipend":"4,000 /month","applications":"45 applicants","skills":["Docker","Flask","Git","Python","SQL","Unix"],"perks":["Certificate","Flexible work hours"],"openings":"2"},{"url":"/internship/detail/django-web-development-internship-in-gurgaon-at-techvins-software-private-limited1667391040","name":"Django Web Development","company":"Techvins Software Private Limited","location":"Gurgaon","duration":"3 Months","stipend":"5,000-8,000 /month","applications":"Be an early applicant","skills":["Django"],"perks":["Certificate","Flexible work hours","5 days a week"],"openings":"2"},{"url":"/internship/detail/python-and-data-structure-internship-in-delhi-at-finassure-global-solutions-private-limited1667387716","name":"Python and Data Structure","company":"Finassure Global Solutions Private Limited","location":"Delhi","duration":"6 Months","stipend":"8,000-14,000 /month","applications":"77 applicants","skills":["Data Analytics","Data Science","Data Structures","MS SQL Server","Python"],"perks":["Letter of recommendation","Flexible work hours"],"openings":"1"},{"url":"/internship/detail/python-programming-fastapi-aws-serverless-internship-in-pune-at-intelliconnect-technologies-llp1667369527","name":"Python Programming (FastAPI & AWS Serverless)","company":"Intelliconnect Technologies LLP","location":"Pune","duration":"5 Months","stipend":"6,000-8,000 /month","applications":"26 applicants","skills":["CSS","HTML","Python","REST API"],"perks":["Certificate","Letter of recommendation","Flexible work hours","Informal dress code","Job offer"],"openings":"2"},{"url":"/internship/detail/product-development-internship-in-multiple-locations-at-cojag1667366789","name":"Product Development","company":"Cojag","location":"Akola","duration":"6 Months","stipend":"2,000-5,000 /month","applications":"Be an early applicant","skills":[".NET","Amazon Web Services (AWS)","Cloud Computing","Data Analytics","Data Science","Java","Machine Learning","PHP","Python"],"perks":["Certificate","Letter of recommendation","Flexible work hours","Informal dress code","Job offer"],"openings":"25"},{"url":"/internship/detail/web-development-work-from-home-job-internship-at-slogfy1667290835","name":"Web Development","company":"Slogfy","location":"Work From Home","duration":"3 Months","stipend":"1,000 /month + Incentives","applications":"107 applicants","skills":["PHP","ReactJS"],"perks":["Certificate","Letter of recommendation","Flexible work hours","5 days a week"],"openings":"2"},{"url":"/internship/detail/python-development-data-mining-web-scraping-work-from-home-job-internship-at-ignis-tech-solutions1667315794","name":"Python Development (Data Mining/Web Scraping)","company":"Ignis Tech Solutions","location":"Work From Home","duration":"6 Months","stipend":"4,000 /month","applications":"119 applicants","skills":["Django","GitHub","Python","REST API"],"perks":["Letter of recommendation","Flexible work hours","Job offer"],"openings":"2"},{"url":"/internship/detail/python-development-work-from-home-job-internship-at-conscript-hr-advisors-private-limited1667303353","name":"Python Development","company":"Conscript HR Advisors Private Limited","location":"Work From Home","duration":"1 Month","stipend":"1,000 /month","applications":"225 applicants","skills":[],"perks":["Certificate","Letter of recommendation","Flexible work hours"],"openings":"3"},{"url":"/internship/detail/python-development-internship-in-hyderabad-at-eigenmaps1667288939","name":"Python Development","company":"EigenMaps","location":"Hyderabad","duration":"6 Months","stipend":"8,000-25,000 /month","applications":"67 applicants","skills":["Data Analytics","Data Science","Flask","Machine Learning","Power BI","Python","REST API"],"perks":["Certificate","Letter of recommendation","Informal dress code","5 days a week","Free snacks & beverages"],"openings":"4"},{"url":"/internship/detail/python-development-internship-in-pune-at-consociate-solutions-private-limited1667216705","name":"Python Development","company":"Consociate Solutions Private Limited","location":"Pune","duration":"6 Months","stipend":"10,000 /month","applications":"87 applicants","skills":["CSS","HTML","JavaScript","Python"],"perks":["Letter of recommendation","Flexible work hours"],"openings":"2"},{"url":"/internship/detail/data-engineering-internship-in-multiple-locations-at-go-digital-technology-consulting1667207710","name":"Data Engineering","company":"Go Digital Technology Consulting","location":"Pune","duration":"3 Months","stipend":"14,000 /month","applications":"617 applicants","skills":["Python","SQL"],"perks":["Certificate","Letter of recommendation","Informal dress code","5 days a week","Job offer"],"openings":"5"},{"url":"/internship/detail/python-development-internship-in-multiple-locations-at-techvolt-software-private-limited1667203601","name":"Python Development","company":"Techvolt Software Private Limited","location":"Coimbatore","duration":"2 Months","stipend":"3,000 /month","applications":"33 applicants","skills":["C++ Programming"],"perks":["Certificate","Letter of recommendation","Flexible work hours","Informal dress code","5 days a week"],"openings":"10"},{"url":"/internship/detail/python-development-internship-in-multiple-locations-at-skyindya-technologies1667195843","name":"Python Development","company":"SkyIndya Technologies","location":"Palghar","duration":"4 Months","stipend":"6,000-10,000 /month","applications":"63 applicants","skills":[],"perks":["Certificate"],"openings":"4"},{"url":"/internship/detail/python-django-react-native-javascript-development-internship-in-jamshedpur-at-etechcube1667145582","name":"Python/Django/React Native/JavaScript Development","company":"ETechCube","location":"Jamshedpur","duration":"6 Months","stipend":"5,000 /month","applications":"28 applicants","skills":["Bootstrap","CSS","Django","HTML","JavaScript","jQuery","Python","ReactJS","React Native"],"perks":["Certificate","Letter of recommendation"],"openings":"20"},{"url":"/internship/detail/progressive-web-apps-pwa-development-work-from-home-job-internship-at-instantpost1667101888","name":"Progressive Web Apps (PWA) Development","company":"InstantPost","location":"Work From Home","duration":"6 Months","stipend":"2,000-6,000 /month","applications":"Be an early applicant","skills":["AngularJS","CakePHP","CSS","Flask","GitHub","HTML","JavaScript","JSON","PHP","Python","WordPress"],"perks":["Certificate","Flexible work hours"],"openings":"1"},{"url":"/internship/detail/power-electronics-internship-in-lucknow-bangalore-at-instantpost1667101806","name":"Power Electronics","company":"InstantPost","location":"Lucknow","duration":"6 Months","stipend":"2,000-6,000 /month","applications":"Be an early applicant","skills":["Arduino","C++ Programming","C Programming","Linux","PCB Design","PCB Soldering","Python"],"perks":["Certificate","Flexible work hours"],"openings":"1"},{"url":"/internship/detail/machine-learning-computer-vision-internship-in-bangalore-at-modaka-technologies-private-limited1667056920","name":"Machine Learning (Computer Vision)","company":"Modaka Technologies Private Limited","location":"Bangalore","duration":"3 Months","stipend":"12,000 /month","applications":"137 applicants","skills":["Computer Vision","Deep Learning","JavaScript","Machine Learning","OpenCV","Python"],"perks":["Certificate","Job offer"],"openings":"1"},{"url":"/internship/detail/teaching-python-internship-in-delhi-at-high-technologies-solutions1667046725","name":"Teaching (Python)","company":"High Technologies Solutions","location":"Delhi","duration":"6 Months","stipend":"10,000-25,000 /month","applications":"41 applicants","skills":["Artificial Intelligence","Data Science","Java","Machine Learning","Python"],"perks":["Letter of recommendation"],"openings":"5"},{"url":"/internship/detail/web-development-internship-in-noida-at-wisdom-tree-ventures-private-limited1667024971","name":"Web Development","company":"Wisdom Tree Ventures Private Limited","location":"Noida","duration":"6 Months","stipend":"15,000-20,000 /month","applications":"143 applicants","skills":["Python"],"perks":["Certificate","Letter of recommendation","Informal dress code"],"openings":"5"},{"url":"/internship/detail/python-app-development-internship-in-gurgaon-at-free-thesiscom1667029810","name":"Python App Development","company":"Free-thesis.com","location":"Gurgaon","duration":"2 Months","stipend":"8,000 /month","applications":"100 applicants","skills":["Python","Robotic Process Automation (RPA)"],"perks":["Job offer"],"openings":"1"},{"url":"/internship/detail/backend-ml-development-internship-in-chennai-at-cosgrid-systems-private-limited1666979652","name":"Backend & ML Development","company":"COSGrid Systems Private Limited","location":"Chennai","duration":"5 Months","stipend":"15,000-25,000 /month","applications":"206 applicants","skills":["Django","GitHub","Linux","Python","REST API"],"perks":["Certificate","Letter of recommendation","Flexible work hours","Informal dress code","5 days a week","Free snacks & beverages","Job offer"],"openings":"2"},{"url":"/internship/detail/django-and-angular-development-work-from-home-job-internship-at-shikhar-agrawal1666891160","name":"Django And Angular Development","company":"Shikhar Agrawal","location":"Work From Home","duration":"3 Months","stipend":"4,000-8,000 /month","applications":"85 applicants","skills":["Angular 2.0","Angular 7.0","AngularJS","CSS","Django","HTML","JavaScript","PostgreSQL","Python","REST API","TypeScript"],"perks":["Certificate","Letter of recommendation","Flexible work hours"],"openings":"1"},{"url":"/internship/detail/data-engineering-internship-in-bangalore-at-affinityanswers1666891480","name":"Data Engineering","company":"AffinityAnswers","location":"Bangalore","duration":"6 Months","stipend":"30,000 /month","applications":"54 applicants","skills":["JavaScript","Python","SQL","Unix"],"perks":["Letter of recommendation","Flexible work hours","5 days a week"],"openings":"1"},{"url":"/internship/detail/software-product-development-work-from-home-job-internship-at-opstree1666860559","name":"Software Product Development","company":"OpsTree","location":"Work From Home","duration":"6 Months","stipend":"8,000-10,000 /month","applications":"196 applicants","skills":["Django","Python"],"perks":["Certificate","Letter of recommendation","Flexible work hours","5 days a week","Job offer"],"openings":"1"}]}