{"success":40,"failed":0,"internships":[{"url":"/internship/detail/human-resources-hr-internship-in-gurgaon-at-mobikwik1667477763","name":"Human Resources (HR)","company":"MobiKwik","location":"Gurgaon","duration":"3 Months","stipend":"20,000 /month","applications":"125 applicants","skills":["English Proficiency (Spoken)"],"perks":["Certificate","Letter of recommendation","Informal dress code","5 days a week"],"openings":"1"},{"url":"/internship/detail/human-resources-hr-internship-in-delhi-at-niit-foundation1667387295","name":"Human Resources (HR)","company":"NIIT Foundation","location":"Delhi","duration":"6 Months","stipend":"15,000 /month","applications":"50 applicants","skills":["English Proficiency (Spoken)","MS-Excel","MS-Word"],"perks":["Certificate"],"openings":"2"},{"url":"/internship/detail/human-resources-hr-internship-in-pune-at-firstcry1667375518","name":"Human Resources (HR)","company":"FirstCry","location":"Pune","duration":"3 Months","stipend":"5,000 /month","applications":"70 applicants","skills":["Recruitment"],"perks":["Certificate"],"openings":"4"},{"url":"/internship/detail/human-resources-hr-internship-in-mumbai-at-saregama-india-limited1667285257","name":"Human Resources (HR)","company":"Saregama India Limited","location":"Mumbai","duration":"3 Months","stipend":"8,000-10,000 /month","applications":"113 applicants","skills":["English Proficiency (Spoken)","English Proficiency (Written)","MS-Excel"],"perks":["Certificate","5 days a week","Free snacks & beverages"],"openings":"1"},{"url":"/internship/detail/human-resources-hr-internship-in-gurgaon-at-vistara1666954208","name":"Human Resources (HR)","company":"Vistara","location":"Gurgaon","duration":"6 Months","stipend":"10,000 /month","applications":"141 applicants","skills":["English Proficiency (Spoken)","English Proficiency (Written)","MS-Excel"],"perks":["5 days a week"],"openings":"3"},{"url":"/internship/detail/human-resources-hr-internship-in-gurgaon-at-canara-hsbc-life-insurance1666806580","name":"Human Resources (HR)","company":"Canara HSBC Life Insurance","location":"Gurgaon","duration":"4 Months","stipend":"8,000 /month","applications":"87 applicants","skills":["English Proficiency (Spoken)","English Proficiency (Written)","MS-Excel","MS-Office","MS-Word"],"perks":["Certificate","Flexible work hours","5 days a week"],"openings":"4"},{"url":"/internship/detail/human-resources-hr-internship-in-mumbai-at-kotak-mahindra-bank1666853375","name":"Human Resources (HR)","company":"Kotak Mahindra Bank","location":"Mumbai","duration":"2 Months","stipend":"5,000 /month","applications":"123 applicants","skills":["English Proficiency (Spoken)","English Proficiency (Written)","MS-Excel","MS-Office","MS-Word"],"perks":["Certificate","5 days a week"],"openings":"2"},{"url":"/internship/detail/human-resources-hr-internship-in-mumbai-at-policy-bazaar1666266590","name":"Human Resources (HR)","company":"Policy Bazaar","location":"Mumbai","duration":"3 Months","stipend":"15,000 /month","applications":"157 applicants","skills":[],"perks":["Certificate"],"openings":"1"},{"url":"/internship/detail/human-resources-hr-internship-in-pune-at-techno-edge-global-learning-solutions1667478982","name":"Human Resources (HR)","company":"Techno Edge Global Learning Solutions","location":"Pune","duration":"6 Months","stipend":"10,000-12,000 /month","applications":"68 applicants","skills":["English Proficiency (Spoken)","English Proficiency (Written)"],"perks":["Certificate","Letter of recommendation"],"openings":"5"},{"url":"/internship/detail/human-resources-hr-internship-in-thane-mumbai-at-gigfactory-private-limited1667214428","name":"Human Resources (HR)","company":"Gigfactory Private Limited","location":"Thane","duration":"2 Months","stipend":"2,000 /month + Incentives","applications":"Be an early applicant","skills":["English Proficiency (Spoken)","English Proficiency (Written)","MS-Excel","MS-Office"],"perks":["Certificate","Letter of recommendation","Flexible work hours","Informal dress code","5 days a week","Job offer"],"openings":"6"},{"url":"/internship/detail/human-resources-hr-internship-in-navi-mumbai-at-ideaforge-technology-private-limited1667565983","name":"Human Resources (HR)","company":"ideaForge Technology Private Limited","location":"Navi Mumbai","duration":"3 Months","stipend":"10,000 /month","applications":"Be an early applicant","skills":["Recruitment"],"perks":["Certificate","Letter of recommendation","Informal dress code","5 days a week"],"openings":"2"},{"url":"/internship/detail/human-resources-hr-internship-in-multiple-locations-at-swastik-infralogics-private-limited1667654210","name":"Human Resources (HR)","company":"Swastik Infralogics Private Limited","location":"Thane","duration":"6 Months","stipend":"10,000 /month","applications":"Be an early applicant","skills":[],"perks":[],"openings":"2"},{"url":"/internship/detail/human-resources-hr-internship-in-noida-at-saltoro-coffee-roasters1667562248","name":"Human Resources (HR)","company":"Saltoro Coffee Roasters","location":"Noida","duration":"6 Months","stipend":"10,000-12,000 /month","applications":"Be an early applicant","skills":["English Proficiency (Spoken)","English Proficiency (Written)","MS-Excel","MS-Office","MS-Word"],"perks":[],"openings":"2"},{"url":"/internship/detail/human-resources-hr-work-from-home-job-internship-at-buildnetic1667582852","name":"Human Resources (HR)","company":"Buildnetic","location":"Work From Home","duration":"6 Months","stipend":"5,000 /month","applications":"42 applicants","skills":["English Proficiency (Spoken)","English Proficiency (Written)","MS-Excel","MS-Office","MS-Word","Recruitment"],"perks":["Certificate","5 days a week"],"openings":"1"},{"url":"/internship/detail/human-resources-hr-work-from-home-job-internship-at-eagle-eye-hr-services1667566671","name":"Human Resources (HR)","company":"Eagle Eye HR Services","location":"Work From Home","duration":"3 Months","stipend":"1,000 /month","applications":"Be an early applicant","skills":[],"perks":["Certificate"],"openings":"3"},{"url":"/internship/detail/human-resources-hr-internship-in-mumbai-at-traya-health1667584723","name":"Human Resources (HR)","company":"Traya Health","location":"Mumbai","duration":"3 Months","stipend":"10,000 /month","applications":"Be an early applicant","skills":["English Proficiency (Spoken)","English Proficiency (Written)","MS-Excel"],"perks":["Certificate","Informal dress code"],"openings":"4"},{"url":"/internship/detail/human-resources-hr-internship-in-ahmedabad-at-sarthee-consultancy1667565029","name":"Human Resources (HR)","company":"Sarthee Consultancy","location":"Ahmedabad","duration":"3 Months","stipend":"7,000 /month","applications":"Be an early applicant","skills":["English Proficiency (Spoken)","English Proficiency (Written)"],"perks":["Certificate","Letter of recommendation","Job offer"],"openings":"3"},{"url":"/internship/detail/human-resources-hr-part-time-job-internship-at-koramangala-in-breakout1667569200","name":"Human Resources (HR)","company":"Breakout","location":"Koramangala","duration":"6 Months","stipend":"5,000-8,000 /month","applications":"Be an early applicant","skills":["English Proficiency (Spoken)","MS-Excel","MS-Office"],"perks":["Certificate"],"openings":"1"},{"url":"/internship/detail/human-resources-hr-internship-in-mumbai-at-nasher-miles1667569547","name":"Human Resources (HR)","company":"Nasher Miles","location":"Mumbai","duration":"4 Months","stipend":"12,000 /month","applications":"Be an early applicant","skills":[],"perks":["Certificate","Letter of recommendation"],"openings":"1"},{"url":"/internship/detail/human-resources-hr-work-from-home-job-internship-at-linkruit1667557821","name":"Human Resources (HR)","company":"Linkruit","location":"Work From Home","duration":"6 Months","stipend":"5,000 /month","applications":"54 applicants","skills":["English Proficiency (Spoken)","English Proficiency (Written)","MS-Excel","Recruitment"],"perks":["Certificate"],"openings":"5"},{"url":"/internship/detail/human-resources-hr-internship-in-noida-at-stareye-media-entertainment-private-limited1667549614","name":"Human Resources (HR)","company":"Stareye Media & Entertainment Private Limited","location":"Noida","duration":"3 Months","stipend":"5,000-12,000 /month","applications":"33 applicants","skills":["English Proficiency (Spoken)","English Proficiency (Written)","MS-Excel","MS-Office"],"perks":["Certificate","Letter of recommendation","Flexible work hours","Informal dress code"],"openings":"5"},{"url":"/internship/detail/human-resources-hr-work-from-home-job-internship-at-navyug-think-india-foundation1667552146","name":"Human Resources (HR)","company":"Navyug Think India Foundation","location":"Work From Home","duration":"3 Months","stipend":"Unpaid","applications":"Be an early applicant","skills":["English Proficiency (Spoken)","English Proficiency (Written)","MS-Excel","MS-Office","MS-Word"],"perks":["Certificate","Letter of recommendation","Flexible work hours","Job offer"],"openings":"10"},{"url":"/internship/detail/human-resources-hr-internship-in-pune-at-taxblock1667555183","name":"Human Resources (HR)","company":"TaxBlock","location":"Pune","duration":"6 Months","stipend":"5,000 /month","applications":"Be an early applicant","skills":["MS-Excel","MS-Word"],"perks":[],"openings":"1"},{"url":"/internship/detail/research-recruitment-work-from-home-job-internship-at-avaesa1667625003","name":"Research (Recruitment)","company":"Avaesa","location":"Work From Home","duration":"2 Months","stipend":"5,000-10,000 /month","applications":"131 applicants","skills":["English Proficiency (Spoken)","English Proficiency (Written)","Google Suite (G Suite)","MS-Excel","MS-Office","Recruitment","Research and Analytics"],"perks":["Letter of recommendation","Flexible work hours"],"openings":"1"},{"url":"/internship/detail/human-resources-hr-internship-in-noida-at-thegeekjobs1667552446","name":"Human Resources (HR)","company":"TheGeekJobs","location":"Noida","duration":"2 Months","stipend":"10,000 /month","applications":"Be an early applicant","skills":["English Proficiency (Spoken)","English Proficiency (Written)","MS-Office"],"perks":["Certificate","Letter of recommendation","Flexible work hours","Informal dress code","5 days a week"],"openings":"5"},{"url":"/internship/detail/human-resources-hr-internship-in-delhi-at-isourse-technologies-private-limited1667544726","name":"Human Resources (HR)","company":"Isourse Technologies Private Limited","location":"Delhi","duration":"6 Months","stipend":"15,000 /month","applications":"Be an early applicant","skills":[],"perks":["Certificate","Letter of recommendation"],"openings":"2"},{"url":"/internship/detail/recruitment-work-from-home-job-internship-at-archslate1667535444","name":"Recruitment","company":"ArchSlate","location":"Work From Home","duration":"6 Months","stipend":"3,000 /month","applications":"40 applicants","skills":[],"perks":["Certificate","Letter of recommendation","Flexible work hours","5 days a week"],"openings":"6"},{"url":"/internship/detail/human-resources-hr-internship-in-chennai-at-clocktos-infotech1667536302","name":"Human Resources (HR)","company":"Clocktos Infotech","location":"Chennai","duration":"3 Months","stipend":"20,000-30,000 /month","applications":"Be an early applicant","skills":["English Proficiency (Spoken)","English Proficiency (Written)"],"perks":["Certificate","Letter of recommendation"],"openings":"1"},{"url":"/internship/detail/human-resources-hr-internship-in-mumbai-at-aqm-technologies-private-limited1667568836","name":"Human Resources (HR)","company":"AQM Technologies Private Limited","location":"Mumbai","duration":"3 Months","stipend":"12,000 /month","applications":"Be an early applicant","skills":["English Proficiency (Spoken)"],"perks":["Certificate","Letter of recommendation"],"openings":"3"},{"url":"/internship/detail/human-resources-hr-internship-in-raipur-at-dhandhopani1667541262","name":"Human Resources (HR)","company":"DhandhoPani","location":"Raipur","duration":"6 Months","stipend":"6,000-8,000 /month","applications":"Be an early applicant","skills":["English Proficiency (Spoken)","English Proficiency (Written)","MS-Excel","MS-Office","MS-Word"],"perks":["Certificate","Letter of recommendation","Flexible work hours","Free snacks & beverages"],"openings":"1"},{"url":"/internship/detail/human-resources-hr-internship-in-gurgaon-at-enser-communications-private-limited1667541974","name":"Human Resources (HR)","company":"Enser Communications Private Limited","location":"Gurgaon","duration":"3 Months","stipend":"15,000 /month","applications":"Be an early applicant","skills":["English Proficiency (Spoken)","MS-Excel"],"perks":["Certificate","Letter of recommendation"],"openings":"5"},{"url":"/internship/detail/recruitment-social-media-work-from-home-job-internship-at-mirus-solutions-private-limited1667564266","name":"Recruitment (Social Media)","company":"Mirus Solutions Private Limited","location":"Work From Home","duration":"3 Months","stipend":"5,000 /month","applications":"44 applicants","skills":["Operations","Social Media Marketing"],"perks":["Certificate","Flexible work hours","5 days a week"],"openings":"2"},{"url":"/internship/detail/it-recruitment-internship-in-nagpur-at-liberty-talent-search1667488517","name":"IT Recruitment","company":"Liberty Talent Search","location":"Nagpur","duration":"2 Months","stipend":"5,000 /month","applications":"Be an early applicant","skills":["English Proficiency (Spoken)","Recruitment"],"perks":["Certificate","Informal dress code"],"openings":"1"},{"url":"/internship/detail/human-resources-hr-internship-in-gurgaon-at-focus-energy-limited1667538436","name":"Human Resources (HR)","company":"Focus Energy Limited","location":"Gurgaon","duration":"6 Months","stipend":"5,000 /month","applications":"Be an early applicant","skills":["English Proficiency (Spoken)","English Proficiency (Written)","MS-Excel","MS-Office","MS-Word"],"perks":["Certificate","Letter of recommendation","Free snacks & beverages","Job offer"],"openings":"5"},{"url":"/internship/detail/human-resources-hr-internship-in-mohali-at-career-concepts1667495242","name":"Human Resources (HR)","company":"Career Concepts","location":"Mohali","duration":"6 Months","stipend":"5,000 /month + Incentives","applications":"Be an early applicant","skills":["English Proficiency (Spoken)","English Proficiency (Written)","MS-Office"],"perks":["Certificate","Letter of recommendation","Flexible work hours","5 days a week"],"openings":"2"},{"url":"/internship/detail/human-resources-hr-internship-in-multiple-locations-at-adhaan-solutions1667534991","name":"Human Resources (HR)","company":"Adhaan Solutions","location":"Bareilly","duration":"6 Months","stipend":"2,500 /month","applications":"Be an early applicant","skills":["English Proficiency (Spoken)","MS-Excel"],"perks":["Certificate","Letter of recommendation"],"openings":"3"},{"url":"/internship/detail/recruitment-work-from-home-job-internship-at-pawzz1667559004","name":"Recruitment","company":"Pawzz","location":"Work From Home","duration":"3 Months","stipend":"6,000 /month","applications":"102 applicants","skills":["Content Writing","Digital Marketing","English Proficiency (Spoken)","English Proficiency (Written)","HR Analytics","MS-Office","Recruitment","Sales and Marketing","Social Media Marketing"],"perks":["Certificate","Letter of recommendation"],"openings":"2"},{"url":"/internship/detail/human-resources-hr-internship-in-mumbai-at-azent-overseas-education1667553673","name":"Human Resources (HR)","company":"Azent Overseas Education","location":"Mumbai","duration":"3 Months","stipend":"15,000-17,000 /month","applications":"27 applicants","skills":["English Proficiency (Spoken)","MS-Excel"],"perks":["Certificate","Informal dress code","5 days a week"],"openings":"3"},{"url":"/internship/detail/human-resources-hr-work-from-home-job-internship-at-ozibook-tech-solutions-private-limited1667512102","name":"Human Resources (HR)","company":"Ozibook Tech Solutions Private Limited","location":"Work From Home","duration":"2 Months","stipend":"1,000 /month","applications":"57 applicants","skills":["Content Writing","Creative Writing","English Proficiency (Spoken)","English Proficiency (Written)"],"perks":["Certificate","Letter of recommendation","Flexible work hours"],"openings":"3"},{"url":"/internship/detail/human-resources-hr-internship-in-chennai-at-gfs-infotech-private-limited1667556407","name":"Human Resources (HR)","company":"GFS Infotech Private Limited","location":"Chennai","duration":"6 Months","stipend":"4,500-5,000 /month","applications":"Be an early applicant","skills":["English Proficiency (Spoken)","English Proficiency (Written)","Hindi Proficiency (Spoken)","MS-Excel","MS-Office"],"perks":["Flexible work hours","Job offer"],"openings":"1"}]}