{"success":40,"failed":0,"internships":[{"url":"/internship/detail/research-assistance-truck-driving-simulator-using-ets2-internship-in-bangalore-at-iisc-bangalore-cpdm1666857958","name":"Research Assistance (Truck Driving Simulator Using ETS2)","company":"IISC Bangalore CPDM","location":"Bangalore","duration":"6 Months","stipend":"25,000 /month","applications":"29 applicants","skills":["Adobe Photoshop","Blender 3D","Unity 3D","Unity Engine","Unreal Engine","Vector Dynamics"],"perks":["Informal dress code"],"openings":"1"},{"url":"/internship/detail/sme-biology-chemistry-work-from-home-job-internship-at-vedantu-innovations-private-limited1666414568","name":"SME (Biology-Chemistry)","company":"Vedantu Innovations Private Limited","location":"Work From Home","duration":"3 Months","stipend":"12,000 /month","applications":"541 applicants","skills":["Biology","Chemistry","MS-Office"],"perks":[],"openings":"2"},{"url":"/internship/detail/content-writing-mathematics-internship-in-bangalore-at-wizklub-learning1666703467","name":"Content Writing (Mathematics)","company":"WizKlub Learning","location":"Bangalore","duration":"2 Months","stipend":"20,000-25,000 /month","applications":"39 applicants","skills":["English Proficiency (Spoken)","English Proficiency (Written)"],"perks":["Certificate"],"openings":"5"},{"url":"/internship/detail/teaching-math-internship-in-delhi-at-unimonks1667388687","name":"Teaching - Math","company":"Unimonks","location":"Delhi","duration":"4 Months","stipend":"5,000-15,000 /month","applications":"Be an early applicant","skills":["Online Teaching"],"perks":["Certificate","Letter of recommendation"],"openings":"3"},{"url":"/internship/detail/academic-content-expert-for-physics-english-part-time-job-internship-at-varanasi-in-qa-solvers1667471144","name":"Academic Content Expert for Physics (English)","company":"QA Solvers","location":"Varanasi","duration":"4 Months","stipend":"17,000-25,000 /month","applications":"Be an early applicant","skills":["Content Writing","English Proficiency (Spoken)","English Proficiency (Written)","Online Teaching","Physics","Subject Matter Expert (SME)","Teaching"],"perks":["Certificate","Letter of recommendation","Flexible work hours"],"openings":"4"},{"url":"/internship/detail/academic-content-expert-for-mathematics-english-part-time-job-internship-at-varanasi-in-qa-solvers1667471260","name":"Academic Content Expert for Mathematics (English)","company":"QA Solvers","location":"Varanasi","duration":"4 Months","stipend":"17,000-25,000 /month","applications":"Be an early applicant","skills":["Content Writing","English Proficiency (Spoken)","English Proficiency (Written)","Mathematics","Online Teaching","Subject Matter Expert (SME)","Teaching"],"perks":["Certificate","Letter of recommendation","Flexible work hours"],"openings":"5"},{"url":"/internship/detail/academic-content-expert-in-chemistry-english-part-time-job-internship-at-varanasi-in-qa-solvers1667470986","name":"Academic Content Expert in Chemistry (English)","company":"QA Solvers","location":"Varanasi","duration":"4 Months","stipend":"17,000-23,000 /month","applications":"Be an early applicant","skills":["Chemistry","Content Writing","English Proficiency (Spoken)","English Proficiency (Written)","Online Teaching","Subject Matter Expert (SME)","Teaching"],"perks":["Certificate","Letter of recommendation"],"openings":"4"},{"url":"/internship/detail/content-writing-work-from-home-job-internship-at-anayesha-education-services1667582496","name":"Content Writing","company":"Anayesha Education Services","location":"Work From Home","duration":"1 Month","stipend":"5,000 /month","applications":"103 applicants","skills":["Biology","Chemistry","Mathematics","Physics"],"perks":["Certificate","Letter of recommendation","Flexible work hours"],"openings":"12"},{"url":"/internship/detail/nutrition-consultancy-work-from-home-job-internship-at-swap-dietetics-private-limited1667635155","name":"Nutrition Consultancy","company":"Swap Dietetics Private Limited","location":"Work From Home","duration":"3 Months","stipend":"5,000 /month","applications":"44 applicants","skills":[],"perks":["Certificate","Flexible work hours","5 days a week"],"openings":"3"},{"url":"/internship/detail/content-development-mathematics-work-from-home-job-internship-at-purple-tutor1667549289","name":"Content Development (Mathematics)","company":"Purple Tutor","location":"Work From Home","duration":"3 Months","stipend":"7,000 /month","applications":"Be an early applicant","skills":["Content Writing","English Proficiency (Spoken)","English Proficiency (Written)","Mathematics","MS-Office","Python"],"perks":[],"openings":"2"},{"url":"/internship/detail/content-development-maths-science-work-from-home-job-internship-at-infybytes-ai-labs-private-limited1667622915","name":"Content Development (Maths & Science)","company":"InfyBytes AI Labs Private Limited","location":"Work From Home","duration":"2 Months","stipend":"5,000 /month","applications":"73 applicants","skills":["English Proficiency (Written)","Subject Matter Expert (SME)"],"perks":["Certificate","Letter of recommendation","Flexible work hours"],"openings":"10"},{"url":"/internship/detail/subject-matter-expert-statistics-work-from-home-job-internship-at-mymegaminds1667574797","name":"Subject Matter Expert (Statistics)","company":"MyMegaminds","location":"Work From Home","duration":"2 Months","stipend":"2,000-2,500 /week","applications":"67 applicants","skills":["Algorithms","Database Testing","MS-Excel","SPSS","Statistical Modeling","Statistics"],"perks":["Certificate","Letter of recommendation","Flexible work hours"],"openings":"5"},{"url":"/internship/detail/teaching-mathematics-physics-internship-in-bangalore-at-cadeto-india1667544478","name":"Teaching (Mathematics & Physics)","company":"Cadeto India","location":"Bangalore","duration":"6 Months","stipend":"15,000-25,000 /month","applications":"Be an early applicant","skills":["English Proficiency (Spoken)","Mathematics","Physics"],"perks":["Certificate"],"openings":"1"},{"url":"/internship/detail/teaching-physics-iit-jee-work-from-home-job-internship-at-iitianguide1667568454","name":"Teaching (Physics-IIT JEE)","company":"IITIANGUIDE","location":"Work From Home","duration":"4 Months","stipend":"20,000-50,000 /month","applications":"29 applicants","skills":[],"perks":["Certificate","Letter of recommendation","Flexible work hours"],"openings":"10"},{"url":"/internship/detail/chemistry-tutoring-sme-work-from-home-job-internship-at-tvm-e-learning1667568416","name":"Chemistry Tutoring (SME)","company":"TVM E-Learning","location":"Work From Home","duration":"6 Months","stipend":"14,000-18,000 /month","applications":"44 applicants","skills":["MS-Excel","MS-Office","Physics","Subject Matter Expert (SME)"],"perks":["Certificate","Letter of recommendation","Flexible work hours"],"openings":"5"},{"url":"/internship/detail/subject-matter-expert-mathematics-work-from-home-job-internship-at-muenot1667565191","name":"Subject Matter Expert (Mathematics)","company":"Muenot","location":"Work From Home","duration":"3 Months","stipend":"20,000 /month","applications":"44 applicants","skills":["English Proficiency (Spoken)","English Proficiency (Written)","Mathematics","Online Teaching","Teaching"],"perks":["Certificate","Flexible work hours"],"openings":"5"},{"url":"/internship/detail/teaching-pcmb-work-from-home-job-internship-at-retrograde-innovations-private-limited1667564972","name":"Teaching (PCMB)","company":"Retrograde Innovations Private Limited","location":"Work From Home","duration":"6 Months","stipend":"2,000-15,000 /month","applications":"65 applicants","skills":["Biology","Chemistry","Mathematics","Online Teaching","Physics","Subject Matter Expert (SME)","Teaching"],"perks":["5 days a week"],"openings":"10"},{"url":"/internship/detail/statistics-tutoring-sme-work-from-home-job-internship-at-tvm-e-learning1667541799","name":"Statistics Tutoring (SME)","company":"TVM E-Learning","location":"Work From Home","duration":"6 Months","stipend":"14,000-18,000 /month","applications":"Be an early applicant","skills":["Statistics","Subject Matter Expert (SME)"],"perks":["Certificate"],"openings":"3"},{"url":"/internship/detail/subject-matter-expert-mathematics-physics-work-from-home-job-internship-at-dimentics-info-tech-private-limited1667564666","name":"Subject Matter Expert (Mathematics & Physics)","company":"Dimentics Info Tech Private Limited","location":"Work From Home","duration":"2 Months","stipend":"10,000-12,000 /month","applications":"73 applicants","skills":["Mathematics","MS-Office","Physics","Subject Matter Expert (SME)"],"perks":["Certificate","Letter of recommendation","Flexible work hours","5 days a week"],"openings":"50"},{"url":"/internship/detail/fitness-nutrition-internship-in-mumbai-navi-mumbai-at-prajna-self-care1667557523","name":"Fitness & Nutrition","company":"Prajna Self Care","location":"Mumbai","duration":"3 Months","stipend":"7,000-10,000 /month","applications":"Be an early applicant","skills":["MS-Excel","MS-Office","MS-PowerPoint","MS-Word"],"perks":["Certificate","Letter of recommendation","5 days a week"],"openings":"2"},{"url":"/internship/detail/subject-matter-expert-medical-internship-in-jaipur-at-requin-solutions-private-limited1667556613","name":"Subject Matter Expert (Medical)","company":"Requin Solutions Private Limited","location":"Jaipur","duration":"6 Months","stipend":"10,000-12,000 /month","applications":"Be an early applicant","skills":["Biology"],"perks":[],"openings":"10"},{"url":"/internship/detail/subject-matter-expert-sme-cds-and-nda-exam-work-from-home-job-internship-at-physics-wallah1667458154","name":"Subject Matter Expert (SME)- CDS And NDA Exam","company":"Physics Wallah","location":"Work From Home","duration":"3 Months","stipend":"10,000-12,000 /month","applications":"162 applicants","skills":[],"perks":["Flexible work hours"],"openings":"10"},{"url":"/internship/detail/text-solutions-compact-answering-physics-business-studies-mathematics-law-humanities-work-from-home-job-internship-at-cloudbird-digital-private-limited1667555196","name":"Text Solutions - Compact Answering (Physics/Business Studies/Mathematics/Law/Humanities)","company":"CloudBird Digital Private Limited","location":"Work From Home","duration":"3 Months","stipend":"7,000-8,000 /month","applications":"175 applicants","skills":["Accounting","Mathematics","Physics"],"perks":["Certificate","Flexible work hours"],"openings":"20"},{"url":"/internship/detail/environmental-social-governance-internship-in-delhi-at-vmc-management-consulting-private-limited1667554033","name":"Environmental Social Governance","company":"VMC Management Consulting Private Limited","location":"Delhi","duration":"6 Months","stipend":"15,000 /month","applications":"29 applicants","skills":[],"perks":["Certificate"],"openings":"2"},{"url":"/internship/detail/nutrition-dietetics-internship-in-multiple-locations-at-food-safety-services1667551098","name":"Nutrition & Dietetics","company":"Food Safety Services","location":"Aurangabad","duration":"6 Months","stipend":"7,000 /month","applications":"Be an early applicant","skills":["English Proficiency (Spoken)","Marathi Proficiency(Written)"],"perks":["Certificate"],"openings":"100"},{"url":"/internship/detail/quality-analysis-biology-work-from-home-job-internship-at-qa-solvers1667548871","name":"Quality Analysis (Biology)","company":"QA Solvers","location":"Work From Home","duration":"3 Months","stipend":"12,000-15,000 /month","applications":"218 applicants","skills":["Biology","English Proficiency (Spoken)","English Proficiency (Written)"],"perks":["Letter of recommendation","Flexible work hours"],"openings":"3"},{"url":"/internship/detail/pure-hindi-video-solution-pcmb-work-from-home-job-internship-at-zee-edtech1667548784","name":"Pure Hindi Video Solution (PCMB)","company":"Zee Edtech","location":"Work From Home","duration":"1 Month","stipend":"10,000-20,000 /month","applications":"34 applicants","skills":["Biology","Chemistry","Hindi Proficiency (Spoken)","Hindi Proficiency (Written)","Mathematics","Physics"],"perks":["Certificate","Flexible work hours"],"openings":"10"},{"url":"/internship/detail/quality-analysis-chemistry-work-from-home-job-internship-at-qa-solvers1667548125","name":"Quality Analysis (Chemistry)","company":"QA Solvers","location":"Work From Home","duration":"3 Months","stipend":"12,000-15,000 /month","applications":"78 applicants","skills":["Chemistry","English Proficiency (Spoken)","English Proficiency (Written)"],"perks":["Letter of recommendation","Flexible work hours"],"openings":"3"},{"url":"/internship/detail/quality-analysis-physics-work-from-home-job-internship-at-qa-solvers1667547208","name":"Quality Analysis (Physics)","company":"QA Solvers","location":"Work From Home","duration":"3 Months","stipend":"12,000-15,000 /month","applications":"58 applicants","skills":["English Proficiency (Spoken)","English Proficiency (Written)","Physics"],"perks":["Certificate","Letter of recommendation","Flexible work hours"],"openings":"3"},{"url":"/internship/detail/quality-analysis-mathematics-work-from-home-job-internship-at-qa-solvers1667547293","name":"Quality Analysis (Mathematics)","company":"QA Solvers","location":"Work From Home","duration":"3 Months","stipend":"12,000-15,000 /month","applications":"96 applicants","skills":["English Proficiency (Spoken)","English Proficiency (Written)","Mathematics"],"perks":["Certificate","Letter of recommendation","Flexible work hours"],"openings":"3"},{"url":"/internship/detail/subject-matter-expert-cse-probability-statistics-work-from-home-job-internship-at-quesba-edutech-private-limited1667545063","name":"Subject Matter Expert (CSE/Probability Statistics)","company":"Quesba Edutech Private Limited","location":"Work From Home","duration":"4 Months","stipend":"10,000 /month + Incentives","applications":"Be an early applicant","skills":[],"perks":["Certificate","Flexible work hours"],"openings":"20"},{"url":"/internship/detail/teaching-chemistry-science-part-time-job-internship-at-bangalore-in-cadeto-india1667544446","name":"Teaching (Chemistry & Science)","company":"Cadeto India","location":"Bangalore","duration":"6 Months","stipend":"5,000-25,000 /month","applications":"Be an early applicant","skills":["Chemistry","English Proficiency (Spoken)","Physics"],"perks":["Certificate","Letter of recommendation","Job offer"],"openings":"1"},{"url":"/internship/detail/subject-matter-expert-sme-banking-and-tet-exam-work-from-home-job-internship-at-physics-wallah1667458485","name":"Subject Matter Expert (SME)- Banking And TET Exam","company":"Physics Wallah","location":"Work From Home","duration":"3 Months","stipend":"10,000-12,000 /month","applications":"78 applicants","skills":[],"perks":["Flexible work hours"],"openings":"10"},{"url":"/internship/detail/digital-marketing-nutrition-and-fitness-work-from-home-job-internship-at-rbfwg1667489086","name":"Digital Marketing (Nutrition and Fitness)","company":"RBFWG","location":"Work From Home","duration":"3 Months","stipend":"5,900 lump sum + Incentives","applications":"Be an early applicant","skills":["Adobe Photoshop","Canva","MS-Excel","MS-PowerPoint","Video Editing"],"perks":["Certificate","Letter of recommendation","Flexible work hours","5 days a week"],"openings":"1"},{"url":"/internship/detail/pharmaceutical-internship-in-hyderabad-at-afaq-clinics1667456676","name":"Pharmaceutical","company":"Afaq Clinics","location":"Hyderabad","duration":"6 Months","stipend":"7,000-13,000 /month","applications":"Be an early applicant","skills":["Client Relationship"],"perks":[],"openings":"4"},{"url":"/internship/detail/chemistry-dairy-industry-internship-in-multiple-locations-at-asha-mahila-milk-producer-company-limited1667480199","name":"Chemistry (Dairy Industry)","company":"Asha Mahila Milk Producer Company Limited","location":"Sheoganj","duration":"6 Months","stipend":"12,500 /month","applications":"Be an early applicant","skills":[],"perks":["Job offer"],"openings":"6"},{"url":"/internship/detail/physics-internship-in-chennai-at-spacetug-private-limited1667478463","name":"Physics","company":"SpaceTug Private Limited","location":"Chennai","duration":"6 Months","stipend":"2,000 /month","applications":"Be an early applicant","skills":["Research and Analytics","Statistical Modeling"],"perks":["Certificate","Letter of recommendation","Flexible work hours","Informal dress code","5 days a week"],"openings":"4"},{"url":"/internship/detail/subject-matter-expert-sme-work-from-home-job-internship-at-tuetal1667458731","name":"Subject Matter Expert (SME)","company":"Tuetal","location":"Work From Home","duration":"4 Months","stipend":"18,000-37,500 /month","applications":"42 applicants","skills":["English Proficiency (Written)","Mathematics","MS-Office"],"perks":["Certificate","Letter of recommendation","Flexible work hours"],"openings":"20"},{"url":"/internship/detail/teaching-chemistry-ib-igsce-board-work-from-home-job-internship-at-auriv-learning1667409382","name":"Teaching Chemistry (IB/IGSCE Board)","company":"Auriv Learning","location":"Work From Home","duration":"2 Months","stipend":"10,000 /month","applications":"40 applicants","skills":[],"perks":["Certificate","Letter of recommendation","Flexible work hours","5 days a week"],"openings":"4"},{"url":"/internship/detail/teaching-physics-ib-igcse-board-work-from-home-job-internship-at-auriv-learning1667409400","name":"Teaching Physics (IB/IGCSE Board)","company":"Auriv Learning","location":"Work From Home","duration":"2 Months","stipend":"10,000 /month","applications":"33 applicants","skills":[],"perks":["Certificate","Letter of recommendation","Flexible work hours","5 days a week"],"openings":"4"}]}