{"success":40,"failed":0,"internships":[{"url":"/internship/detail/copywriting-internship-in-gurgaon-at-lecturenotes1667200368","name":"Copywriting","company":"LectureNotes","location":"Gurgaon","duration":"3 Months","stipend":"5,000-10,000 /month","applications":"64 applicants","skills":["Copywriting","Creative Writing","English Proficiency (Spoken)","English Proficiency (Written)"],"perks":[],"openings":"2"},{"url":"/internship/detail/search-engine-optimization-seo-internship-in-multiple-locations-at-omninos-technologies-international-private-limited1667394400","name":"Search Engine Optimization (SEO)","company":"Omninos Technologies International Private Limited","location":"Patiala","duration":"6 Months","stipend":"7,000-12,000 /month","applications":"Be an early applicant","skills":["Digital Marketing","English Proficiency (Written)","Google AdWords","Google Analytics","Search Engine Marketing (SEM)","Search Engine Optimization (SEO)","Social Media Marketing"],"perks":["Certificate","Letter of recommendation","Flexible work hours","Informal dress code","5 days a week"],"openings":"4"},{"url":"/internship/detail/search-engine-optimization-seo-internship-in-pune-at-cast-india1667297908","name":"Search Engine Optimization (SEO)","company":"Cast India","location":"Pune","duration":"6 Months","stipend":"7,000 /month","applications":"32 applicants","skills":["Digital Marketing","Search Engine Optimization (SEO)","Social Media Marketing"],"perks":["Certificate","Letter of recommendation","5 days a week"],"openings":"3"},{"url":"/internship/detail/social-media-marketing-instagram-internship-in-delhi-at-stirring-minds1667413133","name":"Social Media Marketing (Instagram)","company":"Stirring Minds","location":"Delhi","duration":"3 Months","stipend":"5,000-7,000 /month","applications":"33 applicants","skills":["Adobe Photoshop","Canva","Creative Writing","Video Editing","Video Making"],"perks":["Certificate","Informal dress code","Free snacks & beverages"],"openings":"2"},{"url":"/internship/detail/social-media-marketing-instagram-internship-in-delhi-at-stirring-minds1667413139","name":"Social Media Marketing (Instagram)","company":"Stirring Minds","location":"Delhi","duration":"3 Months","stipend":"7,000-9,000 /month","applications":"32 applicants","skills":[],"perks":["Certificate","Letter of recommendation","Informal dress code","Free snacks & beverages"],"openings":"2"},{"url":"/internship/detail/social-media-marketing-internship-in-delhi-at-stirring-minds1667413038","name":"Social Media Marketing","company":"Stirring Minds","location":"Delhi","duration":"6 Months","stipend":"7,000-10,000 /month","applications":"Be an early applicant","skills":["Creative Writing","Digital Marketing","Instagram Marketing","Social Media Marketing"],"perks":["Certificate","Letter of recommendation","Informal dress code","Free snacks & beverages"],"openings":"4"},{"url":"/internship/detail/content-seo-writing-internship-in-pune-at-amberstudent1667461878","name":"Content & SEO Writing","company":"AmberStudent","location":"Pune","duration":"6 Months","stipend":"18,000 /month","applications":"Be an early applicant","skills":["Content Writing","Search Engine Optimization (SEO)"],"perks":["Certificate","Letter of recommendation","Informal dress code","Free snacks & beverages"],"openings":"4"},{"url":"/internship/detail/digital-marketing-internship-in-faridabad-at-designmocha-breathing-crafts-private-limited1665665999","name":"Digital Marketing","company":"Designmocha (Breathing Crafts Private Limited)","location":"Faridabad","duration":"6 Months","stipend":"4,000-8,000 /month","applications":"Be an early applicant","skills":["Content Writing","Digital Marketing","Search Engine Optimization (SEO)"],"perks":["Certificate","Letter of recommendation","Informal dress code","Job offer"],"openings":"4"},{"url":"/internship/detail/social-media-management-internship-in-raipur-at-vsnapu1666853881","name":"Social Media Management","company":"VsnapU","location":"Raipur","duration":"6 Months","stipend":"5,000-10,000 /month","applications":"Be an early applicant","skills":["Content Writing","English Proficiency (Spoken)","English Proficiency (Written)","Social Media Marketing"],"perks":["Certificate","Letter of recommendation"],"openings":"1"},{"url":"/internship/detail/search-engine-optimization-seo-internship-in-bangalore-mumbai-at-aastey1667477998","name":"Search Engine Optimization (SEO)","company":"Aastey","location":"Bangalore","duration":"3 Months","stipend":"8,000 /month","applications":"27 applicants","skills":["Digital Marketing","English Proficiency (Written)","Google AdWords","Google Analytics","Search Engine Marketing (SEM)","Search Engine Optimization (SEO)","Social Media Marketing"],"perks":["Certificate","Informal dress code","Free snacks & beverages"],"openings":"2"},{"url":"/internship/detail/marketing-script-writing-internship-in-bangalore-at-pereyan-llp1667195937","name":"Marketing Script Writing","company":"Pereyan LLP","location":"Bangalore","duration":"6 Months","stipend":"5,000-15,000 /month","applications":"Be an early applicant","skills":["Content Marketing","Digital Marketing","Email Marketing","Facebook Marketing","Instagram Marketing","Sales and Marketing","Search Engine Marketing (SEM)","Social Media Marketing"],"perks":[],"openings":"1"},{"url":"/internship/detail/search-engine-optimization-seo-internship-in-bangalore-at-infotanks-media1667563008","name":"Search Engine Optimization (SEO)","company":"Infotanks Media","location":"Bangalore","duration":"4 Months","stipend":"6,000-10,000 /month","applications":"Be an early applicant","skills":["Digital Marketing","English Proficiency (Written)","Search Engine Marketing (SEM)","Search Engine Optimization (SEO)","Social Media Marketing"],"perks":["Certificate","Letter of recommendation","5 days a week","Job offer"],"openings":"3"},{"url":"/internship/detail/search-engine-optimization-seo-internship-in-gurgaon-at-antino-labs-private-limited1666771105","name":"Search Engine Optimization (SEO)","company":"Antino Labs Private Limited","location":"Gurgaon","duration":"6 Months","stipend":"15,000 /month","applications":"72 applicants","skills":["Search Engine Marketing (SEM)","Search Engine Optimization (SEO)"],"perks":["Certificate","Letter of recommendation","Flexible work hours","5 days a week"],"openings":"4"},{"url":"/internship/detail/content-writing-work-from-home-job-internship-at-kodenative-technology-private-limited1667571680","name":"Content Writing","company":"Kodenative Technology Private Limited","location":"Work From Home","duration":"6 Months","stipend":"5,000 /month","applications":"37 applicants","skills":["Blogging","Creative Writing","Digital Marketing","English Proficiency (Spoken)","English Proficiency (Written)","Search Engine Optimization (SEO)","Social Media Marketing","WordPress"],"perks":["Certificate","Flexible work hours"],"openings":"1"},{"url":"/internship/detail/search-engine-optimization-seo-work-from-home-job-internship-at-flickzee1667573436","name":"Search Engine Optimization (SEO)","company":"FlickZee","location":"Work From Home","duration":"3 Months","stipend":"5,000-7,000 /month","applications":"Be an early applicant","skills":["English Proficiency (Written)","Search Engine Optimization (SEO)"],"perks":["Certificate","Letter of recommendation"],"openings":"1"},{"url":"/internship/detail/pay-per-click-search-engine-marketing-internship-in-bangalore-at-percoyo-private-limited1667565950","name":"Pay Per Click (Search Engine Marketing)","company":"Percoyo Private Limited","location":"Bangalore","duration":"6 Months","stipend":"5,000-8,000 /month","applications":"Be an early applicant","skills":["Digital Advertising","Digital Marketing","English Proficiency (Spoken)","English Proficiency (Written)","Google AdWords","Google Analytics","MS-Excel","Search Engine Marketing (SEM)"],"perks":["Certificate","Letter of recommendation","Informal dress code","Free snacks & beverages"],"openings":"1"},{"url":"/internship/detail/content-writing-work-from-home-job-internship-at-the-learn-cloud1667562833","name":"Content Writing","company":"The Learn Cloud","location":"Work From Home","duration":"6 Months","stipend":"10,000 /month","applications":"139 applicants","skills":["Blogging","Creative Writing","Digital Marketing","English Proficiency (Spoken)","English Proficiency (Written)","Search Engine Optimization (SEO)","Social Media Marketing"],"perks":["Certificate","Letter of recommendation","Job offer"],"openings":"4"},{"url":"/internship/detail/blogging-work-from-home-job-internship-at-lawtech1667636859","name":"Blogging","company":"Lawtech","location":"Work From Home","duration":"4 Months","stipend":"7,000-10,000 /month","applications":"103 applicants","skills":["Content Writing","English Proficiency (Written)","Search Engine Optimization (SEO)","Social Media Marketing"],"perks":["Certificate","Letter of recommendation"],"openings":"4"},{"url":"/internship/detail/business-growth-internship-in-gurgaon-at-cur81667549750","name":"Business Growth","company":"CUR8","location":"Gurgaon","duration":"3 Months","stipend":"15,000 /month","applications":"Be an early applicant","skills":["Business Analysis","Business Research"],"perks":["Job offer"],"openings":"2"},{"url":"/internship/detail/search-engine-marketing-internship-in-bangalore-at-religh-technologies-private-limited1667633676","name":"Search Engine Marketing","company":"Religh Technologies Private Limited","location":"Bangalore","duration":"6 Months","stipend":"8,500 /month","applications":"Be an early applicant","skills":[],"perks":["Flexible work hours","Informal dress code","5 days a week"],"openings":"1"},{"url":"/internship/detail/search-engine-optimization-seo-work-from-home-job-internship-at-happimynd1667317734","name":"Search Engine Optimization (SEO)","company":"HappiMynd","location":"Work From Home","duration":"6 Months","stipend":"8,000 /month","applications":"61 applicants","skills":[],"perks":["Certificate","Letter of recommendation","Flexible work hours"],"openings":"9"},{"url":"/internship/detail/search-engine-optimization-seo-work-from-home-job-internship-at-digital-ipsum1667616581","name":"Search Engine Optimization (SEO)","company":"Digital Ipsum","location":"Work From Home","duration":"3 Months","stipend":"4,000 /month","applications":"27 applicants","skills":["English Proficiency (Spoken)","English Proficiency (Written)","Hindi Proficiency (Spoken)","Search Engine Optimization (SEO)"],"perks":["Certificate","Letter of recommendation"],"openings":"3"},{"url":"/internship/detail/search-engine-optimization-seo-part-time-job-internship-at-multiple-locations-in-mahezon1667600274","name":"Search Engine Optimization (SEO)","company":"Mahezon","location":"Delhi","duration":"2 Months","stipend":"3,500-4,000 /month","applications":"Be an early applicant","skills":["English Proficiency (Written)","Google Analytics","Search Engine Optimization (SEO)","Social Media Marketing"],"perks":["Certificate","Letter of recommendation","Flexible work hours","Informal dress code"],"openings":"2"},{"url":"/internship/detail/search-engine-optimization-seo-work-from-home-job-internship-at-betterzila-changumangu-solutions-llp1667575268","name":"Search Engine Optimization (SEO)","company":"Betterzila (Changumangu Solutions LLP)","location":"Work From Home","duration":"4 Months","stipend":"10,000-20,000 /month","applications":"65 applicants","skills":["Search Engine Optimization (SEO)"],"perks":[],"openings":"1"},{"url":"/internship/detail/digital-marketing-internship-in-multiple-locations-at-cebs1667566676","name":"Digital Marketing","company":"CEBS","location":"Delhi","duration":"6 Months","stipend":"8,000 /month","applications":"Be an early applicant","skills":["Creative Writing","Digital Marketing","Email Marketing","English Proficiency (Spoken)","English Proficiency (Written)","Facebook Marketing","Instagram Marketing","Search Engine Marketing (SEM)","Search Engine Optimization (SEO)","Social Media Marketing"],"perks":["Certificate","Letter of recommendation","Informal dress code"],"openings":"4"},{"url":"/internship/detail/digital-marketing-internship-in-indore-at-crazyonweb1667462863","name":"Digital Marketing","company":"Crazyonweb","location":"Indore","duration":"3 Months","stipend":"5,000 /month","applications":"Be an early applicant","skills":["Creative Writing","Digital Marketing","Email Marketing","English Proficiency (Spoken)","English Proficiency (Written)","Facebook Marketing","Instagram Marketing","Search Engine Marketing (SEM)","Search Engine Optimization (SEO)","Social Media Marketing"],"perks":["Certificate","Letter of recommendation","Flexible work hours"],"openings":"2"},{"url":"/internship/detail/search-engine-optimization-seo-work-from-home-job-internship-at-solulab1667480272","name":"Search Engine Optimization (SEO)","company":"SoluLab","location":"Work From Home","duration":"6 Months","stipend":"6,000 /month","applications":"32 applicants","skills":["Search Engine Optimization (SEO)"],"perks":["Certificate","5 days a week","Job offer"],"openings":"2"},{"url":"/internship/detail/content-writing-internship-in-mumbai-at-traininginbox-edtech-private-limited1667532952","name":"Content Writing","company":"TrainingInbox Edtech Private Limited","location":"Mumbai","duration":"3 Months","stipend":"5,000-10,000 /month","applications":"Be an early applicant","skills":["Blogging","Creative Writing","Digital Marketing","English Proficiency (Spoken)","English Proficiency (Written)"],"perks":["Certificate","Flexible work hours","5 days a week","Free snacks & beverages"],"openings":"5"},{"url":"/internship/detail/off-page-seo-work-from-home-job-internship-at-tractorgyan-rapsa-technolpogies-private-limited1667481050","name":"Off-Page SEO","company":"TractorGyan (Rapsa Technolpogies Private Limited)","location":"Work From Home","duration":"3 Months","stipend":"6,000-8,000 /month","applications":"38 applicants","skills":["MS-Excel","Search Engine Optimization (SEO)"],"perks":["Certificate","Letter of recommendation","Flexible work hours"],"openings":"5"},{"url":"/internship/detail/search-engine-optimization-seo-work-from-home-job-internship-at-future-insights1667554378","name":"Search Engine Optimization (SEO)","company":"Future Insights","location":"Work From Home","duration":"2 Months","stipend":"2,000-2,500 /month","applications":"Be an early applicant","skills":[],"perks":["Certificate","Flexible work hours"],"openings":"2"},{"url":"/internship/detail/search-engine-optimization-seo-internship-in-delhi-noida-at-laxmi-traders1667481110","name":"Search Engine Optimization (SEO)","company":"Laxmi Traders","location":"Delhi","duration":"2 Months","stipend":"8,000 /month","applications":"Be an early applicant","skills":["Digital Marketing","Google AdWords","Google Analytics","Search Engine Marketing (SEM)","Search Engine Optimization (SEO)","Social Media Marketing"],"perks":[],"openings":"1"},{"url":"/internship/detail/search-engine-optimization-seo-internship-in-multiple-locations-at-the-digi-jugad1667459370","name":"Search Engine Optimization (SEO)","company":"The Digi Jugad","location":"Bhilai","duration":"3 Months","stipend":"2,000-5,000 /month","applications":"Be an early applicant","skills":["Digital Marketing","English Proficiency (Written)","Google AdWords","Google Analytics","Search Engine Marketing (SEM)","Search Engine Optimization (SEO)","Social Media Marketing"],"perks":["Certificate","Letter of recommendation"],"openings":"4"},{"url":"/internship/detail/search-engine-optimization-seo-work-from-home-job-internship-at-quadra-services1667507884","name":"Search Engine Optimization (SEO)","company":"Quadra Services","location":"Work From Home","duration":"3 Months","stipend":"5,000 /month","applications":"Be an early applicant","skills":["Search Engine Marketing (SEM)","Search Engine Optimization (SEO)"],"perks":["Certificate","Letter of recommendation"],"openings":"1"},{"url":"/internship/detail/digital-marketing-internship-in-multiple-locations-at-pinacle-web-india1667456575","name":"Digital Marketing","company":"Pinacle Web India","location":"Thane","duration":"3 Months","stipend":"2,000 /month","applications":"Be an early applicant","skills":["Digital Marketing","Email Marketing","Facebook Marketing","Google AdWords","Instagram Marketing","Search Engine Marketing (SEM)","Search Engine Optimization (SEO)","Social Media Marketing"],"perks":["Certificate","Letter of recommendation","Job offer"],"openings":"15"},{"url":"/internship/detail/search-engine-optimization-seo-internship-in-delhi-at-dignifyd-digital-solutions1667477985","name":"Search Engine Optimization (SEO)","company":"Dignifyd Digital Solutions","location":"Delhi","duration":"6 Months","stipend":"16,000-20,000 /month","applications":"Be an early applicant","skills":["Content Marketing","Content Writing","Creative Writing","Digital Marketing","English Proficiency (Written)","Google AdWords","Google Analytics","Search Engine Marketing (SEM)","Search Engine Optimization (SEO)"],"perks":["Certificate","Letter of recommendation","Flexible work hours"],"openings":"1"},{"url":"/internship/detail/content-writing-internship-in-gurgaon-at-jollee1667464267","name":"Content Writing","company":"Jollee","location":"Gurgaon","duration":"1 Month","stipend":"12,000-18,000 /month","applications":"Be an early applicant","skills":["Blogging","Creative Writing","English Proficiency (Spoken)","English Proficiency (Written)","Social Media Marketing"],"perks":["Certificate","Letter of recommendation","Informal dress code"],"openings":"2"},{"url":"/internship/detail/content-writing-work-from-home-job-internship-at-fidency-india-llp1667475562","name":"Content Writing","company":"Fidency India LLP","location":"Work From Home","duration":"2 Months","stipend":"5,000 lump sum","applications":"109 applicants","skills":["Blogging","Content Writing","English Proficiency (Written)"],"perks":["Certificate","Letter of recommendation","Flexible work hours","5 days a week","Job offer"],"openings":"3"},{"url":"/internship/detail/content-writing-seo-work-from-home-job-internship-at-saga-media1667413970","name":"Content Writing & SEO","company":"Saga Media","location":"Work From Home","duration":"2 Months","stipend":"1,000-5,000 /month","applications":"Be an early applicant","skills":["Content Marketing","Content Writing","Google Analytics","Search Engine Optimization (SEO)"],"perks":["Certificate","Letter of recommendation","Flexible work hours"],"openings":"10"},{"url":"/internship/detail/search-engine-optimization-seo-work-from-home-job-internship-at-pjp-digital1667404411","name":"Search Engine Optimization (SEO)","company":"PJP Digital","location":"Work From Home","duration":"6 Months","stipend":"5,000-8,000 /month","applications":"43 applicants","skills":["Digital Marketing","English Proficiency (Written)","Google AdWords","Google Analytics","Search Engine Optimization (SEO)"],"perks":["Certificate","Flexible work hours","Job offer"],"openings":"1"},{"url":"/internship/detail/search-engine-optimization-seo-part-time-job-internship-at-indore-in-freelancer-it-services1667469510","name":"Search Engine Optimization (SEO)","company":"Freelancer IT Services","location":"Indore","duration":"3 Months","stipend":"3,000-5,000 /month","applications":"Be an early applicant","skills":[],"perks":["Certificate","Letter of recommendation","Flexible work hours","5 days a week"],"openings":"2"}]}