{"success":40,"failed":0,"internships":[{"url":"/internship/detail/social-media-marketing-part-time-job-internship-at-ghaziabad-in-fashion-tv-india1667570425","name":"Social Media Marketing","company":"Fashion TV India","location":"Ghaziabad","duration":"3 Months","stipend":"6,000 /month","applications":"Be an early applicant","skills":["Creative Writing","Digital Marketing","English Proficiency (Written)","Instagram Marketing","Search Engine Optimization (SEO)","Social Media Marketing"],"perks":["Certificate","Letter of recommendation","Informal dress code","Free snacks & beverages","Job offer"],"openings":"4"},{"url":"/internship/detail/social-media-marketing-internship-in-chennai-at-saregama-india-limited1667454376","name":"Social Media Marketing","company":"Saregama India Limited","location":"Chennai","duration":"3 Months","stipend":"5,000-10,000 /month","applications":"Be an early applicant","skills":["English Proficiency (Spoken)","English Proficiency (Written)","Social Media Marketing"],"perks":["Certificate","Flexible work hours","5 days a week"],"openings":"1"},{"url":"/internship/detail/social-media-marketing-work-from-home-job-internship-at-hindustan-times-media-limited1667298876","name":"Social Media Marketing","company":"Hindustan Times Media Limited","location":"Work From Home","duration":"3 Months","stipend":"5,000 /month","applications":"275 applicants","skills":["Creative Writing","English Proficiency (Written)","Facebook Marketing","Instagram Marketing","Social Media Marketing"],"perks":["Certificate","Letter of recommendation","Flexible work hours"],"openings":"2"},{"url":"/internship/detail/social-media-marketing-internship-in-mumbai-at-hungama-digital-media-entertainment-private-limited1667379953","name":"Social Media Marketing","company":"Hungama Digital Media Entertainment Private Limited","location":"Mumbai","duration":"3 Months","stipend":"5,000 /month","applications":"61 applicants","skills":["Creative Writing","Digital Marketing","English Proficiency (Spoken)","English Proficiency (Written)","Instagram Marketing","MS-Excel","Social Media Marketing"],"perks":["Certificate","Informal dress code"],"openings":"1"},{"url":"/internship/detail/operations-internship-in-mumbai-at-hungama-digital-media-entertainment-private-limited1667200706","name":"Operations","company":"Hungama Digital Media Entertainment Private Limited","location":"Mumbai","duration":"3 Months","stipend":"5,000 /month","applications":"84 applicants","skills":["English Proficiency (Spoken)","English Proficiency (Written)","MS-Excel","Social Media Marketing"],"perks":["Certificate","Letter of recommendation","Informal dress code"],"openings":"1"},{"url":"/internship/detail/digital-marketing-internship-in-mumbai-at-viscomm-360-communications-private-limited1667190502","name":"Digital Marketing","company":"VISCOMM 360 Communications Private Limited","location":"Mumbai","duration":"3 Months","stipend":"10,000-25,000 /month","applications":"26 applicants","skills":["Client Relationship","Digital Advertising","Digital Marketing","Display Advertising","English Proficiency (Spoken)","English Proficiency (Written)","Facebook Marketing","Instagram Marketing","Search Engine Marketing (SEM)","Social Media Marketing"],"perks":["Certificate","Letter of recommendation","Informal dress code","5 days a week","Free snacks & beverages"],"openings":"1"},{"url":"/internship/detail/digital-marketing-part-time-job-internship-at-thane-in-barista-cafe-academy1667036874","name":"Digital Marketing","company":"Barista Cafe Academy","location":"Thane","duration":"3 Months","stipend":"8,000 lump sum","applications":"Be an early applicant","skills":["Digital Marketing","English Proficiency (Spoken)","Facebook Marketing","Instagram Marketing","Search Engine Optimization (SEO)","Social Media Marketing"],"perks":["Certificate","Letter of recommendation","Flexible work hours","Informal dress code","5 days a week","Free snacks & beverages"],"openings":"1"},{"url":"/internship/detail/social-media-marketing-internship-in-mumbai-at-economic-times-edge1666934163","name":"Social Media Marketing","company":"Economic Times Edge","location":"Mumbai","duration":"3 Months","stipend":"5,000 /month","applications":"168 applicants","skills":["Social Media Marketing"],"perks":["Certificate","Informal dress code","5 days a week"],"openings":"3"},{"url":"/internship/detail/c-development-qt-creation-work-from-home-job-internship-at-iit-bombay1666585857","name":"C++ Development (QT Creation)","company":"IIT Bombay","location":"Work From Home","duration":"6 Months","stipend":"1,000-2,000 /month","applications":"859 applicants","skills":["C++ Programming","C Programming","Data Structures"],"perks":["Certificate","Letter of recommendation","Flexible work hours","5 days a week"],"openings":"2"},{"url":"/internship/detail/social-media-marketing-internship-in-gurgaon-at-eazydiner1666338191","name":"Social Media Marketing","company":"EazyDiner","location":"Gurgaon","duration":"6 Months","stipend":"10,000 /month","applications":"48 applicants","skills":["Social Media Marketing"],"perks":[],"openings":"1"},{"url":"/internship/detail/content-writing-internship-in-gurgaon-at-ijrdo-journal1666846045","name":"Content Writing","company":"IJRDO Journal","location":"Gurgaon","duration":"3 Months","stipend":"8,000-12,000 /month","applications":"70 applicants","skills":["Blogging","Creative Writing","Digital Marketing","English Proficiency (Spoken)","English Proficiency (Written)","Search Engine Optimization (SEO)","Social Media Marketing"],"perks":["Certificate"],"openings":"5"},{"url":"/internship/detail/digital-marketing-internship-in-chandigarh-mohali-at-the-future-university1665219351","name":"Digital Marketing","company":"The Future University","location":"Chandigarh","duration":"3 Months","stipend":"12,000 /month","applications":"67 applicants","skills":["Creative Writing","Digital Marketing","Email Marketing","English Proficiency (Spoken)","English Proficiency (Written)","Facebook Marketing","Instagram Marketing","Social Media Marketing"],"perks":["Certificate","Letter of recommendation","Informal dress code","Free snacks & beverages","Job offer"],"openings":"6"},{"url":"/internship/detail/social-media-marketing-internship-in-noida-at-seventh-triangle-consulting1667305126","name":"Social Media Marketing","company":"Seventh Triangle Consulting","location":"Noida","duration":"3 Months","stipend":"10,000 /month","applications":"49 applicants","skills":["Email Marketing","Facebook Marketing","Google AdWords","Instagram Marketing"],"perks":["Certificate","5 days a week"],"openings":"4"},{"url":"/internship/detail/social-media-marketing-internship-in-delhi-at-stirring-minds1667413056","name":"Social Media Marketing","company":"Stirring Minds","location":"Delhi","duration":"2 Months","stipend":"5,000-10,000 /month","applications":"35 applicants","skills":["Creative Writing","Digital Marketing","Instagram Marketing","Social Media Marketing"],"perks":["Certificate","Letter of recommendation","Informal dress code","Free snacks & beverages"],"openings":"1"},{"url":"/internship/detail/social-media-marketing-internship-in-mumbai-at-zedex-info-private-limited1667288296","name":"Social Media Marketing","company":"Zedex Info Private Limited","location":"Mumbai","duration":"3 Months","stipend":"8,000 /month","applications":"37 applicants","skills":["Digital Marketing","Email Marketing","Social Media Marketing"],"perks":["Certificate","Letter of recommendation","Job offer"],"openings":"3"},{"url":"/internship/detail/copywriting-internship-in-gurgaon-at-lecturenotes1667200368","name":"Copywriting","company":"LectureNotes","location":"Gurgaon","duration":"3 Months","stipend":"5,000-10,000 /month","applications":"64 applicants","skills":["Copywriting","Creative Writing","English Proficiency (Spoken)","English Proficiency (Written)"],"perks":[],"openings":"2"},{"url":"/internship/detail/social-media-marketing-internship-in-mumbai-at-aastey1667477970","name":"Social Media Marketing","company":"Aastey","location":"Mumbai","duration":"3 Months","stipend":"8,000 /month","applications":"42 applicants","skills":["Creative Writing","English Proficiency (Spoken)","English Proficiency (Written)","Social Media Marketing"],"perks":["Certificate","Letter of recommendation","Informal dress code","Free snacks & beverages"],"openings":"1"},{"url":"/internship/detail/content-writing-internship-in-delhi-at-krypto-pro-learnings-private-limited1667455961","name":"Content Writing","company":"Krypto Pro Learnings Private Limited","location":"Delhi","duration":"3 Months","stipend":"10,000 /month","applications":"Be an early applicant","skills":["Blogging","Creative Writing","English Proficiency (Written)","Search Engine Optimization (SEO)"],"perks":["Certificate","Letter of recommendation","Informal dress code","5 days a week","Job offer"],"openings":"2"},{"url":"/internship/detail/digital-marketing-internship-in-noida-at-testprepkart1667199145","name":"Digital Marketing","company":"TestprepKart","location":"Noida","duration":"3 Months","stipend":"5,000-7,000 /month","applications":"Be an early applicant","skills":["Creative Writing","Digital Marketing","English Proficiency (Spoken)","English Proficiency (Written)","Search Engine Marketing (SEM)","Search Engine Optimization (SEO)","Social Media Marketing"],"perks":["Certificate","Letter of recommendation","Informal dress code","Free snacks & beverages","Job offer"],"openings":"6"},{"url":"/internship/detail/social-media-content-creation-internship-in-gurgaon-at-planetspark1667464594","name":"Social Media Content Creation","company":"PlanetSpark","location":"Gurgaon","duration":"2 Months","stipend":"10,000 /month","applications":"Be an early applicant","skills":[],"perks":["Certificate"],"openings":"1"},{"url":"/internship/detail/social-media-marketing-internship-in-mumbai-at-id8-media-solutions-private-limited1667458167","name":"Social Media Marketing","company":"id8 Media Solutions Private Limited","location":"Mumbai","duration":"3 Months","stipend":"5,000 /month","applications":"Be an early applicant","skills":["Creative Writing","Digital Marketing","Email Marketing","English Proficiency (Written)","Facebook Marketing","Instagram Marketing","Social Media Marketing"],"perks":["Certificate","5 days a week","Job offer"],"openings":"5"},{"url":"/internship/detail/social-media-marketing-internship-in-gurgaon-at-pawzz1667472095","name":"Social Media Marketing","company":"Pawzz","location":"Gurgaon","duration":"3 Months","stipend":"15,000 /month","applications":"Be an early applicant","skills":["Content Writing","Copywriting","Digital Marketing","Email Marketing","English Proficiency (Spoken)","English Proficiency (Written)","Sales and Marketing","Search Engine Optimization (SEO)","Social Media Marketing","Video Editing"],"perks":["Certificate","Letter of recommendation","Job offer"],"openings":"2"},{"url":"/internship/detail/content-writing-internship-in-delhi-at-opensense-labs-private-limited1667389592","name":"Content Writing","company":"OpenSense Labs Private Limited","location":"Delhi","duration":"6 Months","stipend":"10,000-15,000 /month","applications":"Be an early applicant","skills":[],"perks":["Certificate","Letter of recommendation","5 days a week","Free snacks & beverages"],"openings":"2"},{"url":"/internship/detail/search-engine-optimization-seo-internship-in-pune-at-cast-india1667297908","name":"Search Engine Optimization (SEO)","company":"Cast India","location":"Pune","duration":"6 Months","stipend":"7,000 /month","applications":"32 applicants","skills":["Digital Marketing","Search Engine Optimization (SEO)","Social Media Marketing"],"perks":["Certificate","Letter of recommendation","5 days a week"],"openings":"3"},{"url":"/internship/detail/digital-marketing-internship-in-delhi-at-angels-virtual-world1667285772","name":"Digital Marketing","company":"Angels Virtual World","location":"Delhi","duration":"4 Months","stipend":"5,000 /month","applications":"Be an early applicant","skills":["Creative Writing","Digital Marketing","Email Marketing","English Proficiency (Spoken)","English Proficiency (Written)","Facebook Marketing","Instagram Marketing","Search Engine Marketing (SEM)","Search Engine Optimization (SEO)","Social Media Marketing"],"perks":["Certificate","Letter of recommendation","Informal dress code"],"openings":"2"},{"url":"/internship/detail/social-media-marketing-internship-in-mumbai-at-iide-education-private-limited1666954516","name":"Social Media Marketing","company":"IIDE Education Private Limited","location":"Mumbai","duration":"6 Months","stipend":"5,000 /month","applications":"Be an early applicant","skills":["Creative Writing","Digital Marketing","Email Marketing","English Proficiency (Spoken)","English Proficiency (Written)","Facebook Marketing","Instagram Marketing","Search Engine Marketing (SEM)","Search Engine Optimization (SEO)","Social Media Marketing"],"perks":[],"openings":"1"},{"url":"/internship/detail/content-writing-internship-in-delhi-noida-at-algodom-media-llp1667452247","name":"Content Writing","company":"Algodom Media LLP","location":"Delhi","duration":"3 Months","stipend":"7,000 /month","applications":"Be an early applicant","skills":["Blogging","English Proficiency (Spoken)","English Proficiency (Written)","Search Engine Optimization (SEO)"],"perks":["Certificate","Informal dress code","5 days a week","Job offer"],"openings":"1"},{"url":"/internship/detail/social-media-marketing-instagram-internship-in-delhi-at-stirring-minds1667413133","name":"Social Media Marketing (Instagram)","company":"Stirring Minds","location":"Delhi","duration":"3 Months","stipend":"5,000-7,000 /month","applications":"33 applicants","skills":["Adobe Photoshop","Canva","Creative Writing","Video Editing","Video Making"],"perks":["Certificate","Informal dress code","Free snacks & beverages"],"openings":"2"},{"url":"/internship/detail/social-media-marketing-internship-in-raipur-at-vsnapu1666149370","name":"Social Media Marketing","company":"VsnapU","location":"Raipur","duration":"6 Months","stipend":"7,000-9,000 /month","applications":"Be an early applicant","skills":["Creative Writing","Digital Marketing","Facebook Marketing","Instagram Marketing","MS-Excel","Search Engine Marketing (SEM)","Search Engine Optimization (SEO)","Social Media Marketing"],"perks":["Certificate","Letter of recommendation","Job offer"],"openings":"3"},{"url":"/internship/detail/digital-event-marketing-internship-in-delhi-at-stirring-minds1667413031","name":"Digital Event Marketing","company":"Stirring Minds","location":"Delhi","duration":"3 Months","stipend":"5,000-7,000 /month","applications":"Be an early applicant","skills":["Digital Marketing","Email Marketing","English Proficiency (Written)","Social Media Marketing"],"perks":["Certificate","Informal dress code","Free snacks & beverages"],"openings":"4"},{"url":"/internship/detail/social-media-marketing-internship-in-hyderabad-at-avivo-media-private-limited1665319599","name":"Social Media Marketing","company":"Avivo Media Private Limited","location":"Hyderabad","duration":"2 Months","stipend":"9,000-15,000 /month","applications":"56 applicants","skills":["UI & UX Design","User Interface (UI) Development","WordPress"],"perks":["Certificate","Letter of recommendation","Job offer"],"openings":"2"},{"url":"/internship/detail/content-writing-internship-in-hyderabad-at-hilo-design1667222088","name":"Content Writing","company":"Hilo Design","location":"Hyderabad","duration":"2 Months","stipend":"10,000-15,000 /month","applications":"Be an early applicant","skills":["Blogging","Creative Writing","Digital Marketing","English Proficiency (Spoken)","English Proficiency (Written)","Search Engine Optimization (SEO)","Social Media Marketing"],"perks":["Job offer"],"openings":"1"},{"url":"/internship/detail/social-media-marketing-internship-in-delhi-at-ostello-india-private-limited1667136974","name":"Social Media Marketing","company":"Ostello India Private Limited","location":"Delhi","duration":"3 Months","stipend":"5,000-12,000 /month","applications":"Be an early applicant","skills":["Digital Marketing","Facebook Marketing","Instagram Marketing","Search Engine Optimization (SEO)","Social Media Marketing"],"perks":["Certificate","Letter of recommendation","Job offer"],"openings":"2"},{"url":"/internship/detail/content-creation-internship-in-gurgaon-delhi-at-everstylish-lifestyle-private-limited1666931509","name":"Content Creation","company":"Everstylish Lifestyle Private Limited","location":"Gurgaon","duration":"3 Months","stipend":"5,000-15,000 /month","applications":"26 applicants","skills":["Acting Audition","Content Marketing","Instagram Marketing","Social Media Marketing","Video Making"],"perks":["Certificate","Letter of recommendation"],"openings":"4"},{"url":"/internship/detail/content-writing-internship-in-mumbai-at-id8-media-solutions-private-limited1667459612","name":"Content Writing","company":"id8 Media Solutions Private Limited","location":"Mumbai","duration":"3 Months","stipend":"5,000 /month","applications":"Be an early applicant","skills":["Creative Writing","Digital Marketing","English Proficiency (Spoken)","English Proficiency (Written)","Social Media Marketing"],"perks":["Certificate","5 days a week"],"openings":"5"},{"url":"/internship/detail/social-media-marketing-internship-in-delhi-at-taraasha-creations-private-limited1667476413","name":"Social Media Marketing","company":"Taraasha Creations Private Limited","location":"Delhi","duration":"3 Months","stipend":"10,000 /month","applications":"30 applicants","skills":["Digital Marketing","English Proficiency (Spoken)","English Proficiency (Written)","Instagram Marketing","Search Engine Optimization (SEO)","Social Media Marketing"],"perks":["Certificate","Letter of recommendation","Informal dress code","Job offer"],"openings":"1"},{"url":"/internship/detail/social-media-marketing-instagram-internship-in-delhi-at-stirring-minds1667413139","name":"Social Media Marketing (Instagram)","company":"Stirring Minds","location":"Delhi","duration":"3 Months","stipend":"7,000-9,000 /month","applications":"32 applicants","skills":[],"perks":["Certificate","Letter of recommendation","Informal dress code","Free snacks & beverages"],"openings":"2"},{"url":"/internship/detail/social-media-marketing-internship-in-zirakpur-at-turn-around-school-consultants1666449244","name":"Social Media Marketing","company":"Turn Around School Consultants","location":"Zirakpur","duration":"2 Months","stipend":"6,000-8,000 /month","applications":"Be an early applicant","skills":["Creative Writing","Digital Marketing","Facebook Marketing","Social Media Marketing"],"perks":["Certificate","Letter of recommendation","Flexible work hours","Informal dress code","5 days a week"],"openings":"5"},{"url":"/internship/detail/social-media-marketing-internship-in-delhi-at-best-roadways-limited1667199819","name":"Social Media Marketing","company":"Best Roadways Limited","location":"Delhi","duration":"6 Months","stipend":"6,000-10,000 /month","applications":"32 applicants","skills":["English Proficiency (Spoken)","English Proficiency (Written)","MS-Office","Social Media Marketing"],"perks":["Certificate","Letter of recommendation","Free snacks & beverages"],"openings":"2"},{"url":"/internship/detail/social-media-marketing-internship-in-delhi-at-stirring-minds1667413038","name":"Social Media Marketing","company":"Stirring Minds","location":"Delhi","duration":"6 Months","stipend":"7,000-10,000 /month","applications":"Be an early applicant","skills":["Creative Writing","Digital Marketing","Instagram Marketing","Social Media Marketing"],"perks":["Certificate","Letter of recommendation","Informal dress code","Free snacks & beverages"],"openings":"4"}]}