{"success":34,"failed":0,"internships":[{"url":"/internship/detail/eco-champs-internship-in-patna-at-bhumi1667297867","name":"Eco Champs","company":"Bhumi","location":"Patna","duration":"3 Months","stipend":"Unpaid","applications":"Be an early applicant","skills":[],"perks":["Certificate","Flexible work hours"],"openings":"10"},{"url":"/internship/detail/community-influencing-work-from-home-job-internship-at-inamigos-foundation1667572455","name":"Community Influencing","company":"InAmigos Foundation","location":"Work From Home","duration":"3 Weeks","stipend":"1,000-5,000 /week","applications":"27 applicants","skills":["English Proficiency (Spoken)"],"perks":["Certificate","Letter of recommendation","Flexible work hours"],"openings":"10"},{"url":"/internship/detail/csr-fundraising-internship-in-delhi-at-foundation-for-reproductive-health-services-india1667568909","name":"CSR Fundraising","company":"Foundation For Reproductive Health Services India","location":"Delhi","duration":"4 Months","stipend":"8,000 /month","applications":"Be an early applicant","skills":["Content Writing","Creative Writing","English Proficiency (Written)","MS-Office"],"perks":["Certificate","5 days a week"],"openings":"1"},{"url":"/internship/detail/volunteering-social-entrepreneurship-work-from-home-job-internship-at-arms-of-hope-people-foundation1667566959","name":"Volunteering & Social Entrepreneurship","company":"Arms Of Hope People Foundation","location":"Work From Home","duration":"3 Months","stipend":"Unpaid","applications":"Be an early applicant","skills":["Digital Marketing","Operations"],"perks":["Certificate","Letter of recommendation","Flexible work hours","Job offer"],"openings":"800"},{"url":"/internship/detail/ngo-crowdfunding-part-time-job-internship-at-maharashtra-in-tanmay-sachin-foundation1667566881","name":"NGO Crowdfunding","company":"Tanmay Sachin Foundation","location":"Maharashtra","duration":"3 Months","stipend":"5,000 /month + Incentives","applications":"Be an early applicant","skills":["Digital Marketing","MS-Office","Sales","Sales and Marketing"],"perks":["Certificate","Letter of recommendation","Flexible work hours","5 days a week","Job offer"],"openings":"100"},{"url":"/internship/detail/virtual-volunteering-work-from-home-job-internship-at-inamigos-foundation1667550404","name":"Virtual Volunteering","company":"InAmigos Foundation","location":"Work From Home","duration":"3 Weeks","stipend":"1,000-4,000 /week","applications":"76 applicants","skills":["English Proficiency (Spoken)"],"perks":["Certificate","Letter of recommendation","Flexible work hours"],"openings":"15"},{"url":"/internship/detail/public-relations-pr-work-from-home-job-internship-at-wing-communications1667469666","name":"Public Relations (PR)","company":"Wing Communications","location":"Work From Home","duration":"6 Months","stipend":"7,000 /month","applications":"35 applicants","skills":[],"perks":["5 days a week"],"openings":"2"},{"url":"/internship/detail/content-creation-mental-health-awareness-work-from-home-job-internship-at-speak-your-mind-with-jatin1667460679","name":"Content Creation (Mental Health Awareness)","company":"Speak Your Mind With Jatin","location":"Work From Home","duration":"3 Months","stipend":"Unpaid","applications":"Be an early applicant","skills":["Acting Audition","Adobe Creative Suite","Audio Editing","Instagram Marketing","Video Editing"],"perks":["Certificate","Letter of recommendation","Flexible work hours","5 days a week"],"openings":"10"},{"url":"/internship/detail/social-work-internship-in-bangalore-at-talaash-association1667487982","name":"Social Work","company":"Talaash Association","location":"Bangalore","duration":"6 Months","stipend":"8,000 /month","applications":"Be an early applicant","skills":[],"perks":["Certificate","Letter of recommendation","Flexible work hours","Informal dress code","5 days a week","Free snacks & beverages","Job offer"],"openings":"1"},{"url":"/internship/detail/social-work-part-time-job-internship-at-delhi-in-youth-empowerment-foundation1667469935","name":"Social Work","company":"Youth Empowerment Foundation","location":"Delhi","duration":"2 Months","stipend":"Unpaid","applications":"Be an early applicant","skills":[],"perks":["Certificate"],"openings":"30"},{"url":"/internship/detail/7-day-virtual-charity-drive-work-from-home-job-internship-at-hamari-pahchan-ngo1667386857","name":"7-Day Virtual Charity Drive","company":"Hamari Pahchan NGO","location":"Work From Home","duration":"1 Week","stipend":"Unpaid","applications":"101 applicants","skills":[],"perks":["Certificate","Letter of recommendation","Flexible work hours"],"openings":"5000"},{"url":"/internship/detail/social-work-part-time-job-internship-at-almora-in-green-hills-trust1667368710","name":"Social Work","company":"Green Hills Trust","location":"Almora","duration":"1 Month","stipend":"Unpaid","applications":"Be an early applicant","skills":["English Proficiency (Spoken)","English Proficiency (Written)","MS-Office"],"perks":["Certificate","Letter of recommendation","Flexible work hours","Informal dress code","Free snacks & beverages"],"openings":"2"},{"url":"/internship/detail/soicial-work-work-from-home-job-internship-at-rail-bikash-manch1667335619","name":"Soicial Work","company":"Rail Bikash Manch","location":"Work From Home","duration":"1 Month","stipend":"Unpaid","applications":"Be an early applicant","skills":[],"perks":["Certificate","Letter of recommendation","Flexible work hours"],"openings":"200"},{"url":"/internship/detail/social-work-work-from-home-job-internship-at-little-hand-foundation1667319384","name":"Social Work","company":"Little Hand Foundation","location":"Work From Home","duration":"1 Month","stipend":"Unpaid","applications":"Be an early applicant","skills":[],"perks":["Certificate","Letter of recommendation","Flexible work hours","5 days a week"],"openings":"5"},{"url":"/internship/detail/social-work-work-from-home-job-internship-at-happimynd1667304890","name":"Social Work","company":"HappiMynd","location":"Work From Home","duration":"1 Month","stipend":"1,000-5,000 /month","applications":"68 applicants","skills":[],"perks":["Certificate","Letter of recommendation","Flexible work hours"],"openings":"9"},{"url":"/internship/detail/social-work-part-time-job-internship-at-pune-pimpri-chinchwad-in-defence-force-league1667289281","name":"Social Work","company":"Defence Force League","location":"Pune","duration":"3 Months","stipend":"Unpaid","applications":"Be an early applicant","skills":[],"perks":["Certificate","Letter of recommendation","Informal dress code"],"openings":"5"},{"url":"/internship/detail/social-work-work-from-home-job-internship-at-india-redefined1667275858","name":"Social Work","company":"INDIA Redefined","location":"Work From Home","duration":"4 Weeks","stipend":"Unpaid","applications":"Be an early applicant","skills":[],"perks":["Certificate"],"openings":"5000"},{"url":"/internship/detail/social-work-cure-india-campaign-work-from-home-job-internship-at-india-redefined1667275823","name":"Social Work (C.U.R.E. India Campaign)","company":"INDIA Redefined","location":"Work From Home","duration":"2 Months","stipend":"Unpaid","applications":"Be an early applicant","skills":[],"perks":["Certificate"],"openings":"1000"},{"url":"/internship/detail/crowdfunding-work-from-home-job-internship-at-muskurahat-foundation1667275780","name":"Crowdfunding","company":"Muskurahat Foundation","location":"Work From Home","duration":"1 Month","stipend":"5,000-10,000 lump sum","applications":"304 applicants","skills":[],"perks":["Certificate","Letter of recommendation","Flexible work hours","5 days a week"],"openings":"50"},{"url":"/internship/detail/social-work-work-from-home-job-internship-at-rail-bikash-manch-ngo1667220449","name":"Social Work","company":"Rail Bikash Manch (NGO)","location":"Work From Home","duration":"1 Month","stipend":"Unpaid","applications":"Be an early applicant","skills":[],"perks":["Certificate","Letter of recommendation","Flexible work hours"],"openings":"200"},{"url":"/internship/detail/social-work-work-from-home-job-internship-at-gyanodya-sikhshan-sansthan1667237768","name":"Social Work","company":"Gyanodya Sikhshan Sansthan","location":"Work From Home","duration":"1 Month","stipend":"Unpaid","applications":"Be an early applicant","skills":[],"perks":["Certificate","Flexible work hours"],"openings":"20"},{"url":"/internship/detail/social-work-volunteer-part-time-job-internship-at-delhi-noida-in-rail-bikash-manch-ngo1667083551","name":"Social Work Volunteer","company":"Rail Bikash Manch (NGO)","location":"Delhi","duration":"3 Months","stipend":"Unpaid","applications":"Be an early applicant","skills":[],"perks":["Certificate","Letter of recommendation","Flexible work hours","Informal dress code"],"openings":"60"},{"url":"/internship/detail/social-work-part-time-job-internship-at-chennai-in-azad-foundation-chennai1667031947","name":"Social Work","company":"Azad Foundation Chennai","location":"Chennai","duration":"3 Months","stipend":"Unpaid","applications":"Be an early applicant","skills":["Quantity Survey (QS)","Tamil Proficiency (Spoken)"],"perks":["Certificate","Flexible work hours","Free snacks & beverages"],"openings":"5"},{"url":"/internship/detail/charity-work-from-home-job-internship-at-simmi-foundation-organization1667189471","name":"Charity","company":"Simmi Foundation Organization","location":"Work From Home","duration":"2 Weeks","stipend":"200-2,000 lump sum","applications":"84 applicants","skills":["English Proficiency (Spoken)","Hindi Proficiency (Spoken)"],"perks":["Certificate","Letter of recommendation","Flexible work hours","5 days a week"],"openings":"10"},{"url":"/internship/detail/student-volunteering-work-from-home-job-internship-at-simmi-foundation-organization1667189958","name":"Student Volunteering","company":"Simmi Foundation Organization","location":"Work From Home","duration":"2 Weeks","stipend":"200-2,000 /week","applications":"387 applicants","skills":["English Proficiency (Spoken)","English Proficiency (Written)","Hindi Proficiency (Spoken)"],"perks":["Certificate","Letter of recommendation","Flexible work hours","5 days a week"],"openings":"10"},{"url":"/internship/detail/volunteering-college-work-from-home-job-internship-at-simmi-foundation-organization1667189931","name":"Volunteering (College)","company":"Simmi Foundation Organization","location":"Work From Home","duration":"2 Weeks","stipend":"200-2,000 /week","applications":"101 applicants","skills":["English Proficiency (Spoken)","English Proficiency (Written)","Hindi Proficiency (Spoken)","Social Media Marketing"],"perks":["Certificate","Letter of recommendation","Flexible work hours","5 days a week"],"openings":"10"},{"url":"/internship/detail/social-volunteering-work-from-home-job-internship-at-happimynd1666924809","name":"Social Volunteering","company":"HappiMynd","location":"Work From Home","duration":"1 Month","stipend":"1,000-5,000 lump sum","applications":"119 applicants","skills":[],"perks":["Certificate","Letter of recommendation","Flexible work hours"],"openings":"10"},{"url":"/internship/detail/social-work-work-from-home-job-internship-at-youth-empowerment-foundation1666795254","name":"Social Work","company":"Youth Empowerment Foundation","location":"Work From Home","duration":"1 Month","stipend":"Unpaid","applications":"70 applicants","skills":[],"perks":["Certificate"],"openings":"30"},{"url":"/internship/detail/social-work-work-from-home-job-internship-at-marpu-foundation1666760049","name":"Social Work","company":"Marpu Foundation","location":"Work From Home","duration":"1 Week","stipend":"Unpaid","applications":"191 applicants","skills":[],"perks":["Certificate"],"openings":"300"},{"url":"/internship/detail/social-work-work-from-home-job-internship-at-sarkari-school1666350966","name":"Social Work","company":"Sarkari School","location":"Work From Home","duration":"2 Months","stipend":"Unpaid","applications":"30 applicants","skills":["English Proficiency (Written)","MS-PowerPoint","Project Management","Report Writing"],"perks":["Certificate","Letter of recommendation","Flexible work hours"],"openings":"10"},{"url":"/internship/detail/social-entrepreneurship-work-from-home-job-internship-at-hamari-pahchan-ngo1666101467","name":"Social Entrepreneurship","company":"Hamari Pahchan NGO","location":"Work From Home","duration":"1 Month","stipend":"Unpaid","applications":"1000+ applicants","skills":["Creative Writing"],"perks":["Certificate","Letter of recommendation","Flexible work hours"],"openings":"3000"},{"url":"/internship/detail/full-time-social-sector-fellowship-internship-in-bangalore-at-mercy-mission1665495450","name":"Full Time Social Sector Fellowship","company":"Mercy Mission","location":"Bangalore","duration":"6 Months","stipend":"15,000 /month","applications":"Be an early applicant","skills":["Project Management","Report Writing"],"perks":["Certificate","Letter of recommendation"],"openings":"10"},{"url":"/internship/detail/internship-at-centre-for-health-equity-law-policy1610715367","name":"Research","company":"CENTRE FOR HEALTH, EQUITY, LAW & POLICY","location":"Work From Home","duration":"6 Weeks","stipend":"Not provided","applications":"Be an early applicant","skills":[],"perks":[],"openings":"2"},{"url":"/internship/details/internship-at-goonj1606391126","name":"Goonj Grassroots Fellowship 2021-22","company":"Goonj","location":"Delhi","duration":"Not Provided","stipend":"10,000 /month","applications":"Be an early applicant","skills":[],"perks":[]}]}