{"success":40,"failed":0,"internships":[{"url":"/internship/detail/software-design-internship-in-mumbai-at-star-india1666875001","name":"Software Design","company":"Star India","location":"Mumbai","duration":"3 Months","stipend":"20,000 /month","applications":"49 applicants","skills":["Blender 3D","UI & UX Design","Unity 3D","Unity Engine","Unreal Engine"],"perks":[],"openings":"1"},{"url":"/internship/detail/software-project-management-work-from-home-job-internship-at-iit-bombay1666934144","name":"Software Project Management","company":"IIT Bombay","location":"Work From Home","duration":"6 Months","stipend":"1,000-2,000 /month","applications":"345 applicants","skills":["English Proficiency (Spoken)","English Proficiency (Written)","Hindi Proficiency (Spoken)","Hindi Proficiency (Written)"],"perks":["Certificate","Letter of recommendation","Flexible work hours","5 days a week"],"openings":"1"},{"url":"/internship/detail/c-development-qt-creation-work-from-home-job-internship-at-iit-bombay1666585857","name":"C++ Development (QT Creation)","company":"IIT Bombay","location":"Work From Home","duration":"6 Months","stipend":"1,000-2,000 /month","applications":"859 applicants","skills":["C++ Programming","C Programming","Data Structures"],"perks":["Certificate","Letter of recommendation","Flexible work hours","5 days a week"],"openings":"2"},{"url":"/internship/detail/unreal-engine-development-internship-in-multiple-locations-at-queppelin-technology-solutions-private-limited1667652113","name":"Unreal Engine Development","company":"Queppelin Technology Solutions Private Limited","location":"Faridabad","duration":"6 Months","stipend":"15,000 /month","applications":"Be an early applicant","skills":["C++ Programming","Unreal Engine"],"perks":["Certificate","Informal dress code","5 days a week","Job offer"],"openings":"2"},{"url":"/internship/detail/mern-stack-development-work-from-home-job-internship-at-zaveri-it-solutions-llc1667651225","name":"MERN Stack Development","company":"Zaveri IT Solutions LLC","location":"Work From Home","duration":"6 Months","stipend":"5,000 /month","applications":"Be an early applicant","skills":["C++ Programming","Hibernate (Java)","Java","Node.js","SQL"],"perks":["Certificate","Letter of recommendation","Flexible work hours","5 days a week","Job offer"],"openings":"9"},{"url":"/internship/detail/ai-and-deep-learning-internship-in-roorkee-at-brainovative-labs-private-limited1667649255","name":"AI And Deep Learning","company":"Brainovative Labs Private Limited","location":"Roorkee","duration":"3 Months","stipend":"5,000 /month + Incentives","applications":"Be an early applicant","skills":["C++ Programming","Deep Learning","Machine Learning","Natural Language Processing (NLP)","Neural Networks","Python"],"perks":["Certificate","Letter of recommendation","Flexible work hours","Informal dress code"],"openings":"1"},{"url":"/internship/detail/technical-assistance-work-from-home-job-internship-at-vigyantram1667573435","name":"Technical Assistance","company":"VIGYANTRAM","location":"Work From Home","duration":"3 Months","stipend":"15,000 /month","applications":"32 applicants","skills":["Android","Computer Vision","Machine Learning","Python","Robotics"],"perks":["Certificate","Letter of recommendation","Flexible work hours"],"openings":"5"},{"url":"/internship/detail/python-development-work-from-home-job-internship-at-dknsb-medical-device-consultants1667576274","name":"Python Development","company":"DKNSB Medical Device Consultants","location":"Work From Home","duration":"2 Months","stipend":"20,000 /month","applications":"54 applicants","skills":["Django","HTML","Machine Learning","Python"],"perks":["Certificate","Letter of recommendation","Flexible work hours","5 days a week"],"openings":"2"},{"url":"/internship/detail/software-development-ai-ml-product-group-internship-in-noida-at-constems-ai-systems-private-limited1667563351","name":"Software Development (AI/ML Product Group)","company":"Constems-AI Systems Private Limited","location":"Noida","duration":"6 Months","stipend":"10,000 /month","applications":"Be an early applicant","skills":["Algorithms","Computer Vision","Data Structures","Deep Learning","Linux","Python"],"perks":["Certificate","Letter of recommendation","Informal dress code","Job offer"],"openings":"4"},{"url":"/internship/detail/software-development-internship-in-pune-at-aryaman-technologies-private-limited1667627318","name":"Software Development","company":"Aryaman Technologies Private Limited","location":"Pune","duration":"6 Months","stipend":"12,000-15,000 /month","applications":"Be an early applicant","skills":[".NET","C#","C#.NET","Unity 3D"],"perks":["Certificate","Flexible work hours"],"openings":"1"},{"url":"/internship/detail/image-and-signal-processing-internship-in-bangalore-at-euphotic-labs-private-limited1667486041","name":"Image And Signal Processing","company":"Euphotic Labs Private Limited","location":"Bangalore","duration":"6 Months","stipend":"15,000-25,000 /month","applications":"Be an early applicant","skills":["Computer Vision","Digital Signal Processing","Image Processing","OpenCV","Python"],"perks":["Certificate","Letter of recommendation","Flexible work hours","Informal dress code","Free snacks & beverages"],"openings":"1"},{"url":"/internship/detail/machine-learning-internship-in-bangalore-hyderabad-at-newgen-creations-private-limited1667582908","name":"Machine Learning","company":"Newgen Creations Private Limited","location":"Bangalore","duration":"2 Months","stipend":"2,000 /month","applications":"Be an early applicant","skills":["Machine Learning"],"perks":["Certificate","Letter of recommendation","Flexible work hours","Informal dress code","5 days a week","Free snacks & beverages"],"openings":"2"},{"url":"/internship/detail/unity-developer-internship-in-indore-bhopal-at-satya-kabir-e-solutions-private-limited1667574385","name":"Unity Developer","company":"Satya Kabir E-solutions Private Limited","location":"Indore","duration":"4 Months","stipend":"3,000-15,000 /month","applications":"Be an early applicant","skills":["Unity 3D"],"perks":["Certificate","Informal dress code"],"openings":"10"},{"url":"/internship/detail/java-development-internship-in-gurgaon-at-eduthrill1667544339","name":"Java Development","company":"EduThrill","location":"Gurgaon","duration":"6 Months","stipend":"20,000 /month","applications":"76 applicants","skills":["J2EE","Java","MySQL"],"perks":["Certificate","5 days a week"],"openings":"3"},{"url":"/internship/detail/software-development-work-from-home-job-internship-at-techwhoop1667567962","name":"Software Development","company":"TechWhoop","location":"Work From Home","duration":"1 Month","stipend":"3,000 /month + Incentives","applications":"211 applicants","skills":["Node.js","Python"],"perks":["Certificate","Letter of recommendation","Flexible work hours"],"openings":"3"},{"url":"/internship/detail/research-training-robotics-ai-work-from-home-job-internship-at-wingfotech-private-limited1667538491","name":"Research & Training (Robotics & AI)","company":"Wingfotech Private Limited","location":"Work From Home","duration":"3 Months","stipend":"5,000-12,000 /month","applications":"69 applicants","skills":["Android","Arduino","Atmel AVR","Data Science","English Proficiency (Spoken)","HTML","Internet of Things (IoT)","Machine Learning","MS-PowerPoint","Python"],"perks":["Certificate","Letter of recommendation","Flexible work hours","Job offer"],"openings":"3"},{"url":"/internship/detail/data-validation-internship-in-mumbai-at-accrete-llc1667560927","name":"Data Validation","company":"Accrete LLC","location":"Mumbai","duration":"3 Months","stipend":"10,000 /month","applications":"36 applicants","skills":["English Proficiency (Spoken)"],"perks":["Letter of recommendation","Flexible work hours","Informal dress code","5 days a week"],"openings":"6"},{"url":"/internship/detail/python-development-internship-in-mumbai-at-flymax-multi-services-private-limited1667555807","name":"Python Development","company":"Flymax Multi Services Private Limited","location":"Mumbai","duration":"6 Months","stipend":"6,000 /month","applications":"26 applicants","skills":[],"perks":["Certificate","Letter of recommendation","Flexible work hours","Informal dress code","5 days a week","Free snacks & beverages"],"openings":"10"},{"url":"/internship/detail/data-science-machine-learning-part-time-job-internship-at-coimbatore-in-techvolt-software-private-limited1667555456","name":"Data Science (Machine Learning)","company":"Techvolt Software Private Limited","location":"Coimbatore","duration":"2 Months","stipend":"4,000 /month","applications":"26 applicants","skills":["C++ Programming","English Proficiency (Spoken)","Python"],"perks":["Certificate","Letter of recommendation","Flexible work hours","Job offer"],"openings":"10"},{"url":"/internship/detail/mobile-app-development-work-from-home-job-internship-at-arthavedika-tech-private-limited1667537590","name":"Mobile App Development","company":"Arthavedika Tech Private Limited","location":"Work From Home","duration":"6 Months","stipend":"2,500 /month + Incentives","applications":"34 applicants","skills":["Java","React Native","REST API"],"perks":["Letter of recommendation","Flexible work hours"],"openings":"6"},{"url":"/internship/detail/game-development-work-from-home-job-internship-at-duke-and-clyde-innovation-center-private-limited1667482593","name":"Game Development","company":"Duke And Clyde Innovation Center Private Limited","location":"Work From Home","duration":"3 Months","stipend":"3,000 lump sum","applications":"Be an early applicant","skills":["Blender 3D","Unreal Engine"],"perks":["Certificate","Letter of recommendation","Flexible work hours","5 days a week"],"openings":"2"},{"url":"/internship/detail/devops-kubernetes-deployment-with-linux-work-from-home-job-internship-at-iotiotin1667554012","name":"DevOps Kubernetes Deployment With Linux","company":"IoTIoT.in","location":"Work From Home","duration":"2 Months","stipend":"2,000 /month + Incentives","applications":"38 applicants","skills":["Bash","Computer Networking","Linux","Shell Scripting"],"perks":["Certificate","Letter of recommendation","Flexible work hours"],"openings":"5"},{"url":"/internship/detail/flutter-development-internship-in-delhi-at-pace-stock-broking-services-limited1667552678","name":"Flutter Development","company":"Pace Stock Broking Services Limited","location":"Delhi","duration":"6 Months","stipend":"10,000-25,000 /month","applications":"Be an early applicant","skills":["Adobe Photoshop","Android","Dart","Figma","Firebase","Flutter","iOS","REST API"],"perks":["Certificate","Letter of recommendation","Informal dress code","Job offer"],"openings":"5"},{"url":"/internship/detail/front-end-development-reactjs-work-from-home-job-internship-at-omikron-technologies-private-limited1667552515","name":"Front End Development (ReactJS)","company":"Omikron Technologies Private Limited","location":"Work From Home","duration":"3 Months","stipend":"10,000 /month","applications":"604 applicants","skills":["Bootstrap","CSS","HTML","MEAN/MERN Stack","ReactJS","Redux"],"perks":["Certificate","Letter of recommendation","Flexible work hours"],"openings":"3"},{"url":"/internship/detail/web-development-internship-in-ghaziabad-at-digital-info-solutions-private-limited1667477164","name":"Web Development","company":"Digital Info Solutions Private Limited","location":"Ghaziabad","duration":"6 Months","stipend":"4,000-12,000 /month","applications":"Be an early applicant","skills":["ASP.NET","C#","HTML","MS SQL Server"],"perks":["Job offer"],"openings":"10"},{"url":"/internship/detail/fullstack-development-ai-ml-work-from-home-job-internship-at-cybranex1667496918","name":"Fullstack Development (AI/ML)","company":"CybraneX","location":"Work From Home","duration":"3 Months","stipend":"2,500-3,500 /month","applications":"67 applicants","skills":["Computer Vision","CSS","Django","Git","HTML","Java","JavaScript","Natural Language Processing (NLP)","PHP","Python","ReactJS"],"perks":["Certificate","Letter of recommendation","Flexible work hours"],"openings":"2"},{"url":"/internship/detail/technical-project-management-work-from-home-job-internship-at-zansys-technologies1667550299","name":"Technical Project Management","company":"Zansys Technologies","location":"Work From Home","duration":"4 Months","stipend":"10,000 /month","applications":"58 applicants","skills":["English Proficiency (Spoken)","Software Testing"],"perks":["Certificate","Letter of recommendation","5 days a week"],"openings":"4"},{"url":"/internship/detail/mern-development-work-from-home-job-internship-at-possibuild-building-technologies1667549371","name":"MERN Development","company":"PossiBuild Building Technologies","location":"Work From Home","duration":"6 Months","stipend":"10,000-12,000 /month","applications":"40 applicants","skills":["MongoDB","Node.js","ReactJS"],"perks":["Certificate","5 days a week"],"openings":"2"},{"url":"/internship/detail/functional-and-test-engineering-work-from-home-job-internship-at-yebelo-technology1667548232","name":"Functional And Test Engineering","company":"Yebelo Technology","location":"Work From Home","duration":"3 Months","stipend":"25,000-30,000 /month","applications":"31 applicants","skills":["Client Relationship","English Proficiency (Spoken)","English Proficiency (Written)","Software Testing"],"perks":["Job offer"],"openings":"1"},{"url":"/internship/detail/java-development-internship-in-pune-at-quadwave-consulting1667471259","name":"Java Development","company":"Quadwave Consulting","location":"Pune","duration":"6 Months","stipend":"10,000-15,000 /month","applications":"95 applicants","skills":["HTML","Java","JavaScript","jQuery","JSP","MySQL","Servlets"],"perks":["Certificate","Letter of recommendation","Informal dress code","5 days a week","Free snacks & beverages","Job offer"],"openings":"10"},{"url":"/internship/detail/flutter-development-internship-in-delhi-at-nutrabay1667547415","name":"Flutter Development","company":"Nutrabay","location":"Delhi","duration":"4 Months","stipend":"15,000 /month","applications":"Be an early applicant","skills":["Flutter"],"perks":[],"openings":"1"},{"url":"/internship/detail/python-development-internship-in-multiple-locations-at-fact-wise-tech1667546356","name":"Python Development","company":"Fact Wise Tech","location":"Thane","duration":"3 Months","stipend":"7,000-15,000 /month","applications":"Be an early applicant","skills":["Django","Python"],"perks":["Letter of recommendation","Informal dress code","5 days a week","Job offer"],"openings":"2"},{"url":"/internship/detail/full-stack-development-web-application-development-work-from-home-job-internship-at-aero2astro1667545957","name":"Full Stack Development/Web Application Development","company":"Aero2Astro","location":"Work From Home","duration":"3 Months","stipend":"10,000 lump sum","applications":"71 applicants","skills":["Amazon Web Server (AWS)","Amazon Web Services (AWS)","AngularJS","C++ Programming","DigitalOcean","Django","Express.js","JavaScript","LARAVEL","Linux","Node.js","Python","ReactJS","React Native","Spring MVC","Tailwind CSS","User Interface (UI) Development","Windows Mobile Application Development"],"perks":["Certificate","Letter of recommendation"],"openings":"6"},{"url":"/internship/detail/manual-quality-analysis-internship-in-gurgaon-at-wijungle-by-httpcart1667544569","name":"Manual Quality Analysis","company":"WiJungle - by HttpCart","location":"Gurgaon","duration":"6 Months","stipend":"17,000-18,000 /month","applications":"45 applicants","skills":["Computer Networking","GUI Testing","Manual Testing"],"perks":["Certificate","Letter of recommendation","Job offer"],"openings":"2"},{"url":"/internship/detail/net-development-work-from-home-job-internship-at-vdoit-technologies-private-limited1667544427","name":".NET Development","company":"vDoIT Technologies Private Limited","location":"Work From Home","duration":"6 Months","stipend":"8,000 /month","applications":"Be an early applicant","skills":[".NET","ASP.NET","C#","CSS","HTML","Microsoft Azure","Model View Controller(MVC)","MS SQL Server","REST API"],"perks":["Certificate","Letter of recommendation"],"openings":"2"},{"url":"/internship/detail/net-development-internship-in-nagpur-at-cyberathon1667468512","name":".NET Development","company":"Cyberathon","location":"Nagpur","duration":"6 Months","stipend":"3,000 /month","applications":"Be an early applicant","skills":["ASP.NET","CSS","HTML","JavaScript"],"perks":["Certificate","Job offer"],"openings":"10"},{"url":"/internship/detail/electronics-engineering-iot-internship-in-multiple-locations-at-experiencesdigital1667458527","name":"Electronics Engineering - IOT","company":"Experiences.digital","location":"Chennai","duration":"6 Months","stipend":"10,000 /month","applications":"56 applicants","skills":["Python"],"perks":["Certificate","5 days a week"],"openings":"2"},{"url":"/internship/detail/python-development-work-from-home-job-internship-at-vaultedge-software-private-limited1667537274","name":"Python Development","company":"Vaultedge Software Private Limited","location":"Work From Home","duration":"6 Months","stipend":"30,000-35,000 /month","applications":"89 applicants","skills":[],"perks":["5 days a week","Job offer"],"openings":"2"},{"url":"/internship/detail/python-development-work-from-home-job-internship-at-relu-consultancy1667535333","name":"Python Development","company":"Relu Consultancy","location":"Work From Home","duration":"6 Months","stipend":"10,000-20,000 /month","applications":"94 applicants","skills":["Django","GitHub","JSON","MongoDB","Python","SQL"],"perks":["Certificate","Letter of recommendation","Flexible work hours"],"openings":"5"},{"url":"/internship/detail/computer-vision-work-from-home-job-internship-at-volmo-private-limited1667502405","name":"Computer Vision","company":"VOLMO Private Limited","location":"Work From Home","duration":"6 Months","stipend":"1,000 /month","applications":"30 applicants","skills":["Computer Vision","Deep Learning","Image Processing","Machine Learning","OpenCV","Python"],"perks":["Letter of recommendation","Flexible work hours"],"openings":"1"}]}