{"success":9,"failed":0,"internships":[{"url":"/internship/detail/subject-matter-expert-statistics-work-from-home-job-internship-at-mymegaminds1667574797","name":"Subject Matter Expert (Statistics)","company":"MyMegaminds","location":"Work From Home","duration":"2 Months","stipend":"2,000-2,500 /week","applications":"67 applicants","skills":["Algorithms","Database Testing","MS-Excel","SPSS","Statistical Modeling","Statistics"],"perks":["Certificate","Letter of recommendation","Flexible work hours"],"openings":"5"},{"url":"/internship/detail/statistics-tutoring-sme-work-from-home-job-internship-at-tvm-e-learning1667541799","name":"Statistics Tutoring (SME)","company":"TVM E-Learning","location":"Work From Home","duration":"6 Months","stipend":"14,000-18,000 /month","applications":"Be an early applicant","skills":["Statistics","Subject Matter Expert (SME)"],"perks":["Certificate"],"openings":"3"},{"url":"/internship/detail/subject-matter-expert-cse-probability-statistics-work-from-home-job-internship-at-quesba-edutech-private-limited1667545063","name":"Subject Matter Expert (CSE/Probability Statistics)","company":"Quesba Edutech Private Limited","location":"Work From Home","duration":"4 Months","stipend":"10,000 /month + Incentives","applications":"Be an early applicant","skills":[],"perks":["Certificate","Flexible work hours"],"openings":"20"},{"url":"/internship/detail/quantity-survey-internship-in-coimbatore-at-a-plus-r-architects1667383488","name":"Quantity Survey","company":"A Plus R Architects","location":"Coimbatore","duration":"4 Months","stipend":"4,000-10,000 /month","applications":"Be an early applicant","skills":["MS-Excel"],"perks":["Certificate","Letter of recommendation","Flexible work hours"],"openings":"2"},{"url":"/internship/detail/subject-matter-expert-sme-maths-statistics-work-from-home-job-internship-at-miwo-eduserve1667368459","name":"Subject Matter Expert (SME) -Maths & Statistics","company":"Miwo Eduserve","location":"Work From Home","duration":"2 Months","stipend":"5,000 /month","applications":"75 applicants","skills":["Biology","Biostatistics","Chemistry","Mathematics","Molecular Biology Techniques","Physics"],"perks":["Certificate","Letter of recommendation"],"openings":"5"},{"url":"/internship/detail/teaching-statistics-sme-work-from-home-job-internship-at-tvm-e-learning1667363365","name":"Teaching (Statistics - SME)","company":"TVM E-Learning","location":"Work From Home","duration":"6 Months","stipend":"12,000-16,000 /month","applications":"Be an early applicant","skills":["MS-Office","Online Teaching","Statistics","Subject Matter Expert (SME)"],"perks":["Certificate","Letter of recommendation","Flexible work hours"],"openings":"6"},{"url":"/internship/detail/stock-market-trading-internship-in-delhi-at-samridhi-arora1666950683","name":"Stock Market Trading","company":"Samridhi Arora","location":"Delhi","duration":"6 Months","stipend":"3,000 /month","applications":"Be an early applicant","skills":["Financial Modeling","Mathematics","SharePoint","Statistical Modeling","Statistics","Stock Trading"],"perks":["Certificate","Letter of recommendation","Flexible work hours"],"openings":"20"},{"url":"/internship/detail/subject-matter-expert-statistics-work-from-home-job-internship-at-grade-up-assignment1666759307","name":"Subject Matter Expert (Statistics)","company":"Grade Up Assignment","location":"Work From Home","duration":"1 Month","stipend":"10,000-20,000 /month","applications":"152 applicants","skills":["Data Analytics","Data Science","Data Structures","Econometrics","Economics","EViews","LaTeX","MATLAB","Python","R Programming","SAP","SAS","Sass","SPSS","STATA"],"perks":["Certificate","Letter of recommendation","Flexible work hours"],"openings":"20"},{"url":"/internship/detail/subject-matter-expert-mathematics-work-from-home-job-internship-at-mymegaminds1666496795","name":"Subject Matter Expert (Mathematics)","company":"MyMegaminds","location":"Work From Home","duration":"3 Months","stipend":"3,000-3,500 /week","applications":"406 applicants","skills":["Algorithms","Mathematics","MS-Excel"],"perks":["Letter of recommendation","Flexible work hours"],"openings":"5"}]}