{"success":19,"failed":0,"internships":[{"url":"/internship/detail/b2b-sales-internship-in-delhi-at-stirring-minds1667413152","name":"B2B Sales","company":"Stirring Minds","location":"Delhi","duration":"3 Months","stipend":"10,000-12,000 /month","applications":"Be an early applicant","skills":[],"perks":["Certificate","Informal dress code","Free snacks & beverages","Job offer"],"openings":"5"},{"url":"/internship/detail/business-strategy-internship-in-gurgaon-at-cur81667549687","name":"Business Strategy","company":"CUR8","location":"Gurgaon","duration":"3 Months","stipend":"15,000 /month","applications":"Be an early applicant","skills":["English Proficiency (Spoken)","English Proficiency (Written)","MS-Excel","Research and Analytics"],"perks":["Job offer"],"openings":"2"},{"url":"/internship/detail/international-sales-and-strategy-work-from-home-job-internship-at-namasys-private-limited1667473441","name":"International Sales and Strategy","company":"Namasys Private Limited","location":"Work From Home","duration":"3 Months","stipend":"20,000 /month","applications":"Be an early applicant","skills":["Business Analysis","Business Research","Email Marketing","Sales","Sales and Marketing"],"perks":["Certificate","Letter of recommendation"],"openings":"2"},{"url":"/internship/detail/business-strategy-work-from-home-job-internship-at-anywhere-market1667400717","name":"Business Strategy","company":"Anywhere Market","location":"Work From Home","duration":"2 Months","stipend":"1,000 /month","applications":"Be an early applicant","skills":["Creative Writing","English Proficiency (Spoken)","English Proficiency (Written)","Figma","Financial Modeling","MS-Excel","MS-Office","MS-PowerPoint","Research and Analytics"],"perks":["Certificate","Flexible work hours","5 days a week","Job offer"],"openings":"15"},{"url":"/internship/detail/social-media-marketing-work-from-home-job-internship-at-corizo1667382598","name":"Social Media Marketing","company":"Corizo","location":"Work From Home","duration":"1 Month","stipend":"5,000 /month + Incentives","applications":"132 applicants","skills":["Content Marketing","Digital Marketing","Email Marketing","Facebook Marketing","Instagram Marketing","Sales and Marketing","Social Media Marketing"],"perks":["Certificate","Letter of recommendation","Flexible work hours","5 days a week","Job offer"],"openings":"10"},{"url":"/internship/detail/business-strategy-internship-in-multiple-locations-at-indian-design-company1667398545","name":"Business Strategy","company":"Indian Design Company","location":"Delhi","duration":"3 Months","stipend":"10,000-15,000 /month","applications":"Be an early applicant","skills":["English Proficiency (Spoken)","English Proficiency (Written)","MS-Excel","MS-PowerPoint","Research and Analytics"],"perks":["Certificate","Letter of recommendation","Informal dress code","5 days a week","Free snacks & beverages","Job offer"],"openings":"1"},{"url":"/internship/detail/marketing-internship-in-mumbai-at-bombay-powerco-private-limited1667373850","name":"Marketing","company":"Bombay Powerco Private Limited","location":"Mumbai","duration":"3 Months","stipend":"7,000-10,000 /month","applications":"Be an early applicant","skills":["Digital Marketing","English Proficiency (Spoken)","Social Media Marketing"],"perks":["Certificate","Letter of recommendation","Job offer"],"openings":"1"},{"url":"/internship/detail/business-strategy-internship-in-delhi-at-spectrum-insurnace1667381118","name":"Business Strategy","company":"Spectrum Insurnace","location":"Delhi","duration":"2 Months","stipend":"6,000 /month","applications":"Be an early applicant","skills":["MS-Excel","MS-PowerPoint"],"perks":["Certificate","Letter of recommendation"],"openings":"10"},{"url":"/internship/detail/business-development-strategy-internship-in-gautam-buddh-nagar-at-get-me-rank1667380238","name":"Business Development Strategy","company":"Get Me Rank","location":"Gautam Buddh Nagar","duration":"6 Months","stipend":"12,000-18,000 /month","applications":"Be an early applicant","skills":["English Proficiency (Spoken)","English Proficiency (Written)","Hindi Proficiency (Spoken)"],"perks":["Certificate","Letter of recommendation","Flexible work hours","Informal dress code","5 days a week"],"openings":"1"},{"url":"/internship/detail/marketing-work-from-home-job-internship-at-my-next-film-private-limited1667298187","name":"Marketing","company":"My Next Film Private Limited","location":"Work From Home","duration":"6 Months","stipend":"8,000 /month","applications":"Be an early applicant","skills":["Digital Marketing","Email Marketing","English Proficiency (Spoken)","English Proficiency (Written)","Hindi Proficiency (Spoken)","MS-Excel","MS-Office","Social Media Marketing"],"perks":["Certificate"],"openings":"8"},{"url":"/internship/detail/finance-work-from-home-job-internship-at-cavadium1667298734","name":"Finance","company":"Cavadium","location":"Work From Home","duration":"6 Months","stipend":"6,000-10,000 /month","applications":"80 applicants","skills":[],"perks":["Certificate","Letter of recommendation"],"openings":"10"},{"url":"/internship/detail/growth-and-strategy-work-from-home-job-internship-at-vizibly-technologies-private-limited-quantel1667304629","name":"Growth And Strategy","company":"Vizibly Technologies Private Limited (Quantel)","location":"Work From Home","duration":"3 Months","stipend":"2,500-3,000 /month","applications":"Be an early applicant","skills":[],"perks":["Certificate","Flexible work hours"],"openings":"1"},{"url":"/internship/detail/business-development-and-management-work-from-home-job-internship-at-abhayudaan-foundation1666965963","name":"Business Development And Management","company":"Abhayudaan Foundation","location":"Work From Home","duration":"6 Months","stipend":"Unpaid","applications":"Be an early applicant","skills":["Business Analysis","Business Research","Content Writing","Digital Marketing","English Proficiency (Spoken)","English Proficiency (Written)","Social Media Marketing"],"perks":["Certificate","Letter of recommendation","Flexible work hours"],"openings":"3"},{"url":"/internship/detail/strategic-leading-work-from-home-job-internship-at-ulead1666941413","name":"Strategic Leading","company":"Ulead","location":"Work From Home","duration":"1 Month","stipend":"2,000-5,000 /month","applications":"268 applicants","skills":["English Proficiency (Spoken)","Sales","Sales and Marketing","Social Media Marketing"],"perks":["Certificate","Letter of recommendation","Flexible work hours"],"openings":"10"},{"url":"/internship/detail/business-strategy-work-from-home-job-internship-at-essentia-extracts1666941051","name":"Business Strategy","company":"Essentia Extracts","location":"Work From Home","duration":"3 Months","stipend":"2,500 /month","applications":"Be an early applicant","skills":["English Proficiency (Spoken)","English Proficiency (Written)","MS-Excel","MS-PowerPoint","Research and Analytics"],"perks":["Certificate","Letter of recommendation","Flexible work hours","Job offer"],"openings":"2"},{"url":"/internship/detail/business-development-sales-work-from-home-job-internship-at-shrees-crochet1666717489","name":"Business Development (Sales)","company":"Shree's Crochet","location":"Work From Home","duration":"3 Months","stipend":"1,000 /month + Incentives","applications":"Be an early applicant","skills":["Email Marketing","English Proficiency (Spoken)","MS-Excel","Social Media Marketing"],"perks":["Certificate","Letter of recommendation","Flexible work hours","5 days a week"],"openings":"2"},{"url":"/internship/detail/business-development-sales-internship-in-delhi-at-trucknetic1666734065","name":"Business Development (Sales)","company":"Trucknetic","location":"Delhi","duration":"3 Months","stipend":"8,000-12,000 /month","applications":"Be an early applicant","skills":[],"perks":["Certificate","Letter of recommendation","Informal dress code","Job offer"],"openings":"8"},{"url":"/internship/detail/growth-hacking-work-from-home-job-internship-at-peakpals1666678750","name":"Growth Hacking","company":"PeakPals","location":"Work From Home","duration":"3 Weeks","stipend":"5,000 lump sum","applications":"97 applicants","skills":[],"perks":["Certificate","Letter of recommendation"],"openings":"1"},{"url":"/internship/detail/business-analysis-product-management-work-from-home-job-internship-at-nextedge-labs1665051159","name":"Business Analysis/Product Management","company":"NextEdge Labs","location":"Work From Home","duration":"6 Months","stipend":"5,000 /month","applications":"207 applicants","skills":["Product Lifecycle Management(PLM)","Product Management","Research and Analytics"],"perks":["Certificate","Letter of recommendation","Flexible work hours"],"openings":"2"}]}