{"success":40,"failed":0,"internships":[{"url":"/internship/detail/sme-biology-chemistry-work-from-home-job-internship-at-vedantu-innovations-private-limited1666414568","name":"SME (Biology-Chemistry)","company":"Vedantu Innovations Private Limited","location":"Work From Home","duration":"3 Months","stipend":"12,000 /month","applications":"541 applicants","skills":["Biology","Chemistry","MS-Office"],"perks":[],"openings":"2"},{"url":"/internship/detail/academic-content-development-internship-in-mumbai-at-iide-education-private-limited1666936405","name":"Academic Content Development","company":"IIDE Education Private Limited","location":"Mumbai","duration":"6 Months","stipend":"5,000 /month","applications":"Be an early applicant","skills":["Content Writing","English Proficiency (Spoken)","English Proficiency (Written)","Google Workspace"],"perks":["Certificate","Letter of recommendation"],"openings":"1"},{"url":"/internship/detail/subject-matter-expert-english-internship-in-delhi-at-unimonks1667553165","name":"Subject Matter Expert (English)","company":"Unimonks","location":"Delhi","duration":"3 Months","stipend":"5,000-16,000 /month","applications":"Be an early applicant","skills":["Online Teaching"],"perks":["Certificate","Letter of recommendation"],"openings":"2"},{"url":"/internship/detail/upsc-subject-matter-expert-internship-in-delhi-at-unimonks1667483112","name":"UPSC Subject Matter Expert","company":"Unimonks","location":"Delhi","duration":"3 Months","stipend":"5,000-12,000 /month","applications":"Be an early applicant","skills":[],"perks":["Certificate","Letter of recommendation"],"openings":"4"},{"url":"/internship/detail/ca-inter-subject-matter-expert-for-account-and-finance--internship-in-jaipur-at-requin-solutions-private-limited1667623375","name":"CA Inter (Subject Matter Expert For Account And Finance )","company":"Requin Solutions Private Limited","location":"Jaipur","duration":"6 Months","stipend":"10,000 /month","applications":"Be an early applicant","skills":[],"perks":["Informal dress code"],"openings":"10"},{"url":"/internship/detail/subject-matter-expert-sme-upsc-psir-internship-in-delhi-at-unimonks1667483269","name":"Subject Matter Expert (SME)- UPSC PSIR","company":"Unimonks","location":"Delhi","duration":"4 Months","stipend":"5,000-18,000 /month","applications":"Be an early applicant","skills":[],"perks":["Certificate","Letter of recommendation"],"openings":"2"},{"url":"/internship/detail/academic-writing-teacher-training-program-internship-in-noida-at-cloudbird-digital-private-limited1667458431","name":"Academic Writing (Teacher Training Program)","company":"CloudBird Digital Private Limited","location":"Noida","duration":"3 Months","stipend":"10,000-12,000 /month","applications":"Be an early applicant","skills":["Biology","Chemistry","Content Writing","English Proficiency (Spoken)","English Proficiency (Written)","Mathematics"],"perks":["Certificate","Letter of recommendation","Flexible work hours"],"openings":"20"},{"url":"/internship/detail/academic-content-writting-accounting-internship-in-noida-at-evelyn-learning-systems1667321812","name":"Academic Content Writting - Accounting","company":"Evelyn Learning Systems","location":"Noida","duration":"5 Months","stipend":"12,000 /month","applications":"31 applicants","skills":["Accounting","MS-Excel","MS-Office","MS-Word","Tally"],"perks":["Certificate","Letter of recommendation","5 days a week"],"openings":"4"},{"url":"/internship/detail/academic-content-expert-for-physics-english-part-time-job-internship-at-varanasi-in-qa-solvers1667471144","name":"Academic Content Expert for Physics (English)","company":"QA Solvers","location":"Varanasi","duration":"4 Months","stipend":"17,000-25,000 /month","applications":"Be an early applicant","skills":["Content Writing","English Proficiency (Spoken)","English Proficiency (Written)","Online Teaching","Physics","Subject Matter Expert (SME)","Teaching"],"perks":["Certificate","Letter of recommendation","Flexible work hours"],"openings":"4"},{"url":"/internship/detail/academic-content-expert-for-mathematics-english-part-time-job-internship-at-varanasi-in-qa-solvers1667471260","name":"Academic Content Expert for Mathematics (English)","company":"QA Solvers","location":"Varanasi","duration":"4 Months","stipend":"17,000-25,000 /month","applications":"Be an early applicant","skills":["Content Writing","English Proficiency (Spoken)","English Proficiency (Written)","Mathematics","Online Teaching","Subject Matter Expert (SME)","Teaching"],"perks":["Certificate","Letter of recommendation","Flexible work hours"],"openings":"5"},{"url":"/internship/detail/academic-content-expert-in-chemistry-english-part-time-job-internship-at-varanasi-in-qa-solvers1667470986","name":"Academic Content Expert in Chemistry (English)","company":"QA Solvers","location":"Varanasi","duration":"4 Months","stipend":"17,000-23,000 /month","applications":"Be an early applicant","skills":["Chemistry","Content Writing","English Proficiency (Spoken)","English Proficiency (Written)","Online Teaching","Subject Matter Expert (SME)","Teaching"],"perks":["Certificate","Letter of recommendation"],"openings":"4"},{"url":"/internship/detail/q-a-solving-various-subjects-work-from-home-job-internship-at-hazzten1667632462","name":"Q&A Solving (Various Subjects)","company":"HaZZten","location":"Work From Home","duration":"5 Months","stipend":"15,000 /month + Incentives","applications":"122 applicants","skills":["LaTeX","MATLAB","Subject Matter Expert (SME)"],"perks":["Certificate","Flexible work hours"],"openings":"15"},{"url":"/internship/detail/subject-matter-expert-statistics-work-from-home-job-internship-at-mymegaminds1667574797","name":"Subject Matter Expert (Statistics)","company":"MyMegaminds","location":"Work From Home","duration":"2 Months","stipend":"2,000-2,500 /week","applications":"67 applicants","skills":["Algorithms","Database Testing","MS-Excel","SPSS","Statistical Modeling","Statistics"],"perks":["Certificate","Letter of recommendation","Flexible work hours"],"openings":"5"},{"url":"/internship/detail/teaching-mathematics-physics-internship-in-bangalore-at-cadeto-india1667544478","name":"Teaching (Mathematics & Physics)","company":"Cadeto India","location":"Bangalore","duration":"6 Months","stipend":"15,000-25,000 /month","applications":"Be an early applicant","skills":["English Proficiency (Spoken)","Mathematics","Physics"],"perks":["Certificate"],"openings":"1"},{"url":"/internship/detail/teaching-part-time-job-internship-at-dindigul-in-tamil-brand1667569187","name":"Teaching","company":"Tamil Brand","location":"Dindigul","duration":"6 Months","stipend":"5,000 /month","applications":"Be an early applicant","skills":["Teaching"],"perks":["Flexible work hours","Informal dress code","5 days a week"],"openings":"2"},{"url":"/internship/detail/teaching-physics-iit-jee-work-from-home-job-internship-at-iitianguide1667568454","name":"Teaching (Physics-IIT JEE)","company":"IITIANGUIDE","location":"Work From Home","duration":"4 Months","stipend":"20,000-50,000 /month","applications":"29 applicants","skills":[],"perks":["Certificate","Letter of recommendation","Flexible work hours"],"openings":"10"},{"url":"/internship/detail/chemistry-tutoring-sme-work-from-home-job-internship-at-tvm-e-learning1667568416","name":"Chemistry Tutoring (SME)","company":"TVM E-Learning","location":"Work From Home","duration":"6 Months","stipend":"14,000-18,000 /month","applications":"44 applicants","skills":["MS-Excel","MS-Office","Physics","Subject Matter Expert (SME)"],"perks":["Certificate","Letter of recommendation","Flexible work hours"],"openings":"5"},{"url":"/internship/detail/subject-matter-expert-mathematics-work-from-home-job-internship-at-muenot1667565191","name":"Subject Matter Expert (Mathematics)","company":"Muenot","location":"Work From Home","duration":"3 Months","stipend":"20,000 /month","applications":"44 applicants","skills":["English Proficiency (Spoken)","English Proficiency (Written)","Mathematics","Online Teaching","Teaching"],"perks":["Certificate","Flexible work hours"],"openings":"5"},{"url":"/internship/detail/teaching-pcmb-work-from-home-job-internship-at-retrograde-innovations-private-limited1667564972","name":"Teaching (PCMB)","company":"Retrograde Innovations Private Limited","location":"Work From Home","duration":"6 Months","stipend":"2,000-15,000 /month","applications":"65 applicants","skills":["Biology","Chemistry","Mathematics","Online Teaching","Physics","Subject Matter Expert (SME)","Teaching"],"perks":["5 days a week"],"openings":"10"},{"url":"/internship/detail/statistics-tutoring-sme-work-from-home-job-internship-at-tvm-e-learning1667541799","name":"Statistics Tutoring (SME)","company":"TVM E-Learning","location":"Work From Home","duration":"6 Months","stipend":"14,000-18,000 /month","applications":"Be an early applicant","skills":["Statistics","Subject Matter Expert (SME)"],"perks":["Certificate"],"openings":"3"},{"url":"/internship/detail/subject-matter-expert-mathematics-physics-work-from-home-job-internship-at-dimentics-info-tech-private-limited1667564666","name":"Subject Matter Expert (Mathematics & Physics)","company":"Dimentics Info Tech Private Limited","location":"Work From Home","duration":"2 Months","stipend":"10,000-12,000 /month","applications":"73 applicants","skills":["Mathematics","MS-Office","Physics","Subject Matter Expert (SME)"],"perks":["Certificate","Letter of recommendation","Flexible work hours","5 days a week"],"openings":"50"},{"url":"/internship/detail/content-writing-internship-in-mumbai-at-traininginbox-edtech-private-limited1667532952","name":"Content Writing","company":"TrainingInbox Edtech Private Limited","location":"Mumbai","duration":"3 Months","stipend":"5,000-10,000 /month","applications":"Be an early applicant","skills":["Blogging","Creative Writing","Digital Marketing","English Proficiency (Spoken)","English Proficiency (Written)"],"perks":["Certificate","Flexible work hours","5 days a week","Free snacks & beverages"],"openings":"5"},{"url":"/internship/detail/subject-matter-expert-sme-work-from-home-job-internship-at-successcurve1667489484","name":"Subject Matter Expert (SME)","company":"Successcurve","location":"Work From Home","duration":"3 Months","stipend":"1,000 /month + Incentives","applications":"Be an early applicant","skills":["Mathematics","MS-Office","Subject Matter Expert (SME)"],"perks":["Certificate","Letter of recommendation","Flexible work hours"],"openings":"4"},{"url":"/internship/detail/subject-matter-expert-sme-internship-in-jaipur-at-requin-solutions-private-limited1667558684","name":"Subject Matter Expert (SME)","company":"Requin Solutions Private Limited","location":"Jaipur","duration":"6 Months","stipend":"8,000-10,000 /month","applications":"Be an early applicant","skills":["AutoCAD","Biology","Chemistry","Data Analytics","Data Science","English Proficiency (Written)","Java","Mathematics","Physics","Python","Subject Matter Expert (SME)"],"perks":[],"openings":"15"},{"url":"/internship/detail/doubt-solving-pen-tab-based-videos-teaching-work-from-home-job-internship-at-ira-academy1667557447","name":"Doubt Solving (Pen Tab Based Videos)/Teaching","company":"IRA Academy","location":"Work From Home","duration":"6 Months","stipend":"1,000-10,000 /month","applications":"49 applicants","skills":["Biology","Chemistry","Content Writing","Hindi Proficiency (Spoken)","Mathematics","Online Teaching","Physics","Python","Teaching","Video Making"],"perks":["Certificate","Letter of recommendation","Flexible work hours"],"openings":"25"},{"url":"/internship/detail/subject-matter-expert-medical-internship-in-jaipur-at-requin-solutions-private-limited1667556613","name":"Subject Matter Expert (Medical)","company":"Requin Solutions Private Limited","location":"Jaipur","duration":"6 Months","stipend":"10,000-12,000 /month","applications":"Be an early applicant","skills":["Biology"],"perks":[],"openings":"10"},{"url":"/internship/detail/teaching-programming-language-work-from-home-job-internship-at-wonkovation-technology1667555797","name":"Teaching (Programming Language)","company":"Wonkovation Technology","location":"Work From Home","duration":"6 Months","stipend":"1,500-4,000 /month","applications":"Be an early applicant","skills":["CSS","Data Science","HTML","Java","JavaScript","Machine Learning","Online Teaching","SQL"],"perks":["Certificate"],"openings":"2"},{"url":"/internship/detail/subject-matter-expert-sme-cds-and-nda-exam-work-from-home-job-internship-at-physics-wallah1667458154","name":"Subject Matter Expert (SME)- CDS And NDA Exam","company":"Physics Wallah","location":"Work From Home","duration":"3 Months","stipend":"10,000-12,000 /month","applications":"162 applicants","skills":[],"perks":["Flexible work hours"],"openings":"10"},{"url":"/internship/detail/text-solutions-compact-answering-physics-business-studies-mathematics-law-humanities-work-from-home-job-internship-at-cloudbird-digital-private-limited1667555196","name":"Text Solutions - Compact Answering (Physics/Business Studies/Mathematics/Law/Humanities)","company":"CloudBird Digital Private Limited","location":"Work From Home","duration":"3 Months","stipend":"7,000-8,000 /month","applications":"175 applicants","skills":["Accounting","Mathematics","Physics"],"perks":["Certificate","Flexible work hours"],"openings":"20"},{"url":"/internship/detail/subject-matter-expert-finance--internship-in-jaipur-at-requin-solutions-private-limited1667553969","name":"Subject Matter Expert (Finance )","company":"Requin Solutions Private Limited","location":"Jaipur","duration":"6 Months","stipend":"10,000 /month","applications":"Be an early applicant","skills":["Data Analytics","MS-Excel"],"perks":["Certificate"],"openings":"4"},{"url":"/internship/detail/subject-matter-expert-sme-work-from-home-job-internship-at-study-healthy-info-tech1666308159","name":"Subject Matter Expert (SME)","company":"Study Healthy Info-Tech","location":"Work From Home","duration":"1 Month","stipend":"10,000 /month + Incentives","applications":"65 applicants","skills":[],"perks":["Certificate","Letter of recommendation","Flexible work hours","5 days a week","Job offer"],"openings":"49"},{"url":"/internship/detail/subject-matter-expert-sme-work-from-home-job-internship-at-edu-you1667494121","name":"Subject Matter Expert (SME)","company":"Edu&You","location":"Work From Home","duration":"3 Months","stipend":"12,000-15,000 /month","applications":"38 applicants","skills":[],"perks":["Certificate","Flexible work hours"],"openings":"5"},{"url":"/internship/detail/quality-analysis-biology-work-from-home-job-internship-at-qa-solvers1667548871","name":"Quality Analysis (Biology)","company":"QA Solvers","location":"Work From Home","duration":"3 Months","stipend":"12,000-15,000 /month","applications":"218 applicants","skills":["Biology","English Proficiency (Spoken)","English Proficiency (Written)"],"perks":["Letter of recommendation","Flexible work hours"],"openings":"3"},{"url":"/internship/detail/pure-hindi-video-solution-pcmb-work-from-home-job-internship-at-zee-edtech1667548784","name":"Pure Hindi Video Solution (PCMB)","company":"Zee Edtech","location":"Work From Home","duration":"1 Month","stipend":"10,000-20,000 /month","applications":"34 applicants","skills":["Biology","Chemistry","Hindi Proficiency (Spoken)","Hindi Proficiency (Written)","Mathematics","Physics"],"perks":["Certificate","Flexible work hours"],"openings":"10"},{"url":"/internship/detail/quality-analysis-chemistry-work-from-home-job-internship-at-qa-solvers1667548125","name":"Quality Analysis (Chemistry)","company":"QA Solvers","location":"Work From Home","duration":"3 Months","stipend":"12,000-15,000 /month","applications":"78 applicants","skills":["Chemistry","English Proficiency (Spoken)","English Proficiency (Written)"],"perks":["Letter of recommendation","Flexible work hours"],"openings":"3"},{"url":"/internship/detail/quality-analysis-physics-work-from-home-job-internship-at-qa-solvers1667547208","name":"Quality Analysis (Physics)","company":"QA Solvers","location":"Work From Home","duration":"3 Months","stipend":"12,000-15,000 /month","applications":"58 applicants","skills":["English Proficiency (Spoken)","English Proficiency (Written)","Physics"],"perks":["Certificate","Letter of recommendation","Flexible work hours"],"openings":"3"},{"url":"/internship/detail/quality-analysis-mathematics-work-from-home-job-internship-at-qa-solvers1667547293","name":"Quality Analysis (Mathematics)","company":"QA Solvers","location":"Work From Home","duration":"3 Months","stipend":"12,000-15,000 /month","applications":"96 applicants","skills":["English Proficiency (Spoken)","English Proficiency (Written)","Mathematics"],"perks":["Certificate","Letter of recommendation","Flexible work hours"],"openings":"3"},{"url":"/internship/detail/subject-matter-expert-management-work-from-home-job-internship-at-quesba-edutech-private-limited1667477933","name":"Subject Matter Expert (Management)","company":"Quesba Edutech Private Limited","location":"Work From Home","duration":"2 Months","stipend":"10,000 /month + Incentives","applications":"66 applicants","skills":["Content Writing","English Proficiency (Written)","Research and Analytics"],"perks":["Certificate","Flexible work hours"],"openings":"20"},{"url":"/internship/detail/subject-matter-expert-cse-probability-statistics-work-from-home-job-internship-at-quesba-edutech-private-limited1667545063","name":"Subject Matter Expert (CSE/Probability Statistics)","company":"Quesba Edutech Private Limited","location":"Work From Home","duration":"4 Months","stipend":"10,000 /month + Incentives","applications":"Be an early applicant","skills":[],"perks":["Certificate","Flexible work hours"],"openings":"20"},{"url":"/internship/detail/subject-matter-expert-sme-ca-and-commerce-work-from-home-job-internship-at-physics-wallah1667457830","name":"Subject Matter Expert (SME)- CA And Commerce","company":"Physics Wallah","location":"Work From Home","duration":"3 Months","stipend":"10,000-12,000 /month","applications":"204 applicants","skills":[],"perks":["Flexible work hours"],"openings":"10"}]}