{"success":12,"failed":0,"internships":[{"url":"/internship/detail/fashion-consultantcy-internship-in-multiple-locations-at-reliance-brands-limited1667205170","name":"Fashion Consultantcy","company":"Reliance Brands Limited","location":"Ahmedabad","duration":"3 Months","stipend":"19,000 /month","applications":"147 applicants","skills":[],"perks":["Flexible work hours","Informal dress code"],"openings":"40"},{"url":"/internship/detail/supply-chain-management-scm-internship-in-bangalore-at-pereyan-llp1667320969","name":"Supply Chain Management (SCM)","company":"Pereyan LLP","location":"Bangalore","duration":"6 Months","stipend":"10,000 /month","applications":"31 applicants","skills":[],"perks":[],"openings":"1"},{"url":"/internship/detail/supply-chain-management-scm-internship-in-bangalore-at-nymble-labs-private-limited1667558195","name":"Supply Chain Management (SCM)","company":"Nymble Labs Private Limited","location":"Bangalore","duration":"3 Months","stipend":"25,000 /month","applications":"Be an early applicant","skills":["English Proficiency (Spoken)","English Proficiency (Written)","Hindi Proficiency (Spoken)","Kannada Proficiency (Spoken)","MS-Excel","MS-Office","MS-PowerPoint","MS-Word"],"perks":["Certificate","Letter of recommendation","Flexible work hours","Informal dress code","5 days a week","Free snacks & beverages"],"openings":"2"},{"url":"/internship/detail/vendor-management-internship-in-mumbai-at-elemantrain1667554126","name":"Vendor Management","company":"Elemantra.in","location":"Mumbai","duration":"2 Months","stipend":"20,000 /month","applications":"Be an early applicant","skills":["Business Analysis"],"perks":["Certificate","Informal dress code"],"openings":"1"},{"url":"/internship/detail/operations-work-from-home-job-internship-at-parth-enterprise1667451729","name":"Operations","company":"Parth Enterprise","location":"Work From Home","duration":"6 Months","stipend":"2,500 /month","applications":"Be an early applicant","skills":["English Proficiency (Spoken)","English Proficiency (Written)","MS-Excel","MS-Office","MS-PowerPoint","MS-Word"],"perks":["Certificate","Letter of recommendation"],"openings":"5"},{"url":"/internship/detail/purchase-management-internship-in-vadodara-at-tekman-india-private-limited1667454167","name":"Purchase Management","company":"Tekman India Private Limited","location":"Vadodara","duration":"3 Months","stipend":"8,000-12,000 /month","applications":"Be an early applicant","skills":["MS-Excel","MS-PowerPoint","MS-Word"],"perks":["Certificate","Letter of recommendation"],"openings":"1"},{"url":"/internship/detail/supply-chain-management-scm-internship-in-delhi-at-negbuy1667391180","name":"Supply Chain Management (SCM)","company":"Negbuy","location":"Delhi","duration":"4 Months","stipend":"8,000-10,000 /month","applications":"Be an early applicant","skills":["MS-Excel"],"perks":["Certificate","Letter of recommendation","Informal dress code","5 days a week","Free snacks & beverages"],"openings":"2"},{"url":"/internship/detail/marketing-internship-in-noida-at-knine-apparels1666975547","name":"Marketing","company":"Knine Apparels","location":"Noida","duration":"6 Months","stipend":"12,000-15,000 /month","applications":"Be an early applicant","skills":["Email Marketing","English Proficiency (Spoken)","MS-Office"],"perks":["Certificate","Flexible work hours","Informal dress code","Free snacks & beverages"],"openings":"2"},{"url":"/internship/detail/supply-chain-management-scm-internship-in-mumbai-at-jenburkt-pharmaceuticals-limited1666950556","name":"Supply Chain Management (SCM)","company":"Jenburkt Pharmaceuticals Limited","location":"Mumbai","duration":"3 Months","stipend":"5,000-10,000 /month","applications":"43 applicants","skills":["English Proficiency (Spoken)","English Proficiency (Written)","Financial literacy","MS-Excel","MS-Office","MS-PowerPoint","MS-Word"],"perks":["Certificate","Letter of recommendation","Free snacks & beverages"],"openings":"1"},{"url":"/internship/detail/supply-chain-management-scm-internship-in-pune-mumbai-at-nexdigm1666947667","name":"Supply Chain Management (SCM)","company":"Nexdigm","location":"Pune","duration":"6 Months","stipend":"20,000 /month","applications":"56 applicants","skills":[],"perks":["Certificate","Letter of recommendation","5 days a week"],"openings":"5"},{"url":"/internship/detail/supply-chain-management-scm-work-from-home-job-internship-at-comet-spaces-private-limited1666861885","name":"Supply Chain Management (SCM)","company":"Comet Spaces Private Limited","location":"Work From Home","duration":"2 Months","stipend":"4,000 /month + Incentives","applications":"40 applicants","skills":["English Proficiency (Spoken)","English Proficiency (Written)","MS-Excel","MS-Office","MS-Word"],"perks":["Certificate","Letter of recommendation","Flexible work hours","5 days a week"],"openings":"1"},{"url":"/internship/detail/supply-chain-management-scm-internship-in-multiple-locations-at-bighaat1666435846","name":"Supply Chain Management (SCM)","company":"BigHaat","location":"Delhi","duration":"6 Months","stipend":"15,000 /month","applications":"162 applicants","skills":["English Proficiency (Spoken)","English Proficiency (Written)","Hindi Proficiency (Spoken)","MS-Excel","MS-Office","MS-PowerPoint","MS-Word","Telugu Proficiency (Spoken)"],"perks":["Certificate"],"openings":"20"}]}