{"success":5,"failed":0,"internships":[{"url":"/internship/detail/talent-acquisition-internship-in-bangalore-at-able-jobs1666932261","name":"Talent Acquisition","company":"Able Jobs","location":"Bangalore","duration":"3 Months","stipend":"10,000-12,000 /month","applications":"41 applicants","skills":["English Proficiency (Spoken)","English Proficiency (Written)","MS-Excel"],"perks":["Certificate","Letter of recommendation","Informal dress code","Free snacks & beverages","Job offer"],"openings":"4"},{"url":"/internship/detail/talent-acquisition-work-from-home-job-internship-at-tophire1667550579","name":"Talent Acquisition","company":"TopHire","location":"Work From Home","duration":"6 Months","stipend":"15,000 /month","applications":"102 applicants","skills":["English Proficiency (Spoken)"],"perks":["Certificate","Letter of recommendation","Flexible work hours","5 days a week"],"openings":"4"},{"url":"/internship/detail/talent-acquisition-work-from-home-job-internship-at-valued-epistemics-private-limited1667318759","name":"Talent Acquisition","company":"Valued Epistemics Private Limited","location":"Work From Home","duration":"3 Months","stipend":"12,000 /month","applications":"687 applicants","skills":["English Proficiency (Spoken)","English Proficiency (Written)","Recruitment"],"perks":["Certificate","Letter of recommendation","Job offer"],"openings":"10"},{"url":"/internship/detail/talent-acquisition-internship-in-bangalore-at-spottabl1667188943","name":"Talent Acquisition","company":"Spottabl","location":"Bangalore","duration":"4 Months","stipend":"12,000 /month","applications":"Be an early applicant","skills":["English Proficiency (Spoken)","English Proficiency (Written)","Google Suite (G Suite)"],"perks":["Certificate"],"openings":"4"},{"url":"/internship/detail/talent-acquisition-internship-in-gurgaon-at-getwork1666958183","name":"Talent Acquisition","company":"GetWork","location":"Gurgaon","duration":"3 Months","stipend":"15,000 /month","applications":"76 applicants","skills":["English Proficiency (Spoken)","English Proficiency (Written)","MS-Excel"],"perks":["Certificate","Informal dress code","Job offer"],"openings":"5"}]}