{"success":40,"failed":0,"internships":[{"url":"/internship/detail/teaching-volunteering-part-time-job-internship-at-delhi-in-teach-for-india1667474673","name":"Teaching (Volunteering)","company":"Teach For India","location":"Delhi","duration":"3 Months","stipend":"Unpaid","applications":"Be an early applicant","skills":["Teaching"],"perks":["Certificate","Letter of recommendation","Flexible work hours"],"openings":"4"},{"url":"/internship/detail/teaching-political-science-ir-internship-in-delhi-at-unimonks1667388715","name":"Teaching - Political Science & IR","company":"Unimonks","location":"Delhi","duration":"3 Months","stipend":"5,000-13,000 /month","applications":"Be an early applicant","skills":["Teaching"],"perks":["Certificate","Letter of recommendation"],"openings":"2"},{"url":"/internship/detail/subject-matter-expert-sme-upsc-psir-internship-in-delhi-at-unimonks1667483269","name":"Subject Matter Expert (SME)- UPSC PSIR","company":"Unimonks","location":"Delhi","duration":"4 Months","stipend":"5,000-18,000 /month","applications":"Be an early applicant","skills":[],"perks":["Certificate","Letter of recommendation"],"openings":"2"},{"url":"/internship/detail/academic-content-writting-accounting-internship-in-noida-at-evelyn-learning-systems1667321812","name":"Academic Content Writting - Accounting","company":"Evelyn Learning Systems","location":"Noida","duration":"5 Months","stipend":"12,000 /month","applications":"31 applicants","skills":["Accounting","MS-Excel","MS-Office","MS-Word","Tally"],"perks":["Certificate","Letter of recommendation","5 days a week"],"openings":"4"},{"url":"/internship/detail/teaching-math-internship-in-delhi-at-unimonks1667388687","name":"Teaching - Math","company":"Unimonks","location":"Delhi","duration":"4 Months","stipend":"5,000-15,000 /month","applications":"Be an early applicant","skills":["Online Teaching"],"perks":["Certificate","Letter of recommendation"],"openings":"3"},{"url":"/internship/detail/offline-tutoring-cum-mentoring-internship-in-odisha-at-clavictor-academy-private-limited1667307346","name":"Offline Tutoring-cum-Mentoring","company":"Clavictor Academy Private Limited","location":"Odisha","duration":"6 Months","stipend":"3,000-9,000 /month","applications":"Be an early applicant","skills":["English Proficiency (Spoken)","Hindi Proficiency (Spoken)","MS-Office","Online Teaching"],"perks":["Certificate"],"openings":"16"},{"url":"/internship/detail/english-language-teaching-internship-in-khammam-at-instant-online1667584628","name":"English Language Teaching","company":"Instant Online","location":"Khammam","duration":"6 Months","stipend":"5,000 /month","applications":"Be an early applicant","skills":["English Proficiency (Spoken)"],"perks":["Certificate","Letter of recommendation","Job offer"],"openings":"15"},{"url":"/internship/detail/teaching-python-machine-learning-work-from-home-job-internship-at-sure-trust1667575521","name":"Teaching (Python & Machine Learning)","company":"SURE Trust","location":"Work From Home","duration":"4 Months","stipend":"Unpaid","applications":"81 applicants","skills":["Machine Learning","Python"],"perks":["Certificate","Letter of recommendation","Flexible work hours"],"openings":"2"},{"url":"/internship/detail/teaching-mathematics-physics-internship-in-bangalore-at-cadeto-india1667544478","name":"Teaching (Mathematics & Physics)","company":"Cadeto India","location":"Bangalore","duration":"6 Months","stipend":"15,000-25,000 /month","applications":"Be an early applicant","skills":["English Proficiency (Spoken)","Mathematics","Physics"],"perks":["Certificate"],"openings":"1"},{"url":"/internship/detail/teaching-support-preschool-part-time-job-internship-at-ahmedabad-in-silver-oak-kids1667572485","name":"Teaching Support (Preschool)","company":"Silver Oak Kids","location":"Ahmedabad","duration":"4 Months","stipend":"2,500 /month","applications":"Be an early applicant","skills":["English Proficiency (Spoken)"],"perks":["Certificate","Letter of recommendation","5 days a week"],"openings":"2"},{"url":"/internship/detail/teaching-preschool-internship-in-pune-at-jumpstart-international-kindergarten-llp1667562840","name":"Teaching (Preschool)","company":"Jumpstart International Kindergarten LLP","location":"Pune","duration":"5 Months","stipend":"5,000 /month","applications":"Be an early applicant","skills":["English Proficiency (Spoken)","English Proficiency (Written)"],"perks":["Certificate","Letter of recommendation"],"openings":"7"},{"url":"/internship/detail/teaching-part-time-job-internship-at-dindigul-in-tamil-brand1667569187","name":"Teaching","company":"Tamil Brand","location":"Dindigul","duration":"6 Months","stipend":"5,000 /month","applications":"Be an early applicant","skills":["Teaching"],"perks":["Flexible work hours","Informal dress code","5 days a week"],"openings":"2"},{"url":"/internship/detail/teaching-physics-iit-jee-work-from-home-job-internship-at-iitianguide1667568454","name":"Teaching (Physics-IIT JEE)","company":"IITIANGUIDE","location":"Work From Home","duration":"4 Months","stipend":"20,000-50,000 /month","applications":"29 applicants","skills":[],"perks":["Certificate","Letter of recommendation","Flexible work hours"],"openings":"10"},{"url":"/internship/detail/chemistry-tutoring-sme-work-from-home-job-internship-at-tvm-e-learning1667568416","name":"Chemistry Tutoring (SME)","company":"TVM E-Learning","location":"Work From Home","duration":"6 Months","stipend":"14,000-18,000 /month","applications":"44 applicants","skills":["MS-Excel","MS-Office","Physics","Subject Matter Expert (SME)"],"perks":["Certificate","Letter of recommendation","Flexible work hours"],"openings":"5"},{"url":"/internship/detail/teaching-part-time-job-internship-at-multiple-locations-in-natspace1667466717","name":"Teaching","company":"Natspace","location":"Pune","duration":"4 Months","stipend":"3,000 /week","applications":"Be an early applicant","skills":["English Proficiency (Spoken)","English Proficiency (Written)","Teaching"],"perks":["Certificate","Letter of recommendation","Flexible work hours","Informal dress code","5 days a week","Free snacks & beverages"],"openings":"25"},{"url":"/internship/detail/teaching-pcmb-work-from-home-job-internship-at-retrograde-innovations-private-limited1667564972","name":"Teaching (PCMB)","company":"Retrograde Innovations Private Limited","location":"Work From Home","duration":"6 Months","stipend":"2,000-15,000 /month","applications":"65 applicants","skills":["Biology","Chemistry","Mathematics","Online Teaching","Physics","Subject Matter Expert (SME)","Teaching"],"perks":["5 days a week"],"openings":"10"},{"url":"/internship/detail/statistics-tutoring-sme-work-from-home-job-internship-at-tvm-e-learning1667541799","name":"Statistics Tutoring (SME)","company":"TVM E-Learning","location":"Work From Home","duration":"6 Months","stipend":"14,000-18,000 /month","applications":"Be an early applicant","skills":["Statistics","Subject Matter Expert (SME)"],"perks":["Certificate"],"openings":"3"},{"url":"/internship/detail/doubt-solving-pen-tab-based-videos-teaching-work-from-home-job-internship-at-ira-academy1667557447","name":"Doubt Solving (Pen Tab Based Videos)/Teaching","company":"IRA Academy","location":"Work From Home","duration":"6 Months","stipend":"1,000-10,000 /month","applications":"49 applicants","skills":["Biology","Chemistry","Content Writing","Hindi Proficiency (Spoken)","Mathematics","Online Teaching","Physics","Python","Teaching","Video Making"],"perks":["Certificate","Letter of recommendation","Flexible work hours"],"openings":"25"},{"url":"/internship/detail/teaching-internship-in-hyderabad-at-life-educare1667557592","name":"Teaching","company":"Life Educare","location":"Hyderabad","duration":"3 Months","stipend":"15,000 /month","applications":"Be an early applicant","skills":["English Proficiency (Spoken)","English Proficiency (Written)"],"perks":["Certificate","Free snacks & beverages","Job offer"],"openings":"5"},{"url":"/internship/detail/teaching-programming-language-work-from-home-job-internship-at-wonkovation-technology1667555797","name":"Teaching (Programming Language)","company":"Wonkovation Technology","location":"Work From Home","duration":"6 Months","stipend":"1,500-4,000 /month","applications":"Be an early applicant","skills":["CSS","Data Science","HTML","Java","JavaScript","Machine Learning","Online Teaching","SQL"],"perks":["Certificate"],"openings":"2"},{"url":"/internship/detail/text-solutions-compact-answering-physics-business-studies-mathematics-law-humanities-work-from-home-job-internship-at-cloudbird-digital-private-limited1667555196","name":"Text Solutions - Compact Answering (Physics/Business Studies/Mathematics/Law/Humanities)","company":"CloudBird Digital Private Limited","location":"Work From Home","duration":"3 Months","stipend":"7,000-8,000 /month","applications":"175 applicants","skills":["Accounting","Mathematics","Physics"],"perks":["Certificate","Flexible work hours"],"openings":"20"},{"url":"/internship/detail/teaching-part-time-job-internship-at-dhanbad-in-kartavaya1667476792","name":"Teaching","company":"Kartavaya","location":"Dhanbad","duration":"2 Months","stipend":"Unpaid","applications":"Be an early applicant","skills":["English Proficiency (Spoken)","English Proficiency (Written)","Hindi Proficiency (Spoken)","Mathematics"],"perks":["Certificate","Flexible work hours"],"openings":"20"},{"url":"/internship/detail/classroom-facilitation-children-education-part-time-job-internship-at-multiple-locations-in-theyellowbag1667547980","name":"Classroom Facilitation - Children Education","company":"TheYellowBag","location":"Madurai","duration":"3 Months","stipend":"5,000 /month","applications":"Be an early applicant","skills":["Event Management","Online Teaching","Teaching"],"perks":["Certificate","Letter of recommendation","Flexible work hours","Informal dress code","Job offer"],"openings":"4"},{"url":"/internship/detail/teaching-work-from-home-job-internship-at-coding-junior1667545038","name":"Teaching","company":"Coding Junior","location":"Work From Home","duration":"3 Months","stipend":"2,000 /month","applications":"40 applicants","skills":["English Proficiency (Spoken)","English Proficiency (Written)","Hindi Proficiency (Spoken)","Online Teaching","Teaching"],"perks":["Certificate","Letter of recommendation"],"openings":"5"},{"url":"/internship/detail/teaching-chemistry-science-part-time-job-internship-at-bangalore-in-cadeto-india1667544446","name":"Teaching (Chemistry & Science)","company":"Cadeto India","location":"Bangalore","duration":"6 Months","stipend":"5,000-25,000 /month","applications":"Be an early applicant","skills":["Chemistry","English Proficiency (Spoken)","Physics"],"perks":["Certificate","Letter of recommendation","Job offer"],"openings":"1"},{"url":"/internship/detail/mechatronics-engineering-internship-in-bangalore-at-yolabs1667542526","name":"Mechatronics Engineering","company":"Yolabs","location":"Bangalore","duration":"6 Months","stipend":"11,000-15,000 /month","applications":"Be an early applicant","skills":["Arduino","Autodesk Fusion 360","Blender 3D","C++ Programming","Circuit Design","CNC Programming","Embedded Systems","Python","Raspberry Pi","Robotics","Unity 3D"],"perks":["Certificate","Letter of recommendation","Flexible work hours","Informal dress code","Free snacks & beverages","Job offer"],"openings":"3"},{"url":"/internship/detail/tutoring-english-work-from-home-job-internship-at-camp-k121667542525","name":"Tutoring (English)","company":"Camp K12","location":"Work From Home","duration":"6 Months","stipend":"16,000-26,000 /month","applications":"54 applicants","skills":["American English","English Proficiency (Spoken)","English Proficiency (Written)"],"perks":["Certificate","Flexible work hours"],"openings":"10"},{"url":"/internship/detail/football-coaching-part-time-job-internship-at-mumbai-in-little-kickers-india1667488317","name":"Football Coaching","company":"Little Kickers India","location":"Mumbai","duration":"6 Months","stipend":"12,000-22,000 /month","applications":"Be an early applicant","skills":["English Proficiency (Spoken)"],"perks":["Certificate","Letter of recommendation","Flexible work hours","Informal dress code"],"openings":"4"},{"url":"/internship/detail/teaching-english-internship-in-karauli-at-st-xaviers-school-karauli1667446777","name":"Teaching (English)","company":"St Xaviers School (Karauli)","location":"Karauli","duration":"6 Months","stipend":"20,000 /month","applications":"Be an early applicant","skills":[],"perks":[],"openings":"2"},{"url":"/internship/detail/education-part-time-job-internship-at-guwahati-in-the-blue-ladder1667447811","name":"Education","company":"The Blue Ladder","location":"Guwahati","duration":"6 Months","stipend":"3,500 /month","applications":"Be an early applicant","skills":["English Proficiency (Spoken)","Hindi Proficiency (Spoken)","MS-Excel","MS-Word"],"perks":["Certificate","Letter of recommendation","Flexible work hours","Informal dress code","Free snacks & beverages"],"openings":"1"},{"url":"/internship/detail/teaching-economics-ib-igcse-board-work-from-home-job-internship-at-auriv-learning1667409208","name":"Teaching Economics (IB/IGCSE Board)","company":"Auriv Learning","location":"Work From Home","duration":"2 Months","stipend":"10,000 /month","applications":"61 applicants","skills":[],"perks":["Certificate","Letter of recommendation","Flexible work hours","5 days a week"],"openings":"4"},{"url":"/internship/detail/teaching-chemistry-ib-igsce-board-work-from-home-job-internship-at-auriv-learning1667409382","name":"Teaching Chemistry (IB/IGSCE Board)","company":"Auriv Learning","location":"Work From Home","duration":"2 Months","stipend":"10,000 /month","applications":"40 applicants","skills":[],"perks":["Certificate","Letter of recommendation","Flexible work hours","5 days a week"],"openings":"4"},{"url":"/internship/detail/teaching-physics-ib-igcse-board-work-from-home-job-internship-at-auriv-learning1667409400","name":"Teaching Physics (IB/IGCSE Board)","company":"Auriv Learning","location":"Work From Home","duration":"2 Months","stipend":"10,000 /month","applications":"33 applicants","skills":[],"perks":["Certificate","Letter of recommendation","Flexible work hours","5 days a week"],"openings":"4"},{"url":"/internship/detail/teaching-mathematics-ib-igcse-board-work-from-home-job-internship-at-auriv-learning1667409416","name":"Teaching Mathematics (IB/IGCSE Board)","company":"Auriv Learning","location":"Work From Home","duration":"2 Months","stipend":"10,000 /month","applications":"92 applicants","skills":[],"perks":["Certificate","Letter of recommendation","Flexible work hours","5 days a week"],"openings":"4"},{"url":"/internship/detail/teaching-french-work-from-home-job-internship-at-auriv-learning1667409171","name":"Teaching (French)","company":"Auriv Learning","location":"Work From Home","duration":"2 Months","stipend":"10,000 /month","applications":"Be an early applicant","skills":[],"perks":["Certificate","Letter of recommendation","Flexible work hours","5 days a week"],"openings":"4"},{"url":"/internship/detail/teaching-science-internship-in-multiple-locations-at-scienceutsav1667469016","name":"Teaching (Science)","company":"ScienceUtsav","location":"Pune","duration":"1 Week","stipend":"1,500-2,000 /week","applications":"Be an early applicant","skills":["English Proficiency (Spoken)","English Proficiency (Written)"],"perks":["Certificate"],"openings":"20"},{"url":"/internship/detail/teaching-spanish-work-from-home-job-internship-at-auriv-learning1667407140","name":"Teaching (Spanish)","company":"Auriv Learning","location":"Work From Home","duration":"6 Months","stipend":"10,000 /month","applications":"Be an early applicant","skills":[],"perks":["Certificate","Letter of recommendation","Flexible work hours","5 days a week"],"openings":"4"},{"url":"/internship/detail/subject-matter-expert-computer-engineering-work-from-home-job-internship-at-solvaphile1667466810","name":"Subject Matter Expert (Computer Engineering)","company":"Solvaphile","location":"Work From Home","duration":"2 Months","stipend":"5,000-25,000 /month","applications":"68 applicants","skills":["Subject Matter Expert (SME)"],"perks":["Certificate","Letter of recommendation","Flexible work hours","Job offer"],"openings":"50"},{"url":"/internship/detail/subject-matter-expert-engineering-work-from-home-job-internship-at-solvaphile1667466625","name":"Subject Matter Expert (Engineering)","company":"Solvaphile","location":"Work From Home","duration":"2 Months","stipend":"5,000-25,000 /month","applications":"42 applicants","skills":["Subject Matter Expert (SME)"],"perks":["Certificate","Letter of recommendation","Flexible work hours","Job offer"],"openings":"50"},{"url":"/internship/detail/teaching-data-structure-and-algorithms-work-from-home-job-internship-at-inspire-educare1667466595","name":"Teaching (Data Structure And Algorithms)","company":"INSPIRE EDUCARE","location":"Work From Home","duration":"1 Month","stipend":"1,000 /month","applications":"Be an early applicant","skills":["C++ Programming","Data Structures"],"perks":["Certificate","Flexible work hours"],"openings":"5"}]}