{"success":40,"failed":0,"internships":[{"url":"/internship/detail/telecalling-internship-in-mumbai-at-economic-times-edge1667303501","name":"Telecalling","company":"Economic Times Edge","location":"Mumbai","duration":"3 Months","stipend":"5,000 /month","applications":"Be an early applicant","skills":["English Proficiency (Spoken)","MS-Excel"],"perks":["Certificate","Informal dress code","5 days a week"],"openings":"2"},{"url":"/internship/detail/operations-internship-in-delhi-at-flyvheel-digital-solutions-private-limited1667411379","name":"Operations","company":"Flyvheel Digital Solutions Private Limited","location":"Delhi","duration":"3 Months","stipend":"10,000 /month","applications":"Be an early applicant","skills":["English Proficiency (Spoken)","English Proficiency (Written)","MS-Office","Operations"],"perks":["Certificate","Letter of recommendation","Informal dress code","Job offer"],"openings":"5"},{"url":"/internship/detail/tele-sales-internship-in-mumbai-at-iide-education-private-limited1667539731","name":"Tele Sales","company":"IIDE Education Private Limited","location":"Mumbai","duration":"6 Months","stipend":"5,000-8,000 /month","applications":"Be an early applicant","skills":["Digital Marketing","MS-Excel","MS-Word","Sales","Sales and Marketing"],"perks":["Letter of recommendation"],"openings":"2"},{"url":"/internship/detail/telecalling-internship-in-raipur-at-vsnapu1667263674","name":"Telecalling","company":"VsnapU","location":"Raipur","duration":"3 Months","stipend":"8,000-10,000 /month","applications":"Be an early applicant","skills":[],"perks":["Flexible work hours","Job offer"],"openings":"2"},{"url":"/internship/detail/telecalling-kannada-malayalam-internship-in-bangalore-kerela-mali-at-medius-technologies-private-limited1665235293","name":"Telecalling (Kannada/Malayalam)","company":"Medius Technologies Private Limited","location":"Bangalore","duration":"3 Months","stipend":"6,500 /month","applications":"55 applicants","skills":[],"perks":["Certificate"],"openings":"3"},{"url":"/internship/detail/telecalling-internship-in-chennai-at-almi-blogging-school-pro-almi-production-land-solar-private-limited1667535625","name":"Telecalling","company":"ALMI Blogging School Pro (Almi Production Land Solar Private Limited)","location":"Chennai","duration":"3 Months","stipend":"3,000 /month","applications":"Be an early applicant","skills":["English Proficiency (Spoken)"],"perks":["Certificate","Letter of recommendation","Flexible work hours","Job offer"],"openings":"5"},{"url":"/internship/detail/telecalling-internship-in-delhi-at-stirring-minds1667413312","name":"Telecalling","company":"Stirring Minds","location":"Delhi","duration":"3 Months","stipend":"15,000-18,000 /month","applications":"27 applicants","skills":[],"perks":["Certificate","Informal dress code","Free snacks & beverages","Job offer"],"openings":"8"},{"url":"/internship/detail/customer-support-internship-in-gurgaon-at-flyvheel-digital-solutions-private-limited1667538104","name":"Customer Support","company":"Flyvheel Digital Solutions Private Limited","location":"Gurgaon","duration":"3 Months","stipend":"10,000 /month","applications":"Be an early applicant","skills":["English Proficiency (Spoken)","English Proficiency (Written)","MS-Office"],"perks":["Certificate","Letter of recommendation","Informal dress code","Job offer"],"openings":"6"},{"url":"/internship/detail/telecalling-internship-in-dehradun-at-eduminatti1666933315","name":"Telecalling","company":"Eduminatti","location":"Dehradun","duration":"6 Months","stipend":"8,000 /month","applications":"Be an early applicant","skills":[],"perks":[],"openings":"2"},{"url":"/internship/detail/customer-service-telecommunication-internship-in-multiple-locations-at-tring1666948771","name":"Customer Service (Telecommunication)","company":"Tring","location":"Thane","duration":"3 Months","stipend":"8,500 /month","applications":"26 applicants","skills":["Client Relationship"],"perks":["Letter of recommendation","Flexible work hours","Informal dress code"],"openings":"6"},{"url":"/internship/detail/business-development-sales-part-time-job-internship-at-kolkata-in-moople-academy-private-limited1667558100","name":"Business Development (Sales)","company":"Moople Academy Private Limited","location":"Kolkata","duration":"1 Month","stipend":"3,000 /month + Incentives","applications":"Be an early applicant","skills":["Bengali Proficiency (Spoken)","MS-Excel"],"perks":["Certificate","Flexible work hours"],"openings":"15"},{"url":"/internship/detail/business-development-sales-internship-in-mumbai-at-nimbu-pani-advertisers1667560124","name":"Business Development (Sales)","company":"Nimbu Pani Advertisers","location":"Mumbai","duration":"3 Months","stipend":"10,000 /month","applications":"Be an early applicant","skills":["Email Marketing","English Proficiency (Spoken)","MS-Excel"],"perks":["Certificate"],"openings":"3"},{"url":"/internship/detail/business-development-sales-work-from-home-job-internship-at-schoolhype-schools-marketing-llp1667579621","name":"Business Development (Sales)","company":"SchoolHype Schools Marketing LLP","location":"Work From Home","duration":"2 Months","stipend":"10,000 /month","applications":"Be an early applicant","skills":["English Proficiency (Spoken)","English Proficiency (Written)","MS-Excel","Sales and Marketing"],"perks":["Certificate","Letter of recommendation"],"openings":"2"},{"url":"/internship/detail/operations-work-from-home-job-internship-at-hunt-digital-media1667563937","name":"Operations","company":"Hunt Digital Media","location":"Work From Home","duration":"3 Months","stipend":"3,000 /month","applications":"29 applicants","skills":["English Proficiency (Spoken)","Hindi Proficiency (Spoken)"],"perks":["Certificate","Letter of recommendation","Flexible work hours","5 days a week"],"openings":"5"},{"url":"/internship/detail/telecalling-part-time-job-internship-at-bangalore-in-rasha-garments1667557844","name":"Telecalling","company":"Rasha Garments","location":"Bangalore","duration":"1 Week","stipend":"1,000 /week","applications":"Be an early applicant","skills":["English Proficiency (Spoken)","Kannada Proficiency (Spoken)","MS-Excel","MS-Word"],"perks":["Certificate"],"openings":"4"},{"url":"/internship/detail/telecalling-engineer-biomedical-female-internship-in-hyderabad-at-startoon-labs-private-limited1667549933","name":"Telecalling (Engineer/Biomedical - Female)","company":"Startoon Labs Private Limited","location":"Hyderabad","duration":"6 Months","stipend":"8,000-10,000 /month","applications":"Be an early applicant","skills":["Sales","Sales and Marketing"],"perks":["Certificate","5 days a week"],"openings":"1"},{"url":"/internship/detail/telecalling-internship-in-kolkata-at-webfeed1667631335","name":"Telecalling","company":"Webfeed","location":"Kolkata","duration":"6 Months","stipend":"10,000-15,000 /month","applications":"Be an early applicant","skills":["Bengali Proficiency (Spoken)","Bengali Proficiency (Written)","English Proficiency (Spoken)","English Proficiency (Written)","Hindi Proficiency (Spoken)","Sales and Marketing"],"perks":[],"openings":"1"},{"url":"/internship/detail/marketing-work-from-home-job-internship-at-social-rampage-digital-marketing-llp1667550748","name":"Marketing","company":"Social Rampage Digital Marketing LLP","location":"Work From Home","duration":"2 Months","stipend":"5,000-10,000 /month","applications":"45 applicants","skills":["Digital Marketing","Email Marketing","English Proficiency (Spoken)","MS-Excel"],"perks":[],"openings":"1"},{"url":"/internship/detail/telecalling-internship-in-vadodara-at-niktech-solution1667461633","name":"Telecalling","company":"Niktech Solution","location":"Vadodara","duration":"3 Months","stipend":"7,000 /month + Incentives","applications":"Be an early applicant","skills":["English Proficiency (Spoken)","Gujarati Proficiency (Spoken)","Hindi Proficiency (Spoken)"],"perks":["5 days a week"],"openings":"3"},{"url":"/internship/detail/telecalling-internship-in-jodhpur-at-educase-india1667560030","name":"Telecalling","company":"Educase India","location":"Jodhpur","duration":"3 Months","stipend":"5,000 /month + Incentives","applications":"Be an early applicant","skills":["English Proficiency (Spoken)","English Proficiency (Written)","Hindi Proficiency (Spoken)","MS-Excel"],"perks":["Certificate","Letter of recommendation","Informal dress code","Job offer"],"openings":"10"},{"url":"/internship/detail/business-development-sales-internship-in-bangalore-at-spottabl1667464903","name":"Business Development (Sales)","company":"Spottabl","location":"Bangalore","duration":"3 Months","stipend":"12,000 /month","applications":"Be an early applicant","skills":["English Proficiency (Spoken)","English Proficiency (Written)"],"perks":["Certificate","Informal dress code"],"openings":"3"},{"url":"/internship/detail/sales-marketing-internship-in-delhi-at-vecros-technologies-private-limited1667558305","name":"Sales & Marketing","company":"Vecros Technologies Private Limited","location":"Delhi","duration":"2 Months","stipend":"5,000 /month","applications":"Be an early applicant","skills":[],"perks":["Certificate","Letter of recommendation","Informal dress code"],"openings":"2"},{"url":"/internship/detail/telecalling-internship-in-ambala-cantt-at-khadi-sadan1667547223","name":"Telecalling","company":"Khadi Sadan","location":"Ambala Cantt","duration":"4 Months","stipend":"3,000-8,000 /month","applications":"Be an early applicant","skills":["English Proficiency (Spoken)","Hindi Proficiency (Spoken)","MS-Excel"],"perks":["Certificate","Letter of recommendation","Flexible work hours"],"openings":"3"},{"url":"/internship/detail/tele-sales-wealth-advisory-internship-in-mumbai-at-research-and-ranking1667545933","name":"Tele Sales - Wealth Advisory","company":"Research And Ranking","location":"Mumbai","duration":"6 Months","stipend":"15,000-25,000 /month","applications":"Be an early applicant","skills":["English Proficiency (Spoken)","Sales"],"perks":["Certificate","Letter of recommendation"],"openings":"15"},{"url":"/internship/detail/marketing-work-from-home-job-internship-at-weplace-consulting1667470803","name":"Marketing","company":"WePlace Consulting","location":"Work From Home","duration":"6 Months","stipend":"1,000 /month + Incentives","applications":"Be an early applicant","skills":["Digital Marketing","Email Marketing","English Proficiency (Spoken)","Hindi Proficiency (Spoken)","Social Media Marketing"],"perks":["Certificate","Letter of recommendation","Job offer"],"openings":"2"},{"url":"/internship/detail/outbond-calling-work-from-home-job-internship-at-founders-unfiltered1667398339","name":"Outbond Calling","company":"Founders Unfiltered","location":"Work From Home","duration":"6 Months","stipend":"8,000 /month","applications":"Be an early applicant","skills":["English Proficiency (Spoken)"],"perks":["Certificate"],"openings":"10"},{"url":"/internship/detail/telecalling-work-from-home-job-internship-at-coding-junior1667544956","name":"Telecalling","company":"Coding Junior","location":"Work From Home","duration":"3 Months","stipend":"2,000 /month","applications":"28 applicants","skills":["English Proficiency (Spoken)","English Proficiency (Written)","Hindi Proficiency (Spoken)","MS-Excel"],"perks":["Certificate","Letter of recommendation"],"openings":"4"},{"url":"/internship/detail/telecalling-internship-in-delhi-at-green-gain-financial-services-llp1667544337","name":"Telecalling","company":"GREEN GAIN FINANCIAL SERVICES LLP","location":"Delhi","duration":"1 Month","stipend":"8,000 /month","applications":"Be an early applicant","skills":[],"perks":["Certificate"],"openings":"1"},{"url":"/internship/detail/operations-work-from-home-job-internship-at-solution-graph1667457863","name":"Operations","company":"Solution Graph","location":"Work From Home","duration":"3 Months","stipend":"2,000 /month","applications":"89 applicants","skills":[],"perks":["Certificate","Letter of recommendation","Flexible work hours"],"openings":"5"},{"url":"/internship/detail/international-telecalling-work-from-home-job-internship-at-the-wolf-works-llc1667540750","name":"International Telecalling","company":"The Wolf Works LLC","location":"Work From Home","duration":"3 Months","stipend":"5,000 /month","applications":"29 applicants","skills":["Client Relationship"],"perks":["Certificate","5 days a week"],"openings":"2"},{"url":"/internship/detail/telecalling-internship-in-varanasi-at-gyan-eduversity1667539493","name":"Telecalling","company":"Gyan Eduversity","location":"Varanasi","duration":"3 Months","stipend":"2,000 /month + Incentives","applications":"Be an early applicant","skills":["Sales and Marketing"],"perks":["Certificate","Letter of recommendation"],"openings":"5"},{"url":"/internship/detail/telecalling-internship-in-multiple-locations-at-helloshoppy-helloshoppyin1667539478","name":"Telecalling","company":"HelloShoppy (HelloShoppy.in)","location":"Khammam","duration":"6 Months","stipend":"2,000-4,000 /month","applications":"Be an early applicant","skills":["English Proficiency (Spoken)","Hindi Proficiency (Spoken)","Kannada Proficiency (Spoken)","Konkani Proficiency (Spoken)","Malayalam Proficiency (Spoken)","Manipuri Proficiency (Spoken)","Marathi Proficiency(Spoken)","Punjabi Proficiency (Spoken)","Tamil Proficiency (Spoken)","Telugu Proficiency (Spoken)"],"perks":["Certificate","Flexible work hours"],"openings":"4"},{"url":"/internship/detail/lead-generation-internship-in-bangalore-at-functionup1667039413","name":"Lead Generation","company":"FunctionUp","location":"Bangalore","duration":"3 Months","stipend":"12,000 /month","applications":"Be an early applicant","skills":["English Proficiency (Spoken)","English Proficiency (Written)","MS-Excel"],"perks":["Informal dress code","Free snacks & beverages","Job offer"],"openings":"10"},{"url":"/internship/detail/saas-marketing-internship-in-jaipur-at-nexus-waters1667480949","name":"SaaS Marketing","company":"Nexus Waters","location":"Jaipur","duration":"3 Months","stipend":"3,000 /month","applications":"Be an early applicant","skills":["Content Writing","Digital Marketing","Social Media Marketing"],"perks":["Certificate","Letter of recommendation"],"openings":"5"},{"url":"/internship/detail/business-development-sales-work-from-home-job-internship-at-upskill-valley1667413044","name":"Business Development (Sales)","company":"Upskill Valley","location":"Work From Home","duration":"2 Months","stipend":"5,000 /month + Incentives","applications":"59 applicants","skills":["English Proficiency (Spoken)"],"perks":["Certificate","Letter of recommendation","Flexible work hours"],"openings":"4"},{"url":"/internship/detail/telecalling-work-from-home-job-internship-at-future-guidance1667448300","name":"Telecalling","company":"Future Guidance","location":"Work From Home","duration":"5 Months","stipend":"3,000 /month","applications":"52 applicants","skills":["English Proficiency (Spoken)","English Proficiency (Written)","Hindi Proficiency (Spoken)","MS-Excel"],"perks":["Certificate"],"openings":"5"},{"url":"/internship/detail/business-development-sales-work-from-home-job-internship-at-confidential1667234421","name":"Business Development (Sales)","company":"Confidential","location":"Work From Home","duration":"6 Months","stipend":"1,000 /month + Incentives","applications":"Be an early applicant","skills":["American English","Digital Marketing","English Proficiency (Spoken)"],"perks":["Certificate","Letter of recommendation","Flexible work hours","5 days a week","Job offer"],"openings":"4"},{"url":"/internship/detail/business-development-sales-internship-in-bangalore-at-money-and-vision-financial-consultants1667311155","name":"Business Development (Sales)","company":"Money And Vision Financial Consultants","location":"Bangalore","duration":"6 Months","stipend":"20,000 /month + Incentives","applications":"Be an early applicant","skills":["Email Marketing","English Proficiency (Spoken)","English Proficiency (Written)"],"perks":["Certificate","Letter of recommendation"],"openings":"2"},{"url":"/internship/detail/telecalling-work-from-home-job-internship-at-cits-worldwide1667381713","name":"Telecalling","company":"CITS Worldwide","location":"Work From Home","duration":"6 Months","stipend":"10,000 /month + Incentives","applications":"107 applicants","skills":["English Proficiency (Spoken)","English Proficiency (Written)","Hindi Proficiency (Spoken)"],"perks":["Certificate","Letter of recommendation","Flexible work hours","Job offer"],"openings":"4"},{"url":"/internship/detail/business-development-sales-work-from-home-job-internship-at-milounie-khandhar1667410270","name":"Business Development (Sales)","company":"Milounie Khandhar","location":"Work From Home","duration":"2 Months","stipend":"1,000 /month + Incentives","applications":"Be an early applicant","skills":["English Proficiency (Spoken)","MS-Excel"],"perks":["Flexible work hours"],"openings":"1"}]}