{"success":8,"failed":0,"internships":[{"url":"/internship/detail/spanish-interpreter-internship-in-mumbai-at-zak-trade-fairs-exhibitions1667546913","name":"Spanish Interpreter","company":"Zak Trade Fairs & Exhibitions","location":"Mumbai","duration":"2 Months","stipend":"20,000-25,000 /month","applications":"Be an early applicant","skills":[],"perks":["Certificate"],"openings":"1"},{"url":"/internship/detail/translation-hindi-work-from-home-job-internship-at-multibhashi1667550252","name":"Translation (Hindi)","company":"Multibhashi","location":"Work From Home","duration":"6 Months","stipend":"5,000-8,000 /month","applications":"77 applicants","skills":[],"perks":["Certificate","Flexible work hours"],"openings":"5"},{"url":"/internship/detail/tamil-english-transcription-translation-for-research-work-from-home-job-internship-at-janet-orlene1666694507","name":"Tamil - English Transcription & Translation For Research","company":"Janet Orlene","location":"Work From Home","duration":"1 Month","stipend":"3,000 /month","applications":"32 applicants","skills":["Content Writing","English Proficiency (Written)","Tamil Proficiency (Spoken)"],"perks":["Certificate","Letter of recommendation","Flexible work hours","5 days a week"],"openings":"1"},{"url":"/internship/detail/translation-english-to-hindi-part-time-job-internship-at-delhi-in-zenith-consultants1667457787","name":"Translation (English To Hindi)","company":"Zenith Consultants","location":"Delhi","duration":"3 Months","stipend":"15,000-20,000 /month","applications":"Be an early applicant","skills":[],"perks":["Certificate","Letter of recommendation","Flexible work hours","Informal dress code","Free snacks & beverages","Job offer"],"openings":"5"},{"url":"/internship/detail/data-entry-translation-punjabi-to-english-work-from-home-job-internship-at-advarisk1667307020","name":"Data Entry & Translation (Punjabi To English)","company":"AdvaRisk","location":"Work From Home","duration":"4 Months","stipend":"5,000 /month","applications":"Be an early applicant","skills":["English Proficiency (Spoken)","English Proficiency (Written)","Hindi Proficiency (Spoken)","Hindi Proficiency (Written)","Punjabi Proficiency (Spoken)","Punjabi Proficiency (Written)"],"perks":["Certificate","Letter of recommendation"],"openings":"4"},{"url":"/internship/detail/arabic-typing-keyboarding-work-from-home-job-internship-at-qa-solvers1667294741","name":"Arabic Typing/Keyboarding","company":"QA Solvers","location":"Work From Home","duration":"4 Months","stipend":"12,000-15,000 /month","applications":"35 applicants","skills":["Arabic Proficiency (Written)"],"perks":["Certificate","Letter of recommendation"],"openings":"5"},{"url":"/internship/detail/sub-titles-and-captioning-internship-in-bangalore-at-laksh-media-private-limited1667043857","name":"Sub-Titles And Captioning","company":"Laksh Media Private Limited","location":"Bangalore","duration":"6 Months","stipend":"10,000 /month","applications":"Be an early applicant","skills":["English Proficiency (Written)","French Proficiency (written)","German Proficiency (Written)","Spanish Proficiency(Written)"],"perks":["Certificate","Letter of recommendation","Flexible work hours","Informal dress code","5 days a week"],"openings":"5"},{"url":"/internship/detail/translating-and-transcribing-work-from-home-job-internship-at-spinfinity-languages1666957242","name":"Translating and Transcribing","company":"SPInfinity Languages","location":"Work From Home","duration":"1 Month","stipend":"1,000 /month + Incentives","applications":"244 applicants","skills":[],"perks":["Certificate","Flexible work hours"],"openings":"2"}]}