{"success":40,"failed":0,"internships":[{"url":"/internship/detail/software-design-internship-in-mumbai-at-star-india1666875001","name":"Software Design","company":"Star India","location":"Mumbai","duration":"3 Months","stipend":"20,000 /month","applications":"49 applicants","skills":["Blender 3D","UI & UX Design","Unity 3D","Unity Engine","Unreal Engine"],"perks":[],"openings":"1"},{"url":"/internship/detail/c-development-qt-creation-work-from-home-job-internship-at-iit-bombay1666585857","name":"C++ Development (QT Creation)","company":"IIT Bombay","location":"Work From Home","duration":"6 Months","stipend":"1,000-2,000 /month","applications":"859 applicants","skills":["C++ Programming","C Programming","Data Structures"],"perks":["Certificate","Letter of recommendation","Flexible work hours","5 days a week"],"openings":"2"},{"url":"/internship/detail/ui-ux-design-internship-in-multiple-locations-at-futk-private-limited1667032381","name":"UI/UX Design","company":"FUTK Private Limited","location":"Chandigarh","duration":"6 Months","stipend":"12,000 /month","applications":"30 applicants","skills":["Adobe Illustrator","Figma","UI & UX Design"],"perks":["Certificate","Letter of recommendation","Flexible work hours","5 days a week"],"openings":"10"},{"url":"/internship/detail/web-designing-internship-in-multiple-locations-at-futk-private-limited1667029027","name":"Web Designing","company":"FUTK Private Limited","location":"Chandigarh","duration":"6 Months","stipend":"10,000-15,000 /month","applications":"48 applicants","skills":[],"perks":["Certificate","Letter of recommendation","Flexible work hours","Informal dress code","5 days a week"],"openings":"10"},{"url":"/internship/detail/ui-ux-design-work-from-home-job-internship-at-hexanika1667561574","name":"UI/UX Design","company":"Hexanika","location":"Work From Home","duration":"3 Months","stipend":"1,000-5,000 /month","applications":"34 applicants","skills":["MS-Office"],"perks":["Certificate","Letter of recommendation","5 days a week","Job offer"],"openings":"4"},{"url":"/internship/detail/android-app-development-internship-in-multiple-locations-at-possibuild-building-technologies1667562824","name":"Android App Development","company":"PossiBuild Building Technologies","location":"Secunderabad","duration":"6 Months","stipend":"10,000-12,000 /month","applications":"Be an early applicant","skills":["Android","Kotlin","REST API"],"perks":["Certificate","Informal dress code","5 days a week","Job offer"],"openings":"1"},{"url":"/internship/detail/ui-ux-designing-work-from-home-job-internship-at-indika-ai-private-limited1667570078","name":"UI/UX Designing","company":"Indika AI Private Limited","location":"Work From Home","duration":"2 Months","stipend":"5,000-8,000 /month","applications":"57 applicants","skills":["UI & UX Design","User Interface (UI) Development"],"perks":["Certificate","Letter of recommendation"],"openings":"2"},{"url":"/internship/detail/ui-ux-design-internship-in-gurgaon-at-cur81667549700","name":"UI/UX Design","company":"CUR8","location":"Gurgaon","duration":"3 Months","stipend":"15,000 /month","applications":"41 applicants","skills":["Figma","UI & UX Design"],"perks":["Job offer"],"openings":"2"},{"url":"/internship/detail/ux-ui-design-part-time-job-internship-at-mumbai-in-praca-technologies-private-limited1667551607","name":"UX/UI Design","company":"Praca Technologies Private Limited","location":"Mumbai","duration":"2 Months","stipend":"4,000 /month","applications":"Be an early applicant","skills":[],"perks":["Certificate","Letter of recommendation","Flexible work hours","5 days a week"],"openings":"1"},{"url":"/internship/detail/ux-ui-design-work-from-home-job-internship-at-wofo24-technologies-private-limited1667578078","name":"UX/UI Design","company":"Wofo24 Technologies Private Limited","location":"Work From Home","duration":"1 Month","stipend":"2,000 /month","applications":"48 applicants","skills":["Adobe Illustrator","Adobe Photoshop","Adobe XD","Figma","UI & UX Design"],"perks":["Certificate","Letter of recommendation","Flexible work hours","5 days a week"],"openings":"1"},{"url":"/internship/detail/ui-ux-design-internship-in-delhi-at-vecros-technologies-private-limited1667573633","name":"UI/UX Design","company":"Vecros Technologies Private Limited","location":"Delhi","duration":"2 Months","stipend":"7,000 /month","applications":"Be an early applicant","skills":["Adobe Photoshop","Figma"],"perks":["Certificate","Letter of recommendation","Informal dress code"],"openings":"2"},{"url":"/internship/detail/vuejs-development-work-from-home-job-internship-at-the-renal-project1667569885","name":"Vue.js Development","company":"The Renal Project","location":"Work From Home","duration":"4 Months","stipend":"8,000-12,000 /month","applications":"Be an early applicant","skills":["Bootstrap","JavaScript","JSON","Vue Js"],"perks":["Certificate","Flexible work hours","Job offer"],"openings":"2"},{"url":"/internship/detail/ui-ux-design-internship-in-hyderabad-at-devforce-soft-labs-private-limited1667568100","name":"UI/UX Design","company":"DevForce Soft Labs Private Limited","location":"Hyderabad","duration":"3 Months","stipend":"5,000-10,000 /month","applications":"Be an early applicant","skills":["UI & UX Design"],"perks":["Certificate","Flexible work hours","Informal dress code"],"openings":"1"},{"url":"/internship/detail/design-internship-in-bangalore-at-think201-creative-studio1667562761","name":"Design","company":"Think201 Creative Studio","location":"Bangalore","duration":"6 Months","stipend":"10,500 /month","applications":"Be an early applicant","skills":["Figma","UI & UX Design","Wireframing"],"perks":[],"openings":"2"},{"url":"/internship/detail/ui-ux-design-work-from-home-job-internship-at-quantum-it1667537024","name":"UI/UX Design","company":"Quantum IT","location":"Work From Home","duration":"6 Months","stipend":"8,000-15,000 /month","applications":"114 applicants","skills":["Adobe After Effects","Adobe Illustrator","Adobe Photoshop","Adobe Photoshop Lightroom CC","Adobe XD","Wireframing"],"perks":["Certificate","Letter of recommendation","Flexible work hours","5 days a week","Job offer"],"openings":"4"},{"url":"/internship/detail/graphic-design-work-from-home-job-internship-at-hermion-technologies-private-limited1667532871","name":"Graphic Design","company":"Hermion Technologies Private Limited","location":"Work From Home","duration":"3 Months","stipend":"1,000 /month","applications":"Be an early applicant","skills":["Adobe After Effects","Adobe Creative Suite","Adobe Illustrator","Adobe Photoshop","Adobe Photoshop Lightroom CC","Adobe XD","UI & UX Design"],"perks":["Letter of recommendation","5 days a week"],"openings":"3"},{"url":"/internship/detail/ui-ux-testing-work-from-home-job-internship-at-across-the-globe-atg1667558174","name":"UI/UX Testing","company":"Across The Globe (ATG)","location":"Work From Home","duration":"6 Months","stipend":"1,500-2,500 /month","applications":"84 applicants","skills":["CSS","HTML","JavaScript"],"perks":["Certificate","Flexible work hours"],"openings":"2"},{"url":"/internship/detail/ui-ux-design-work-from-home-job-internship-at-brain-quest1667552185","name":"UI/UX Design","company":"Brain Quest","location":"Work From Home","duration":"2 Months","stipend":"5,000 /month","applications":"69 applicants","skills":["UI & UX Design","User Interface (UI) Development","Wireframing"],"perks":["Certificate","Letter of recommendation","5 days a week"],"openings":"2"},{"url":"/internship/detail/game-development-work-from-home-job-internship-at-duke-and-clyde-innovation-center-private-limited1667482593","name":"Game Development","company":"Duke And Clyde Innovation Center Private Limited","location":"Work From Home","duration":"3 Months","stipend":"3,000 lump sum","applications":"Be an early applicant","skills":["Blender 3D","Unreal Engine"],"perks":["Certificate","Letter of recommendation","Flexible work hours","5 days a week"],"openings":"2"},{"url":"/internship/detail/qml-design-development-work-from-home-job-internship-at-technoculture-research1667553848","name":"QML Design & Development","company":"Technoculture Research","location":"Work From Home","duration":"6 Months","stipend":"10,000-12,000 /month","applications":"Be an early applicant","skills":["Figma","JavaScript","UI & UX Design","User Interface (UI) Development"],"perks":["Certificate"],"openings":"2"},{"url":"/internship/detail/intuitive-ux-ui-design-part-time-job-internship-at-gurgaon-in-dofin-tech-private-limited1667553665","name":"Intuitive UX/UI Design","company":"Dofin Tech Private Limited","location":"Gurgaon","duration":"6 Months","stipend":"15,000 /month","applications":"32 applicants","skills":["Rapid Prototyping","UI & UX Design"],"perks":["Flexible work hours","Informal dress code","5 days a week","Free snacks & beverages"],"openings":"1"},{"url":"/internship/detail/graphic-design-internship-in-noida-at-kcloud-technologies1667550990","name":"Graphic Design","company":"Kcloud Technologies","location":"Noida","duration":"3 Months","stipend":"2,000-5,000 /month","applications":"Be an early applicant","skills":["Adobe After Effects","Adobe Creative Suite","Adobe Illustrator","Adobe Indesign","Adobe Photoshop","Adobe Photoshop Lightroom CC","Adobe Premiere Pro","CorelDRAW","UI & UX Design","Video Editing"],"perks":["Certificate","Letter of recommendation","Flexible work hours","Informal dress code","5 days a week","Free snacks & beverages"],"openings":"10"},{"url":"/internship/detail/ui-ux-design-work-from-home-job-internship-at-blackcoffer1667487707","name":"UI/UX Design","company":"Blackcoffer","location":"Work From Home","duration":"6 Months","stipend":"5,000 /month","applications":"67 applicants","skills":["Adobe After Effects","Adobe Creative Suite","Adobe Illustrator","Adobe Photoshop","Adobe XD","Data Analytics","Data Science","Elasticsearch","Figma","Machine Learning","Power BI","Python","Sketch","SQL","UI & UX Design","User Interface (UI) Development","Wireframing"],"perks":["Certificate","Letter of recommendation","Flexible work hours"],"openings":"10"},{"url":"/internship/detail/graphic-design-work-from-home-job-internship-at-gangupp-interactions-private-limited1664368443","name":"Graphic Design","company":"GangUPP Interactions Private Limited","location":"Work From Home","duration":"6 Weeks","stipend":"10,000 /month","applications":"68 applicants","skills":["Adobe Illustrator","Adobe Photoshop","UI & UX Design","Video Editing"],"perks":["Flexible work hours"],"openings":"1"},{"url":"/internship/detail/ux-research-work-from-home-job-internship-at-agile-recruitech-llp1667462085","name":"UX Research","company":"Agile RecruiTech LLP","location":"Work From Home","duration":"6 Months","stipend":"4,000 /month","applications":"34 applicants","skills":[],"perks":["Certificate","Letter of recommendation"],"openings":"2"},{"url":"/internship/detail/ui-ux-design-internship-in-gurgaon-at-finverv1667375292","name":"UI/UX Design","company":"Finverv","location":"Gurgaon","duration":"6 Months","stipend":"10,000 /month","applications":"Be an early applicant","skills":["Adobe XD","UI & UX Design","User Interface (UI) Development"],"perks":["Certificate","Letter of recommendation","Flexible work hours","Informal dress code","5 days a week"],"openings":"1"},{"url":"/internship/detail/react-nodejs-web-ui-development-work-from-home-job-internship-at-dendriteai1667403700","name":"React/NodeJS Web/UI Development","company":"Dendrite.ai","location":"Work From Home","duration":"4 Months","stipend":"4,000 /month","applications":"95 applicants","skills":["CSS","Docker","Git","HTML","JavaScript","Node.js","ReactJS","SQL"],"perks":["Certificate","Flexible work hours"],"openings":"3"},{"url":"/internship/detail/reactjs-development-internship-in-noida-at-techville-eservices1667409191","name":"ReactJS Development","company":"Techville EServices","location":"Noida","duration":"2 Months","stipend":"1,500 /week","applications":"34 applicants","skills":["ReactJS"],"perks":["Certificate","Flexible work hours","Informal dress code","5 days a week","Free snacks & beverages"],"openings":"2"},{"url":"/internship/detail/ui-ux-design-work-from-home-job-internship-at-agile-recruitech-llp1667461925","name":"UI/UX Design","company":"Agile RecruiTech LLP","location":"Work From Home","duration":"6 Months","stipend":"4,000 /month","applications":"109 applicants","skills":["Figma"],"perks":["Certificate","Letter of recommendation"],"openings":"2"},{"url":"/internship/detail/ui-ux-design-work-from-home-job-internship-at-ansrone1667459916","name":"UI/UX Design","company":"AnsrOne","location":"Work From Home","duration":"3 Months","stipend":"1,000-3,000 /month","applications":"42 applicants","skills":["Adobe After Effects","Adobe Illustrator","Adobe Photoshop","Figma","UI & UX Design","User Interface (UI) Development","Wireframing"],"perks":["Certificate","Letter of recommendation","Flexible work hours"],"openings":"2"},{"url":"/internship/detail/product-design-internship-in-gurgaon-at-metadome1667459461","name":"Product Design","company":"Metadome","location":"Gurgaon","duration":"3 Months","stipend":"30,000 /month","applications":"51 applicants","skills":["Adobe Photoshop","Figma","UI & UX Design"],"perks":["Certificate","Informal dress code","5 days a week"],"openings":"1"},{"url":"/internship/detail/web-development-work-from-home-job-internship-at-travelbuff-official1667383449","name":"Web Development","company":"Travelbuff Official","location":"Work From Home","duration":"3 Months","stipend":"1,500 /month + Incentives","applications":"73 applicants","skills":["Bootstrap","CSS","HTML","JavaScript","jQuery","MySQL","Node.js","PHP","ReactJS","REST API","SQL","Vue Js"],"perks":["Certificate","Flexible work hours"],"openings":"2"},{"url":"/internship/detail/graphic-design-work-from-home-job-internship-at-qtesters1667376578","name":"Graphic Design","company":"Qtesters","location":"Work From Home","duration":"3 Months","stipend":"1,000 /month","applications":"29 applicants","skills":["Adobe Photoshop"],"perks":["Certificate"],"openings":"1"},{"url":"/internship/detail/ui-ux-design-internship-in-mumbai-at-reark-digital-preservation-private-limited1667450187","name":"UI/UX Design","company":"Reark Digital Preservation Private Limited","location":"Mumbai","duration":"2 Months","stipend":"10,000-15,000 /month","applications":"48 applicants","skills":[],"perks":["Certificate","Letter of recommendation","Flexible work hours","Informal dress code","5 days a week"],"openings":"2"},{"url":"/internship/detail/ui-ux-design-work-from-home-job-internship-at-batingo111667400839","name":"UI/UX Design","company":"Batingo11","location":"Work From Home","duration":"1 Month","stipend":"2,000 /month","applications":"58 applicants","skills":["Adobe Illustrator","Adobe Photoshop","Figma","Sketch"],"perks":["Certificate","Letter of recommendation","5 days a week","Job offer"],"openings":"2"},{"url":"/internship/detail/ui-ux-design-internship-in-bangalore-at-ruthwik-d1667391165","name":"UI/UX Design","company":"Ruthwik D","location":"Bangalore","duration":"6 Months","stipend":"15,000-20,000 /month","applications":"88 applicants","skills":["Adobe Illustrator","Adobe XD","Figma","Sketch","UI & UX Design","User Interface (UI) Development","Wireframing"],"perks":["Certificate","Letter of recommendation","Informal dress code","Free snacks & beverages"],"openings":"5"},{"url":"/internship/detail/ui-ux-design-work-from-home-job-internship-at-kali-io-solutions1667369287","name":"UI/UX Design","company":"Kali IO Solutions","location":"Work From Home","duration":"2 Months","stipend":"3,000 /month + Incentives","applications":"89 applicants","skills":["Adobe Illustrator","Adobe Photoshop","Adobe XD","Figma","Jira","UI & UX Design","User Interface (UI) Development","Wireframing"],"perks":["Certificate","Letter of recommendation","Flexible work hours","5 days a week"],"openings":"1"},{"url":"/internship/detail/ui-ux-design-and-content-management-work-from-home-job-internship-at-protohubs-technology-llp1667385968","name":"UI/UX Design And Content Management","company":"ProtoHubs Technology LLP","location":"Work From Home","duration":"4 Months","stipend":"5,000 /month","applications":"48 applicants","skills":["Adobe After Effects","Adobe Illustrator","Adobe Indesign","Adobe Photoshop","Adobe Premiere Pro","Adobe XD","Content Writing","Figma","Sketch","UI & UX Design","User Interface (UI) Development","Wireframing"],"perks":["Certificate","Letter of recommendation","Flexible work hours","5 days a week"],"openings":"1"},{"url":"/internship/detail/ui-ux-design-internship-in-bangalore-mumbai-at-toothsi1667383628","name":"UI/UX Design","company":"ToothSi","location":"Bangalore","duration":"6 Months","stipend":"5,000-15,000 /month","applications":"138 applicants","skills":["Design Thinking","Figma","UI & UX Design","Wireframing"],"perks":["Letter of recommendation","Flexible work hours","Informal dress code","Job offer"],"openings":"6"},{"url":"/internship/detail/ui-ux-design-work-from-home-job-internship-at-astrople-technology-solutions-llp1667354435","name":"UI/UX Design","company":"Astrople Technology Solutions LLP","location":"Work From Home","duration":"3 Months","stipend":"4,500 /month","applications":"95 applicants","skills":["Adobe Illustrator","Adobe XD","Figma","Sketch","UI & UX Design","User Interface (UI) Development","Wireframing"],"perks":["Certificate","Flexible work hours","Job offer"],"openings":"2"}]}