{"success":40,"failed":0,"internships":[{"url":"/internship/detail/video-editing-work-from-home-job-internship-at-iit-bombay1667401276","name":"Video Editing","company":"IIT Bombay","location":"Work From Home","duration":"6 Months","stipend":"1,000-2,000 /month","applications":"105 applicants","skills":["Adobe Premiere Pro","Video Editing"],"perks":["Certificate","Letter of recommendation","Flexible work hours","5 days a week"],"openings":"1"},{"url":"/internship/detail/social-media-marketing-work-from-home-job-internship-at-hindustan-times-media-limited1667298876","name":"Social Media Marketing","company":"Hindustan Times Media Limited","location":"Work From Home","duration":"3 Months","stipend":"5,000 /month","applications":"275 applicants","skills":["Creative Writing","English Proficiency (Written)","Facebook Marketing","Instagram Marketing","Social Media Marketing"],"perks":["Certificate","Letter of recommendation","Flexible work hours"],"openings":"2"},{"url":"/internship/detail/video-editing-internship-in-bangalore-at-vedantu-innovations-private-limited1667390586","name":"Video Editing","company":"Vedantu Innovations Private Limited","location":"Bangalore","duration":"3 Months","stipend":"25,000 /month","applications":"113 applicants","skills":["Adobe After Effects","Adobe Illustrator","Adobe Photoshop","Adobe Premiere Pro"],"perks":["Certificate","Flexible work hours","Informal dress code"],"openings":"2"},{"url":"/internship/detail/software-design-internship-in-mumbai-at-star-india1666875001","name":"Software Design","company":"Star India","location":"Mumbai","duration":"3 Months","stipend":"20,000 /month","applications":"49 applicants","skills":["Blender 3D","UI & UX Design","Unity 3D","Unity Engine","Unreal Engine"],"perks":[],"openings":"1"},{"url":"/internship/detail/video-editing-internship-in-gurgaon-at-times-internet1666940438","name":"Video Editing","company":"Times Internet","location":"Gurgaon","duration":"3 Months","stipend":"9,000-10,000 /month","applications":"Be an early applicant","skills":[],"perks":["Certificate"],"openings":"1"},{"url":"/internship/detail/anchoring-news-presentation-internship-in-delhi-at-unimonks1667386333","name":"Anchoring - News Presentation","company":"Unimonks","location":"Delhi","duration":"3 Months","stipend":"3,000-6,000 /month","applications":"27 applicants","skills":["Anchoring"],"perks":["Certificate","Letter of recommendation"],"openings":"3"},{"url":"/internship/detail/video-editing-internship-in-delhi-at-purani-dili-talkies-llp1666874303","name":"Video Editing","company":"Purani Dili Talkies LLP","location":"Delhi","duration":"6 Months","stipend":"7,500 /month","applications":"48 applicants","skills":["Adobe Premiere Pro"],"perks":["Certificate","Letter of recommendation","Flexible work hours","Informal dress code"],"openings":"5"},{"url":"/internship/detail/social-media-content-creation-internship-in-gurgaon-at-planetspark1667464594","name":"Social Media Content Creation","company":"PlanetSpark","location":"Gurgaon","duration":"2 Months","stipend":"10,000 /month","applications":"Be an early applicant","skills":[],"perks":["Certificate"],"openings":"1"},{"url":"/internship/detail/video-editing-internship-in-delhi-at-unimonks1667549333","name":"Video Editing","company":"Unimonks","location":"Delhi","duration":"4 Months","stipend":"8,000-15,000 /month","applications":"Be an early applicant","skills":["Adobe After Effects","Video Editing"],"perks":["Certificate","Letter of recommendation"],"openings":"3"},{"url":"/internship/detail/videography-and-video-editing-internship-in-delhi-gurgaon-at-everstylish-lifestyle-private-limited1667367295","name":"Videography And Video Editing","company":"Everstylish Lifestyle Private Limited","location":"Delhi","duration":"3 Months","stipend":"5,000-15,000 /month","applications":"Be an early applicant","skills":["Adobe Premiere Pro","Photography","Video Editing","Video Making"],"perks":["Certificate","Letter of recommendation"],"openings":"2"},{"url":"/internship/detail/upsc-subject-matter-expert-internship-in-delhi-at-unimonks1667483112","name":"UPSC Subject Matter Expert","company":"Unimonks","location":"Delhi","duration":"3 Months","stipend":"5,000-12,000 /month","applications":"Be an early applicant","skills":[],"perks":["Certificate","Letter of recommendation"],"openings":"4"},{"url":"/internship/detail/video-making-editing-internship-in-multiple-locations-at-copper-mobile-india-private-limited1667209353","name":"Video Making/Editing","company":"Copper Mobile India Private Limited","location":"Faridabad","duration":"3 Months","stipend":"10,000-15,000 /month","applications":"Be an early applicant","skills":["Adobe After Effects","Adobe Illustrator","Adobe Photoshop","Adobe Premiere Pro","Final Cut Pro","Video Editing","Video Making"],"perks":["Certificate","Letter of recommendation","Flexible work hours","Informal dress code","5 days a week","Job offer"],"openings":"5"},{"url":"/internship/detail/video-making-editing-internship-in-mumbai-at-id8-media-solutions-private-limited1667458935","name":"Video Making/Editing","company":"id8 Media Solutions Private Limited","location":"Mumbai","duration":"3 Months","stipend":"5,000 /month","applications":"Be an early applicant","skills":["Adobe Photoshop","Video Editing","Video Making"],"perks":["Certificate","5 days a week","Job offer"],"openings":"5"},{"url":"/internship/detail/subject-matter-expert-sme-upsc-psir-internship-in-delhi-at-unimonks1667483269","name":"Subject Matter Expert (SME)- UPSC PSIR","company":"Unimonks","location":"Delhi","duration":"4 Months","stipend":"5,000-18,000 /month","applications":"Be an early applicant","skills":[],"perks":["Certificate","Letter of recommendation"],"openings":"2"},{"url":"/internship/detail/video-making-editing-internship-in-bangalore-at-pereyan-llp1666969790","name":"Video Making/Editing","company":"Pereyan LLP","location":"Bangalore","duration":"6 Months","stipend":"7,500 /month","applications":"Be an early applicant","skills":["Adobe After Effects","Adobe Illustrator","Adobe Photoshop","Adobe Premiere Pro","Final Cut Pro","Video Editing","Video Making"],"perks":["Certificate"],"openings":"2"},{"url":"/internship/detail/video-making-editing-internship-in-chennai-delhi-at-space-technology-education-private-limited1667465964","name":"Video Making/Editing","company":"Space Technology & Education Private Limited","location":"Chennai","duration":"3 Months","stipend":"5,000 /month","applications":"Be an early applicant","skills":["Content Marketing","Photography","Video Editing","Video Making"],"perks":["Certificate"],"openings":"2"},{"url":"/internship/detail/video-making-editing-internship-in-dehradun-at-eduminatti1666933257","name":"Video Making/Editing","company":"Eduminatti","location":"Dehradun","duration":"3 Months","stipend":"4,000 /month","applications":"Be an early applicant","skills":["Adobe After Effects","Adobe Premiere Pro"],"perks":["Certificate","Letter of recommendation"],"openings":"1"},{"url":"/internship/detail/video-editing-internship-in-thane-at-shailendra-patel1667479705","name":"Video Editing","company":"Shailendra Patel","location":"Thane","duration":"6 Months","stipend":"11,000 /month","applications":"Be an early applicant","skills":["Adobe Photoshop","Adobe Photoshop Lightroom CC","Adobe Premiere Pro"],"perks":["Certificate","Informal dress code"],"openings":"2"},{"url":"/internship/detail/direction-female-internship-in-delhi-at-purani-dili-talkies-llp1666874224","name":"Direction (Female)","company":"Purani Dili Talkies LLP","location":"Delhi","duration":"6 Months","stipend":"7,500 /month","applications":"Be an early applicant","skills":["English Proficiency (Spoken)"],"perks":["Certificate","Letter of recommendation","Flexible work hours","Informal dress code"],"openings":"6"},{"url":"/internship/detail/videography-internship-in-mumbai-at-rudralife1667238568","name":"Videography","company":"Rudralife","location":"Mumbai","duration":"6 Months","stipend":"10,000 /month","applications":"Be an early applicant","skills":["Adobe After Effects","Adobe Premiere Pro","Video Editing","Video Making"],"perks":["Certificate","Letter of recommendation","Informal dress code","Free snacks & beverages","Job offer"],"openings":"2"},{"url":"/internship/detail/influencer-marketing-internship-in-mumbai-at-man-matters-mosaic-wellness1667372302","name":"Influencer Marketing","company":"Man Matters (Mosaic Wellness)","location":"Mumbai","duration":"3 Months","stipend":"15,000 /month","applications":"71 applicants","skills":[],"perks":["Certificate","Flexible work hours","Informal dress code","5 days a week","Job offer"],"openings":"1"},{"url":"/internship/detail/social-media-content-creation-internship-in-bangalore-at-pereyan-llp1667197441","name":"Social Media Content Creation","company":"Pereyan LLP","location":"Bangalore","duration":"6 Months","stipend":"5,000-15,000 /month","applications":"Be an early applicant","skills":["Social Media Marketing"],"perks":[],"openings":"1"},{"url":"/internship/detail/3d-animation-internship-in-gurgaon-at-experiencesdigital1666930576","name":"3D Animation","company":"Experiences.digital","location":"Gurgaon","duration":"3 Months","stipend":"8,000 /month","applications":"Be an early applicant","skills":["3ds Max","Unity 3D"],"perks":[],"openings":"4"},{"url":"/internship/detail/anchoring-acting-content-creation-internship-in-gurgaon-delhi-at-everstylish-lifestyle-private-limited1667364333","name":"Anchoring/Acting/Content Creation","company":"Everstylish Lifestyle Private Limited","location":"Gurgaon","duration":"3 Months","stipend":"5,000-15,000 /month","applications":"34 applicants","skills":["Acting Audition","Acting technique","Content Marketing","Social Media Marketing","Video Making"],"perks":["Certificate","Letter of recommendation"],"openings":"3"},{"url":"/internship/detail/graphic-design-internship-in-bangalore-at-li-ning-studio1666876058","name":"Graphic Design","company":"Li-Ning Studio","location":"Bangalore","duration":"1 Month","stipend":"10,000 /month","applications":"42 applicants","skills":["Adobe After Effects","Adobe Creative Suite","Adobe Illustrator","Adobe Photoshop","Adobe Premiere Pro","Video Editing"],"perks":["Certificate","Letter of recommendation","Informal dress code"],"openings":"2"},{"url":"/internship/detail/video-influencing-internship-in-delhi-at-unimonks1667549248","name":"Video Influencing","company":"Unimonks","location":"Delhi","duration":"3 Months","stipend":"3,000-15,000 /month","applications":"Be an early applicant","skills":[],"perks":["Certificate","Letter of recommendation"],"openings":"3"},{"url":"/internship/detail/video-making-editing-internship-in-noida-at-karostartup1666168155","name":"Video Making/Editing","company":"KaroStartup","location":"Noida","duration":"3 Months","stipend":"20,000 /month","applications":"54 applicants","skills":["Adobe After Effects","Adobe Illustrator","Adobe Premiere Pro","Video Editing"],"perks":[],"openings":"1"},{"url":"/internship/detail/social-media-promotion-voice-over-art-part-time-job-internship-at-noida-in-pentagon-consulting1667652660","name":"Social Media Promotion/Voice Over Art","company":"Pentagon Consulting","location":"Noida","duration":"2 Months","stipend":"7,000 /month","applications":"Be an early applicant","skills":["Email Marketing","Instagram Marketing","Social Media Marketing","Video Editing","Video Making","Voice-over artist"],"perks":["Certificate","Letter of recommendation","Flexible work hours","Informal dress code"],"openings":"2"},{"url":"/internship/detail/unreal-engine-development-internship-in-multiple-locations-at-queppelin-technology-solutions-private-limited1667652113","name":"Unreal Engine Development","company":"Queppelin Technology Solutions Private Limited","location":"Faridabad","duration":"6 Months","stipend":"15,000 /month","applications":"Be an early applicant","skills":["C++ Programming","Unreal Engine"],"perks":["Certificate","Informal dress code","5 days a week","Job offer"],"openings":"2"},{"url":"/internship/detail/graphic-design-work-from-home-job-internship-at-ips-technical-solutions-private-limited1667584157","name":"Graphic Design","company":"IPS Technical Solutions Private Limited","location":"Work From Home","duration":"1 Month","stipend":"8,000 /month","applications":"53 applicants","skills":[],"perks":[],"openings":"50"},{"url":"/internship/detail/video-editing-vfx-art-internship-in-mumbai-at-the-retail-jeweller1667650498","name":"Video Editing (VFX Art)","company":"The Retail Jeweller","location":"Mumbai","duration":"1 Month","stipend":"12,000 /month","applications":"Be an early applicant","skills":["English Proficiency (Spoken)","English Proficiency (Written)","Video Editing","Video Making"],"perks":["Certificate","Letter of recommendation","5 days a week","Job offer"],"openings":"2"},{"url":"/internship/detail/3d-character-design-work-from-home-job-internship-at-dybo1667650098","name":"3D Character Design","company":"Dybo","location":"Work From Home","duration":"3 Months","stipend":"5,000-10,000 /month","applications":"Be an early applicant","skills":["Adobe Photoshop","Blender 3D","Unreal Engine"],"perks":["Certificate","Letter of recommendation","Flexible work hours","5 days a week"],"openings":"3"},{"url":"/internship/detail/image-and-video-editing-internship-in-chennai-at-foonix1667646826","name":"Image And Video Editing","company":"Foonix","location":"Chennai","duration":"6 Months","stipend":"3,000 /month","applications":"Be an early applicant","skills":["Adobe After Effects","Adobe Creative Suite","Adobe Photoshop","Adobe Premiere Pro","Video Editing"],"perks":["Certificate","Letter of recommendation","Flexible work hours","5 days a week"],"openings":"2"},{"url":"/internship/detail/video-editing-internship-in-noida-at-mentorkart-dgguru-learning-solutions-private-limited1667646677","name":"Video Editing","company":"MentorKart (DGguru Learning Solutions Private Limited)","location":"Noida","duration":"3 Months","stipend":"10,000 /month","applications":"Be an early applicant","skills":["Adobe After Effects","Adobe Illustrator","Adobe Photoshop","CorelDRAW"],"perks":[],"openings":"1"},{"url":"/internship/detail/video-editing-internship-in-mumbai-at-edit-it-media1667643905","name":"Video Editing","company":"Edit It Media","location":"Mumbai","duration":"3 Months","stipend":"5,000-10,000 /month","applications":"Be an early applicant","skills":["Adobe Premiere Pro"],"perks":[],"openings":"1"},{"url":"/internship/detail/graphic-design-and-video-editing-work-from-home-job-internship-at-alphanumeric-ideas-private-limited1667634907","name":"Graphic Design And Video Editing","company":"Alphanumeric Ideas Private Limited","location":"Work From Home","duration":"3 Months","stipend":"1,500-3,000 /month","applications":"36 applicants","skills":["Research and Analytics"],"perks":["Certificate","Letter of recommendation","Flexible work hours","5 days a week","Job offer"],"openings":"2"},{"url":"/internship/detail/video-making-editing-internship-in-noida-at-branding-pandit1667557271","name":"Video Making/Editing","company":"Branding Pandit","location":"Noida","duration":"3 Months","stipend":"10,000 /month","applications":"Be an early applicant","skills":["Adobe After Effects","Adobe Photoshop","Adobe Premiere Pro","Photography","Video Editing","Video Making"],"perks":["Certificate","Letter of recommendation","Informal dress code","Free snacks & beverages"],"openings":"1"},{"url":"/internship/detail/video-making-editing-dubai-based-internship-in-multiple-locations-at-ytviews-digital-media-private-limited1667634288","name":"Video Making/Editing (Dubai-Based)","company":"YTViews Digital Media Private Limited","location":"Delhi","duration":"3 Months","stipend":"8,000-10,000 /month","applications":"Be an early applicant","skills":[],"perks":["Flexible work hours","5 days a week"],"openings":"3"},{"url":"/internship/detail/videography-video-editing-internship-in-multiple-locations-at-aayom-welfare-society1667633533","name":"Videography & Video Editing","company":"Aayom Welfare Society","location":"Delhi","duration":"1 Month","stipend":"Unpaid","applications":"Be an early applicant","skills":["Audio Editing","Video Editing","Video Making"],"perks":["Certificate","Flexible work hours"],"openings":"4"},{"url":"/internship/detail/video-making-editing-internship-in-gurgaon-at-insaid1667632889","name":"Video Making/Editing","company":"INSAID","location":"Gurgaon","duration":"3 Months","stipend":"15,000 /month","applications":"Be an early applicant","skills":["Adobe After Effects","Adobe Illustrator","Adobe Photoshop","Adobe Premiere Pro","Final Cut Pro","Video Editing","Video Making"],"perks":[],"openings":"2"}]}