{"success":36,"failed":0,"internships":[{"url":"/internship/detail/video-editing-internship-in-gurgaon-at-times-internet1666940438","name":"Video Editing","company":"Times Internet","location":"Gurgaon","duration":"3 Months","stipend":"9,000-10,000 /month","applications":"Be an early applicant","skills":[],"perks":["Certificate"],"openings":"1"},{"url":"/internship/detail/videography-and-video-editing-internship-in-delhi-gurgaon-at-everstylish-lifestyle-private-limited1667367295","name":"Videography And Video Editing","company":"Everstylish Lifestyle Private Limited","location":"Delhi","duration":"3 Months","stipend":"5,000-15,000 /month","applications":"Be an early applicant","skills":["Adobe Premiere Pro","Photography","Video Editing","Video Making"],"perks":["Certificate","Letter of recommendation"],"openings":"2"},{"url":"/internship/detail/video-making-editing-internship-in-mumbai-at-id8-media-solutions-private-limited1667458935","name":"Video Making/Editing","company":"id8 Media Solutions Private Limited","location":"Mumbai","duration":"3 Months","stipend":"5,000 /month","applications":"Be an early applicant","skills":["Adobe Photoshop","Video Editing","Video Making"],"perks":["Certificate","5 days a week","Job offer"],"openings":"5"},{"url":"/internship/detail/videography-internship-in-mumbai-at-rudralife1667238568","name":"Videography","company":"Rudralife","location":"Mumbai","duration":"6 Months","stipend":"10,000 /month","applications":"Be an early applicant","skills":["Adobe After Effects","Adobe Premiere Pro","Video Editing","Video Making"],"perks":["Certificate","Letter of recommendation","Informal dress code","Free snacks & beverages","Job offer"],"openings":"2"},{"url":"/internship/detail/food-photography-videography-internship-in-mumbai-at-patilkaki1666069041","name":"Food Photography/Videography","company":"PatilKaki","location":"Mumbai","duration":"6 Months","stipend":"5,000-15,000 /month","applications":"36 applicants","skills":["Adobe Photoshop","Adobe Photoshop Lightroom CC","Adobe Premiere Pro","Canva"],"perks":["Certificate","Letter of recommendation","Flexible work hours","Informal dress code"],"openings":"1"},{"url":"/internship/detail/video-making-editing-dubai-based-internship-in-multiple-locations-at-ytviews-digital-media-private-limited1667634288","name":"Video Making/Editing (Dubai-Based)","company":"YTViews Digital Media Private Limited","location":"Delhi","duration":"3 Months","stipend":"8,000-10,000 /month","applications":"Be an early applicant","skills":[],"perks":["Flexible work hours","5 days a week"],"openings":"3"},{"url":"/internship/detail/videography-internship-in-chennai-at-saroyce-ventures1667551567","name":"Videography","company":"Saroyce Ventures","location":"Chennai","duration":"4 Months","stipend":"4,000-6,000 /month","applications":"Be an early applicant","skills":["Adobe Photoshop Lightroom CC","Photography","Video Editing","Video Making"],"perks":["Certificate","Letter of recommendation","Job offer"],"openings":"2"},{"url":"/internship/detail/videography-part-time-job-internship-at-delhi-gurgaon-in-radhika-aggarwal1667481925","name":"Videography","company":"Radhika Aggarwal","location":"Delhi","duration":"1 Month","stipend":"2,000 /month + Incentives","applications":"Be an early applicant","skills":[],"perks":["Flexible work hours","Job offer"],"openings":"1"},{"url":"/internship/detail/photography-videography-part-time-job-internship-at-navi-mumbai-mumbai-in-zoof-product-private-limited1667453467","name":"Photography/Videography","company":"Zoof Product Private Limited","location":"Navi Mumbai","duration":"3 Months","stipend":"5,000 /month","applications":"Be an early applicant","skills":["Photography"],"perks":["Certificate","Letter of recommendation","Flexible work hours"],"openings":"1"},{"url":"/internship/detail/video-making-cinematography-internship-in-delhi-at-euler-motors1667366754","name":"Video Making/Cinematography","company":"Euler Motors","location":"Delhi","duration":"3 Months","stipend":"15,000 /month","applications":"Be an early applicant","skills":["Adobe After Effects","Adobe Illustrator","Adobe Photoshop","Adobe Premiere Pro","Final Cut Pro","Video Editing","Video Making"],"perks":["Certificate","Informal dress code"],"openings":"2"},{"url":"/internship/detail/videography-photography-internship-in-delhi-at-nanhe-pakshi1667325799","name":"Videography & Photography","company":"Nanhe Pakshi","location":"Delhi","duration":"1 Month","stipend":"Unpaid","applications":"Be an early applicant","skills":[],"perks":["Certificate","Letter of recommendation"],"openings":"2"},{"url":"/internship/detail/video-production-internship-in-multiple-locations-at-socialboat1667294539","name":"Video Production","company":"SocialBoat","location":"Faridabad","duration":"3 Months","stipend":"15,000 /month","applications":"Be an early applicant","skills":["Adobe After Effects","Adobe Photoshop Lightroom CC","Adobe Premiere Pro","Final Cut Pro","Video Editing","Video Making"],"perks":["Certificate","Letter of recommendation","Flexible work hours","Informal dress code","Free snacks & beverages"],"openings":"1"},{"url":"/internship/detail/videography-part-time-job-internship-at-multiple-locations-in-vrindavan-school-of-learning-educational-society1667302096","name":"Videography","company":"Vrindavan School Of Learning Educational Society","location":"Secunderabad","duration":"2 Months","stipend":"2,500 /month","applications":"Be an early applicant","skills":["Adobe After Effects","Adobe Photoshop","Adobe Premiere Pro","Photography","Video Editing","Video Making"],"perks":["Certificate","Letter of recommendation","Flexible work hours","5 days a week"],"openings":"2"},{"url":"/internship/detail/videography-editing-script-writing-internship-in-bangalore-basavanagudi-at-bms-innolabs-software-private-limited1667300595","name":"Videography/Editing/Script Writing","company":"BMS Innolabs Software Private Limited","location":"Bangalore","duration":"6 Months","stipend":"5,000 /month + Incentives","applications":"Be an early applicant","skills":["Adobe Creative Suite","Final Cut Pro","Video Editing","Video Making"],"perks":["Job offer"],"openings":"2"},{"url":"/internship/detail/videography-internship-in-delhi-gurgaon-at-youstar-sports-development-private-limited1667298570","name":"Videography","company":"YOUSTAR SPORTS DEVELOPMENT PRIVATE LIMITED","location":"Delhi","duration":"1 Month","stipend":"2,500 /month","applications":"Be an early applicant","skills":["Adobe Photoshop","Photography","Video Editing","Video Making"],"perks":["Certificate","Letter of recommendation","Flexible work hours","Informal dress code","Free snacks & beverages"],"openings":"1"},{"url":"/internship/detail/photography-internship-in-delhi-gurgaon-at-primroot-technology-private-limited1667270998","name":"Photography","company":"Primroot Technology Private Limited","location":"Delhi","duration":"2 Months","stipend":"2,000 /month","applications":"Be an early applicant","skills":[],"perks":["Certificate","Letter of recommendation"],"openings":"2"},{"url":"/internship/detail/videography-part-time-job-internship-at-delhi-in-aditya-raj1667279213","name":"Videography","company":"Aditya Raj","location":"Delhi","duration":"3 Months","stipend":"2,500 /month","applications":"Be an early applicant","skills":[],"perks":["Certificate","Letter of recommendation","Informal dress code"],"openings":"1"},{"url":"/internship/detail/videography-internship-in-mumbai-at-detailing-devils-vasai1664363059","name":"Videography","company":"Detailing Devils Vasai","location":"Mumbai","duration":"3 Months","stipend":"8,000 /month","applications":"Be an early applicant","skills":["Adobe After Effects","Adobe Photoshop","Photography","Video Editing","Video Making"],"perks":["Letter of recommendation"],"openings":"1"},{"url":"/internship/detail/videography-internship-in-bangalore-at-analogy-design1667195817","name":"Videography","company":"Analogy Design","location":"Bangalore","duration":"6 Months","stipend":"15,000 /month","applications":"Be an early applicant","skills":["Adobe After Effects","Adobe Photoshop","Adobe Premiere Pro","Photography","Video Editing","Video Making"],"perks":["Certificate","Letter of recommendation","Informal dress code","5 days a week"],"openings":"1"},{"url":"/internship/detail/videography-part-time-job-internship-at-ahmedabad-in-arpita-shekhawat1666790221","name":"Videography","company":"Arpita Shekhawat","location":"Ahmedabad","duration":"6 Months","stipend":"5,000 /month","applications":"Be an early applicant","skills":["Adobe After Effects","Adobe Photoshop","Adobe Premiere Pro","Photography","Video Editing","Video Making"],"perks":["Certificate","Letter of recommendation","Flexible work hours","Informal dress code","Free snacks & beverages"],"openings":"1"},{"url":"/internship/detail/video-presentation-video-creation-internship-in-noida-at-saarthi-eduventure-opc-private-limited1666966539","name":"Video Presentation/Video Creation","company":"Saarthi Eduventure (OPC) Private Limited","location":"Noida","duration":"3 Months","stipend":"10,000 /month","applications":"Be an early applicant","skills":[],"perks":["Certificate","5 days a week","Job offer"],"openings":"2"},{"url":"/internship/detail/videography-video-editing-internship-in-pune-pimpri-chinchwad-at-fervid-creations1666939558","name":"Videography & Video Editing","company":"Fervid Creations","location":"Pune","duration":"2 Months","stipend":"5,000 /month","applications":"Be an early applicant","skills":["Adobe After Effects","Adobe Photoshop","Video Editing","Video Making"],"perks":["Certificate","Letter of recommendation","5 days a week","Job offer"],"openings":"1"},{"url":"/internship/detail/video-editing-internship-in-mumbai-at-open-secret1666941460","name":"Video Editing","company":"Open Secret","location":"Mumbai","duration":"1 Month","stipend":"20,000-40,000 /month","applications":"27 applicants","skills":[],"perks":["Flexible work hours","Informal dress code","Free snacks & beverages"],"openings":"1"},{"url":"/internship/detail/videography-internship-in-noida-at-peakpals1666937194","name":"Videography","company":"PeakPals","location":"Noida","duration":"3 Months","stipend":"8,000 /month","applications":"Be an early applicant","skills":[],"perks":["Certificate","Letter of recommendation"],"openings":"2"},{"url":"/internship/detail/video-editing-work-from-home-job-internship-at-aanya-foundation1666873935","name":"Video Editing","company":"Aanya Foundation","location":"Work From Home","duration":"2 Months","stipend":"2,000 /month","applications":"95 applicants","skills":["Video Editing","Video Making"],"perks":["Certificate","Letter of recommendation","Flexible work hours","5 days a week"],"openings":"1"},{"url":"/internship/detail/videography-internship-in-hyderabad-at-marpu-foundation1666847522","name":"Videography","company":"Marpu Foundation","location":"Hyderabad","duration":"1 Month","stipend":"Unpaid","applications":"Be an early applicant","skills":[],"perks":["Certificate"],"openings":"10"},{"url":"/internship/detail/videography-internship-in-gurgaon-at-cloutflow1666786312","name":"Videography","company":"CloutFlow","location":"Gurgaon","duration":"3 Months","stipend":"20,000 /month","applications":"Be an early applicant","skills":["Adobe Premiere Pro","Video Editing","Video Making"],"perks":[],"openings":"1"},{"url":"/internship/detail/videography-video-editing-internship-in-pune-at-foxberry-technologies-private-limited1666771964","name":"Videography/Video Editing","company":"Foxberry Technologies Private Limited","location":"Pune","duration":"3 Months","stipend":"5,000 /month","applications":"Be an early applicant","skills":["Photography","Video Editing","Video Making"],"perks":["Certificate","Informal dress code"],"openings":"10"},{"url":"/internship/detail/photography-and-videography-part-time-job-internship-at-multiple-locations-in-pet-project-india-private-limited1666768440","name":"Photography And Videography","company":"Pet Project India Private Limited","location":"Delhi","duration":"1 Week","stipend":"3,000 /week","applications":"36 applicants","skills":["Adobe Photoshop","Adobe Photoshop Lightroom CC","British English","English Proficiency (Spoken)","English Proficiency (Written)","Photography","Social Media Marketing","Video Editing","Video Making"],"perks":["Certificate","Letter of recommendation","Flexible work hours","Informal dress code","5 days a week","Free snacks & beverages","Job offer"],"openings":"10"},{"url":"/internship/detail/videography-internship-in-bangalore-at-aisle1666694286","name":"Videography","company":"Aisle","location":"Bangalore","duration":"3 Months","stipend":"25,000 /month","applications":"38 applicants","skills":["Adobe After Effects","Adobe Photoshop","Final Cut Pro","Photography","Video Editing"],"perks":["Certificate","Informal dress code","5 days a week"],"openings":"1"},{"url":"/internship/detail/youtube-vlogging-work-from-home-job-internship-at-buddha-education-association-incorporation1666507061","name":"YouTube Vlogging","company":"Buddha Education Association Incorporation","location":"Work From Home","duration":"1 Month","stipend":"9,000 /month","applications":"619 applicants","skills":["Video Editing","Video Making"],"perks":["Certificate","Letter of recommendation","5 days a week"],"openings":"3"},{"url":"/internship/detail/photography-videography-internship-in-jaipur-at-the-jp-films-production-and-events1666443581","name":"Photography/Videography","company":"The JP Films Production And Events","location":"Jaipur","duration":"6 Months","stipend":"3,000-7,000 /month","applications":"Be an early applicant","skills":["Adobe Illustrator","Adobe Photoshop","Adobe Photoshop Lightroom CC","Adobe Premiere Pro","Final Cut Pro","Photography","Video Making"],"perks":["Certificate","Letter of recommendation","Job offer"],"openings":"5"},{"url":"/internship/detail/video-editing-filmmaking-internship-in-delhi-at-aayush-sapra1666422550","name":"Video Editing & Filmmaking","company":"Aayush Sapra","location":"Delhi","duration":"6 Months","stipend":"15,000 /month","applications":"37 applicants","skills":["Adobe After Effects","Adobe Photoshop","Adobe Premiere Pro"],"perks":["Certificate","Letter of recommendation","Informal dress code","Job offer"],"openings":"1"},{"url":"/internship/detail/videography-internship-in-bangalore-at-spaine-hospitality1666378832","name":"Videography","company":"Spaine Hospitality","location":"Bangalore","duration":"3 Months","stipend":"15,000 /month","applications":"Be an early applicant","skills":["Video Editing","Video Making"],"perks":["Certificate","Letter of recommendation","Flexible work hours","Informal dress code","Free snacks & beverages"],"openings":"2"},{"url":"/internship/detail/videography-photography-internship-in-chennai-at-liquidstone1666363897","name":"Videography/Photography","company":"LiquidStone","location":"Chennai","duration":"6 Months","stipend":"5,000-10,000 /month","applications":"Be an early applicant","skills":[],"perks":["Certificate","Letter of recommendation","Informal dress code","5 days a week"],"openings":"1"},{"url":"/internship/detail/video-journalism-show-hosting-work-from-home-job-internship-at-uff-foods-private-limited1665657462","name":"Video Journalism/Show Hosting","company":"UFF Foods Private Limited","location":"Work From Home","duration":"3 Months","stipend":"8,000 /month","applications":"135 applicants","skills":["English Proficiency (Spoken)","Hindi Proficiency (Spoken)"],"perks":["Certificate","Flexible work hours","Job offer"],"openings":"1"}]}