{"success":40,"failed":0,"internships":[{"url":"/internship/detail/web-development-internship-in-noida-at-kcloud-technologies-private-limited1667568101","name":"Web Development","company":"Kcloud Technologies Private Limited","location":"Noida","duration":"3 Months","stipend":"2,000 /month","applications":"Be an early applicant","skills":["WordPress"],"perks":[],"openings":"4"},{"url":"/internship/detail/web-development-internship-in-delhi-at-adkey-media1667564338","name":"Web Development","company":"Adkey Media","location":"Delhi","duration":"3 Months","stipend":"5,000 /month","applications":"Be an early applicant","skills":["CSS","HTML","MySQL","PHP","WordPress"],"perks":["Certificate","Letter of recommendation","Flexible work hours","Informal dress code"],"openings":"1"},{"url":"/internship/detail/web-development-work-from-home-job-internship-at-oyesters-trainings1667560898","name":"Web Development","company":"Oyesters Trainings","location":"Work From Home","duration":"3 Months","stipend":"5,000-10,000 /month","applications":"59 applicants","skills":["MongoDB","MySQL","Node.js"],"perks":["Certificate","Letter of recommendation","Flexible work hours","5 days a week"],"openings":"2"},{"url":"/internship/detail/mern-stack-development-work-from-home-job-internship-at-zaveri-it-solutions-llc1667651225","name":"MERN Stack Development","company":"Zaveri IT Solutions LLC","location":"Work From Home","duration":"6 Months","stipend":"5,000 /month","applications":"Be an early applicant","skills":["C++ Programming","Hibernate (Java)","Java","Node.js","SQL"],"perks":["Certificate","Letter of recommendation","Flexible work hours","5 days a week","Job offer"],"openings":"9"},{"url":"/internship/detail/operations-work-from-home-job-internship-at-upciti-private-limited1667571095","name":"Operations","company":"Upciti Private Limited","location":"Work From Home","duration":"6 Months","stipend":"12,000 /month","applications":"66 applicants","skills":["English Proficiency (Spoken)","English Proficiency (Written)","MS-Excel","MS-Office","MS-PowerPoint"],"perks":["Certificate","Letter of recommendation"],"openings":"1"},{"url":"/internship/detail/reactjs-front-end-development-internship-in-multiple-locations-at-marksdzyn1667646520","name":"ReactJs Front End Development","company":"MarksDzyn","location":"Delhi","duration":"3 Months","stipend":"5,000-15,000 /month","applications":"40 applicants","skills":["ReactJS"],"perks":["Certificate","Letter of recommendation","Flexible work hours","Informal dress code","5 days a week","Job offer"],"openings":"4"},{"url":"/internship/detail/blockchain-development-work-from-home-job-internship-at-happax-vr1667562579","name":"Blockchain Development","company":"Happax VR","location":"Work From Home","duration":"3 Months","stipend":"10,000 /month","applications":"Be an early applicant","skills":["Blockchain","C++ Programming","Ethereum","Hyperledger","Java","JavaScript","Node.js","Python","ReactJS","React Native"],"perks":["Certificate","Letter of recommendation","Flexible work hours"],"openings":"2"},{"url":"/internship/detail/python-development-work-from-home-job-internship-at-dknsb-medical-device-consultants1667576274","name":"Python Development","company":"DKNSB Medical Device Consultants","location":"Work From Home","duration":"2 Months","stipend":"20,000 /month","applications":"54 applicants","skills":["Django","HTML","Machine Learning","Python"],"perks":["Certificate","Letter of recommendation","Flexible work hours","5 days a week"],"openings":"2"},{"url":"/internship/detail/web-development-work-from-home-job-internship-at-krishna-translations1667580567","name":"Web Development","company":"Krishna Translations","location":"Work From Home","duration":"6 Months","stipend":"2,000 /month","applications":"44 applicants","skills":["Adobe Illustrator","Adobe Indesign","Adobe Photoshop","Canva","Content Writing","Digital Marketing","Google Suite (G Suite)","Social Media Marketing","UI & UX Design","WordPress"],"perks":["Certificate","Letter of recommendation","Flexible work hours"],"openings":"1"},{"url":"/internship/detail/web-development-internship-in-multiple-locations-at-techasoft-private-limited1667581814","name":"Web Development","company":"Techasoft Private Limited","location":"Chandigarh","duration":"6 Months","stipend":"6,000-8,000 /month","applications":"Be an early applicant","skills":["Bootstrap","CSS","HTML","JavaScript","jQuery","MySQL","Node.js","PHP","Python","ReactJS","WordPress"],"perks":["Certificate","Flexible work hours"],"openings":"2"},{"url":"/internship/detail/web-development-internship-in-bangalore-at-phablecare1667564804","name":"Web Development","company":"Phablecare","location":"Bangalore","duration":"3 Months","stipend":"15,000 /month","applications":"38 applicants","skills":["CSS","HTML","JavaScript","Node.js","ReactJS"],"perks":["Certificate","Letter of recommendation","Flexible work hours","Informal dress code","5 days a week","Free snacks & beverages"],"openings":"3"},{"url":"/internship/detail/web-development-work-from-home-job-internship-at-nblik1667640813","name":"Web Development","company":"NbliK","location":"Work From Home","duration":"3 Months","stipend":"6,000 /month","applications":"84 applicants","skills":["CSS","HTML","ReactJS","Redux","REST API","TypeScript"],"perks":["Certificate","Letter of recommendation","Flexible work hours"],"openings":"1"},{"url":"/internship/detail/web-development-work-from-home-job-internship-at-milna1667567476","name":"Web Development","company":"Milna","location":"Work From Home","duration":"2 Months","stipend":"3,000 /month","applications":"53 applicants","skills":["CSS","HTML","PHP","SQL","WordPress"],"perks":["Certificate","Letter of recommendation","Flexible work hours","5 days a week"],"openings":"1"},{"url":"/internship/detail/web-development-work-from-home-job-internship-at-hunt-digital-media1667563542","name":"Web Development","company":"Hunt Digital Media","location":"Work From Home","duration":"2 Months","stipend":"5,000 /month","applications":"Be an early applicant","skills":[".NET","PHP"],"perks":["Certificate","Letter of recommendation","Flexible work hours","5 days a week"],"openings":"1"},{"url":"/internship/detail/web-development-work-from-home-job-internship-at-social-more1667548995","name":"Web Development","company":"Social More","location":"Work From Home","duration":"4 Months","stipend":"2,000-7,000 /month","applications":"66 applicants","skills":["Content Writing","Design Thinking","WordPress"],"perks":["Certificate","Letter of recommendation","5 days a week"],"openings":"2"},{"url":"/internship/detail/web-development-work-from-home-job-internship-at-naval-kindergarten-karanja1667313331","name":"Web Development","company":"Naval Kindergarten Karanja","location":"Work From Home","duration":"2 Weeks","stipend":"1,000 lump sum","applications":"95 applicants","skills":["CSS","HTML","Java"],"perks":["Certificate","Flexible work hours"],"openings":"1"},{"url":"/internship/detail/web-development-work-from-home-job-internship-at-alphanumeric-ideas-private-limited1667633403","name":"Web Development","company":"Alphanumeric Ideas Private Limited","location":"Work From Home","duration":"2 Months","stipend":"1,500-3,000 /month","applications":"82 applicants","skills":["CSS","HTML","JavaScript","MySQL","PHP"],"perks":["Certificate","Letter of recommendation","Flexible work hours","5 days a week"],"openings":"10"},{"url":"/internship/detail/web-development-part-time-job-internship-at-jaipur-in-apstia-llp1667556008","name":"Web Development","company":"Apstia LLP","location":"Jaipur","duration":"6 Months","stipend":"7,000 /month","applications":"Be an early applicant","skills":["Bootstrap","CSS","HTML","JavaScript","jQuery"],"perks":["Certificate","Letter of recommendation","Flexible work hours","Informal dress code","Job offer"],"openings":"2"},{"url":"/internship/detail/web-development-internship-in-kolkata-patna-at-givni-private-limited1667550288","name":"Web Development","company":"Givni Private Limited","location":"Kolkata","duration":"3 Months","stipend":"3,000 /month + Incentives","applications":"Be an early applicant","skills":["Bootstrap","CSS","Email Marketing","English Proficiency (Spoken)","HTML","JavaScript","jQuery","MS-Excel","MySQL","Node.js","PHP","ReactJS","WordPress"],"perks":["Certificate","Letter of recommendation","Flexible work hours","Informal dress code","5 days a week"],"openings":"5"},{"url":"/internship/detail/web-development-work-from-home-job-internship-at-risee1667623178","name":"Web Development","company":"Risee","location":"Work From Home","duration":"3 Months","stipend":"7,500 /month","applications":"103 applicants","skills":["Bootstrap","CSS","HTML","JavaScript","MEAN/MERN Stack","MongoDB","Node.js","PHP","ReactJS","Redux","REST API","WordPress"],"perks":["Certificate","Letter of recommendation","Flexible work hours"],"openings":"1"},{"url":"/internship/detail/django-development-internship-in-hyderabad-at-aptagrim1667615462","name":"Django Development","company":"APTAGRIM","location":"Hyderabad","duration":"6 Months","stipend":"12,000 /month","applications":"Be an early applicant","skills":["Django","PostgreSQL","Python","REST API"],"perks":["Certificate","Letter of recommendation","5 days a week","Free snacks & beverages"],"openings":"2"},{"url":"/internship/detail/blockchain-development-work-from-home-job-internship-at-xquantum-opc-private-limited1667612253","name":"Blockchain Development","company":"XQuantum OPC Private Limited","location":"Work From Home","duration":"1 Month","stipend":"5,000-10,000 /month","applications":"Be an early applicant","skills":["Ethereum","Python","Solidity"],"perks":[],"openings":"1"},{"url":"/internship/detail/web-development-work-from-home-job-internship-at-revoir1667487286","name":"Web Development","company":"Revoir","location":"Work From Home","duration":"3 Months","stipend":"1,500 /month + Incentives","applications":"89 applicants","skills":["Golang","ReactJS"],"perks":["Flexible work hours","5 days a week"],"openings":"1"},{"url":"/internship/detail/web-development-work-from-home-job-internship-at-rudraksha-welfare-foundation1667583533","name":"Web Development","company":"Rudraksha Welfare Foundation","location":"Work From Home","duration":"2 Months","stipend":"1,100 /month","applications":"84 applicants","skills":["CSS","HTML","JavaScript","MySQL","PHP"],"perks":["Certificate","Letter of recommendation","Flexible work hours"],"openings":"2"},{"url":"/internship/detail/php-development-internship-in-delhi-at-weskilled1667581543","name":"PHP Development","company":"WeSkilled","location":"Delhi","duration":"3 Months","stipend":"2,000 /month","applications":"Be an early applicant","skills":["PHP"],"perks":["Flexible work hours"],"openings":"10"},{"url":"/internship/detail/web-development-internship-in-delhi-gurgaon-at-samrika-critique-services-private-limited1667580394","name":"Web Development","company":"SAMRIKA CRITIQUE SERVICES Private Limited","location":"Delhi","duration":"4 Months","stipend":"6,000-10,000 /month","applications":"31 applicants","skills":["CSS","HTML","JavaScript","jQuery","REST API","Ruby on Rails","SQL"],"perks":["Certificate","Letter of recommendation","Flexible work hours","Informal dress code","5 days a week","Free snacks & beverages","Job offer"],"openings":"2"},{"url":"/internship/detail/web-development-work-from-home-job-internship-at-concetto-media1667579629","name":"Web Development","company":"Concetto Media","location":"Work From Home","duration":"3 Months","stipend":"2,000 /month","applications":"51 applicants","skills":[],"perks":["Certificate","Letter of recommendation","Flexible work hours","5 days a week"],"openings":"2"},{"url":"/internship/detail/web-development-work-from-home-job-internship-at-yottol-thegoodnetwork-wealthtech1667577609","name":"Web Development","company":"Yottol-TheGoodNetwork (WealthTech)","location":"Work From Home","duration":"3 Months","stipend":"2,000 /month","applications":"37 applicants","skills":["CSS","HTML","JavaScript","jQuery","MySQL","PHP"],"perks":["Certificate","Letter of recommendation","Flexible work hours","5 days a week"],"openings":"1"},{"url":"/internship/detail/web-development-work-from-home-job-internship-at-eduboardio1666699700","name":"Web Development","company":"Eduboard.io","location":"Work From Home","duration":"6 Months","stipend":"15,000 /month","applications":"128 applicants","skills":["CSS","HTML","JavaScript","MySQL","Node.js","ReactJS","Redux"],"perks":["Certificate","Letter of recommendation","Flexible work hours","5 days a week"],"openings":"1"},{"url":"/internship/detail/web-development-internship-in-mumbai-at-besick1667575952","name":"Web Development","company":"Besick","location":"Mumbai","duration":"3 Months","stipend":"5,000 /month","applications":"Be an early applicant","skills":["WordPress"],"perks":["Certificate","Letter of recommendation","Informal dress code"],"openings":"1"},{"url":"/internship/detail/teaching-python-machine-learning-work-from-home-job-internship-at-sure-trust1667575521","name":"Teaching (Python & Machine Learning)","company":"SURE Trust","location":"Work From Home","duration":"4 Months","stipend":"Unpaid","applications":"81 applicants","skills":["Machine Learning","Python"],"perks":["Certificate","Letter of recommendation","Flexible work hours"],"openings":"2"},{"url":"/internship/detail/full-stack-development-work-from-home-job-internship-at-settyl1667574976","name":"Full Stack Development","company":"Settyl","location":"Work From Home","duration":"6 Months","stipend":"3,000-6,000 /month","applications":"61 applicants","skills":["Express.js","JavaScript","MongoDB","Node.js","ReactJS","REST API"],"perks":["Certificate","Letter of recommendation","Flexible work hours"],"openings":"3"},{"url":"/internship/detail/java-development-internship-in-gurgaon-at-eduthrill1667544339","name":"Java Development","company":"EduThrill","location":"Gurgaon","duration":"6 Months","stipend":"20,000 /month","applications":"76 applicants","skills":["J2EE","Java","MySQL"],"perks":["Certificate","5 days a week"],"openings":"3"},{"url":"/internship/detail/web-development-work-from-home-job-internship-at-titli-foundation1667572831","name":"Web Development","company":"Titli Foundation","location":"Work From Home","duration":"3 Months","stipend":"Unpaid","applications":"42 applicants","skills":["CSS","HTML","JavaScript","MongoDB","MySQL","Node.js"],"perks":["Certificate","Letter of recommendation","Flexible work hours"],"openings":"20"},{"url":"/internship/detail/front-end-development-flutter-work-from-home-job-internship-at-relu-consultancy1667535385","name":"Front End Development (Flutter)","company":"Relu Consultancy","location":"Work From Home","duration":"6 Months","stipend":"10,000-20,000 /month","applications":"100 applicants","skills":["Android","Dart","Flutter","iOS","JSON","REST API"],"perks":["Certificate","Letter of recommendation","Flexible work hours"],"openings":"5"},{"url":"/internship/detail/vuejs-development-work-from-home-job-internship-at-the-renal-project1667569885","name":"Vue.js Development","company":"The Renal Project","location":"Work From Home","duration":"4 Months","stipend":"8,000-12,000 /month","applications":"Be an early applicant","skills":["Bootstrap","JavaScript","JSON","Vue Js"],"perks":["Certificate","Flexible work hours","Job offer"],"openings":"2"},{"url":"/internship/detail/full-stack-development-work-from-home-job-internship-at-vyorius1667569486","name":"Full Stack Development","company":"Vyorius","location":"Work From Home","duration":"2 Months","stipend":"2,000-5,000 /month","applications":"49 applicants","skills":["CSS","HTML","JavaScript","Node.js","ReactJS","Redux"],"perks":["Certificate","Letter of recommendation","Flexible work hours","Job offer"],"openings":"2"},{"url":"/internship/detail/web-development-internship-in-multiple-locations-at-metricoid-technology-solutions-private-limited1667569223","name":"Web Development","company":"Metricoid Technology Solutions Private Limited","location":"Ulhasnagar","duration":"6 Months","stipend":"8,000 /month","applications":"Be an early applicant","skills":["CSS","HTML","Java","jQuery","MySQL","PHP"],"perks":["Certificate","Letter of recommendation","Informal dress code","Free snacks & beverages"],"openings":"6"},{"url":"/internship/detail/web-development-work-from-home-job-internship-at-darwin-digitech1667565937","name":"Web Development","company":"Darwin Digitech","location":"Work From Home","duration":"4 Months","stipend":"5,000-8,000 /month","applications":"28 applicants","skills":["CSS","HTML","JavaScript","ReactJS","React Native"],"perks":["Certificate","Letter of recommendation","Job offer"],"openings":"2"},{"url":"/internship/detail/web-development-work-from-home-job-internship-at-technical-india1667565817","name":"Web Development","company":"Technical India","location":"Work From Home","duration":"2 Months","stipend":"5,000-10,000 /month","applications":"39 applicants","skills":["Angular 7.0","AngularJS","Bootstrap","CSS","HTML","JavaScript","PHP","ReactJS","TypeScript"],"perks":["Certificate","Letter of recommendation"],"openings":"2"}]}