{"success":40,"failed":0,"internships":[{"url":"/internship/detail/web-development-work-from-home-job-internship-at-social-more1667548995","name":"Web Development","company":"Social More","location":"Work From Home","duration":"4 Months","stipend":"2,000-7,000 /month","applications":"66 applicants","skills":["Content Writing","Design Thinking","WordPress"],"perks":["Certificate","Letter of recommendation","5 days a week"],"openings":"2"},{"url":"/internship/detail/wordpress-development-work-from-home-job-internship-at-the-learn-cloud1667563167","name":"WordPress Development","company":"The Learn Cloud","location":"Work From Home","duration":"6 Months","stipend":"10,000 /month","applications":"123 applicants","skills":["CSS","HTML","JavaScript","PHP","Python","WordPress"],"perks":["Certificate","Letter of recommendation","Job offer"],"openings":"4"},{"url":"/internship/detail/web-development-part-time-job-internship-at-delhi-gurgaon-in-rsks-agency1667460819","name":"Web Development","company":"RSKS Agency","location":"Delhi","duration":"3 Months","stipend":"6,000 /month + Incentives","applications":"52 applicants","skills":["Bootstrap","HTML","JavaScript","MySQL","PHP","WordPress"],"perks":["Certificate","Letter of recommendation","Flexible work hours","Informal dress code","5 days a week","Job offer"],"openings":"2"},{"url":"/internship/detail/wordpress-development-work-from-home-job-internship-at-sku-creations1667552667","name":"WordPress Development","company":"SKU Creations","location":"Work From Home","duration":"2 Months","stipend":"1,000-2,000 /month","applications":"56 applicants","skills":["WordPress"],"perks":["Certificate","Letter of recommendation","Flexible work hours","5 days a week","Job offer"],"openings":"4"},{"url":"/internship/detail/wordpress-development-work-from-home-job-internship-at-coach-foundation1667546545","name":"WordPress Development","company":"Coach Foundation","location":"Work From Home","duration":"6 Months","stipend":"400 /month","applications":"79 applicants","skills":["JavaScript","WordPress"],"perks":["Flexible work hours","5 days a week"],"openings":"1"},{"url":"/internship/detail/wordpress-development-work-from-home-job-internship-at-bollygrad-studioz1667465428","name":"WordPress Development","company":"Bollygrad Studioz","location":"Work From Home","duration":"6 Months","stipend":"7,000-10,000 /month","applications":"91 applicants","skills":["CSS","HTML","JavaScript","MySQL","PHP","Search Engine Optimization (SEO)","WordPress"],"perks":["Certificate","Letter of recommendation"],"openings":"5"},{"url":"/internship/detail/wordpress-development-internship-in-chennai-at-pikcha-india-private-limited1667542993","name":"WordPress Development","company":"Pikcha India Private Limited","location":"Chennai","duration":"6 Months","stipend":"20,000-35,000 /month","applications":"Be an early applicant","skills":["jQuery","PHP","React Native","WordPress"],"perks":["Flexible work hours","5 days a week"],"openings":"1"},{"url":"/internship/detail/wordpress-web-design-internship-in-chennai-at-w3squad-technology-solutions-llp1667480575","name":"WordPress Web Design","company":"W3Squad Technology Solutions LLP","location":"Chennai","duration":"3 Months","stipend":"6,000 /month","applications":"Be an early applicant","skills":["CSS","HTML","JavaScript","WordPress"],"perks":["Certificate","Letter of recommendation","Flexible work hours","Informal dress code","5 days a week","Free snacks & beverages"],"openings":"1"},{"url":"/internship/detail/wordpress-development-internship-in-mumbai-at-vitorscape-technologies1667415227","name":"WordPress Development","company":"Vitorscape Technologies","location":"Mumbai","duration":"3 Months","stipend":"8,000 /month","applications":"Be an early applicant","skills":["CSS","HTML","JavaScript","LARAVEL","PHP","Search Engine Optimization (SEO)","WordPress"],"perks":[],"openings":"1"},{"url":"/internship/detail/web-development-internship-in-pune-at-digipeddle-technologies1667389430","name":"Web Development","company":"Digipeddle Technologies","location":"Pune","duration":"3 Months","stipend":"5,000-8,000 /month","applications":"64 applicants","skills":["CSS","HTML","JavaScript","PHP","WordPress"],"perks":["Certificate","Letter of recommendation","Job offer"],"openings":"2"},{"url":"/internship/detail/web-development-work-from-home-job-internship-at-mumtree1667390302","name":"Web Development","company":"Mumtree","location":"Work From Home","duration":"3 Months","stipend":"3,000-5,000 /month","applications":"54 applicants","skills":["Search Engine Optimization (SEO)","WordPress"],"perks":["Certificate","Flexible work hours"],"openings":"1"},{"url":"/internship/detail/wordpress-development-part-time-job-internship-at-vadodara-in-nmr-enterprise1667390263","name":"WordPress Development","company":"NMR Enterprise","location":"Vadodara","duration":"3 Months","stipend":"3,000-8,000 /month","applications":"Be an early applicant","skills":["WordPress"],"perks":["Certificate","Letter of recommendation","Flexible work hours","Informal dress code","5 days a week"],"openings":"2"},{"url":"/internship/detail/wordpress-development-work-from-home-job-internship-at-x1-race-llp1667339635","name":"WordPress Development","company":"X1 Race LLP","location":"Work From Home","duration":"2 Months","stipend":"15,000-25,000 /month","applications":"112 applicants","skills":["UI & UX Design","WordPress"],"perks":["Certificate","Letter of recommendation","Flexible work hours"],"openings":"4"},{"url":"/internship/detail/delivery-qa-manual-testing-internship-in-delhi-at-nexgen-innovators-it-services-private-limited1667377147","name":"Delivery QA/Manual Testing","company":"NexGen Innovators IT Services Private Limited","location":"Delhi","duration":"3 Months","stipend":"5,000 /month","applications":"42 applicants","skills":["Manual Testing","PHP","Software Testing","UI & UX Design","Windows Mobile Application Development","WordPress"],"perks":["Certificate","Letter of recommendation"],"openings":"3"},{"url":"/internship/detail/wordpress-development-internship-in-hyderabad-at-outshade-digital-media1667373307","name":"WordPress Development","company":"Outshade Digital Media","location":"Hyderabad","duration":"6 Months","stipend":"7,000-10,000 /month","applications":"Be an early applicant","skills":["CSS","HTML","JavaScript","MySQL","PHP","WordPress"],"perks":["Certificate","Letter of recommendation"],"openings":"1"},{"url":"/internship/detail/graphic-design-internship-in-gurgaon-at-1k1667370650","name":"Graphic Design","company":"1K","location":"Gurgaon","duration":"3 Months","stipend":"10,000-15,000 /month","applications":"Be an early applicant","skills":["Adobe Dreamweaver","Adobe Illustrator","Adobe Indesign","Adobe Photoshop"],"perks":[],"openings":"1"},{"url":"/internship/detail/web-development-work-from-home-job-internship-at-udyogini1667299689","name":"Web Development","company":"Udyogini","location":"Work From Home","duration":"6 Months","stipend":"Unpaid","applications":"60 applicants","skills":["WordPress"],"perks":["Certificate","Letter of recommendation","Flexible work hours","5 days a week"],"openings":"1"},{"url":"/internship/detail/wordpress-development-work-from-home-job-internship-at-ouriken-it-services-it-consulting1667365585","name":"WordPress Development","company":"Ouriken - IT Services & IT Consulting","location":"Work From Home","duration":"3 Months","stipend":"5,000 /month","applications":"33 applicants","skills":["CSS","HTML","JavaScript","JSON","PHP","REST API","WordPress"],"perks":["Certificate","Flexible work hours","5 days a week"],"openings":"1"},{"url":"/internship/detail/wordpress-design-work-from-home-job-internship-at-honest-designs1667364303","name":"WordPress Design","company":"Honest Designs","location":"Work From Home","duration":"3 Months","stipend":"4,000-9,000 /month","applications":"62 applicants","skills":["CSS","English Proficiency (Spoken)","English Proficiency (Written)","HTML"],"perks":["Certificate","Letter of recommendation","Flexible work hours","5 days a week"],"openings":"4"},{"url":"/internship/detail/content-writing-internship-in-surat-at-b-czar1667303989","name":"Content Writing","company":"B Czar","location":"Surat","duration":"3 Months","stipend":"2,000-3,000 /month","applications":"Be an early applicant","skills":["Blogging","Creative Writing","English Proficiency (Spoken)","English Proficiency (Written)"],"perks":["Certificate","Letter of recommendation","Informal dress code","5 days a week"],"openings":"5"},{"url":"/internship/detail/wordpress-development-work-from-home-job-internship-at-dropdown1667292378","name":"WordPress Development","company":"Dropdown","location":"Work From Home","duration":"1 Month","stipend":"5,000 /month","applications":"64 applicants","skills":["WordPress"],"perks":["Certificate","Letter of recommendation","Flexible work hours"],"openings":"1"},{"url":"/internship/detail/web-development-work-from-home-job-internship-at-assembly1667219650","name":"Web Development","company":"Assembly","location":"Work From Home","duration":"2 Months","stipend":"1,000 /month","applications":"81 applicants","skills":["CSS","HTML","JavaScript","PHP","ReactJS","WordPress"],"perks":["Certificate","Letter of recommendation","Flexible work hours","5 days a week"],"openings":"2"},{"url":"/internship/detail/wordpress-development-work-from-home-job-internship-at-hostcode-lab1667238162","name":"WordPress Development","company":"Hostcode Lab","location":"Work From Home","duration":"3 Months","stipend":"1,500-2,500 /month","applications":"Be an early applicant","skills":["CSS","HTML","JavaScript","PHP","Search Engine Optimization (SEO)","WordPress"],"perks":["Certificate","Letter of recommendation","Flexible work hours","5 days a week"],"openings":"10"},{"url":"/internship/detail/wordpress-development-work-from-home-job-internship-at-orangefox1667238159","name":"WordPress Development","company":"Orangefox","location":"Work From Home","duration":"3 Months","stipend":"3,000-4,000 /month","applications":"50 applicants","skills":["CSS","HTML","JavaScript","PHP","WordPress"],"perks":["Flexible work hours"],"openings":"2"},{"url":"/internship/detail/digital-marketing-internship-in-jaipur-at-seo-engineers-agency1667039690","name":"Digital Marketing","company":"SEO Engineers Agency","location":"Jaipur","duration":"3 Months","stipend":"7,500 /month","applications":"Be an early applicant","skills":["Digital Marketing","English Proficiency (Spoken)","English Proficiency (Written)","Search Engine Marketing (SEM)","Search Engine Optimization (SEO)","Social Media Marketing"],"perks":["Certificate","Letter of recommendation","Flexible work hours","Informal dress code","5 days a week","Free snacks & beverages"],"openings":"3"},{"url":"/internship/detail/web-production-part-time-job-internship-at-pune-in-vamrr-technologies-private-limited1667041461","name":"Web Production","company":"VAMRR Technologies Private Limited","location":"Pune","duration":"3 Months","stipend":"6,000 /month","applications":"149 applicants","skills":["British English","CSS","HTML"],"perks":["Certificate","Letter of recommendation","Flexible work hours","5 days a week"],"openings":"1"},{"url":"/internship/detail/php-wordpress-development-internship-in-multiple-locations-at-digilogic-infocom1667040901","name":"PHP & WordPress Development","company":"DigiLogic Infocom","location":"Delhi","duration":"6 Months","stipend":"5,000 /month","applications":"Be an early applicant","skills":[".NET","CodeIgniter","PHP","WordPress"],"perks":["Certificate","Letter of recommendation","5 days a week"],"openings":"4"},{"url":"/internship/detail/wordpress-development-internship-in-mumbai-at-iide-education-private-limited1667032882","name":"WordPress Development","company":"IIDE Education Private Limited","location":"Mumbai","duration":"6 Months","stipend":"5,000 /month","applications":"32 applicants","skills":["CSS","HTML","JavaScript","jQuery","WordPress"],"perks":["Letter of recommendation"],"openings":"2"},{"url":"/internship/detail/wordpress-development-work-from-home-job-internship-at-unitedover-llc1667010534","name":"WordPress Development","company":"UnitedOver LLC","location":"Work From Home","duration":"3 Months","stipend":"3,000-8,000 /month","applications":"53 applicants","skills":["CSS","English Proficiency (Spoken)","English Proficiency (Written)","HTML","JavaScript","PHP","WordPress"],"perks":["Certificate","Letter of recommendation","Flexible work hours"],"openings":"1"},{"url":"/internship/detail/website-management-wordpress-work-from-home-job-internship-at-happy-life-foundation1666978070","name":"Website Management (WordPress)","company":"Happy Life Foundation","location":"Work From Home","duration":"2 Months","stipend":"Unpaid","applications":"90 applicants","skills":["WordPress"],"perks":["Certificate","Letter of recommendation"],"openings":"12"},{"url":"/internship/detail/wordpress-development-work-from-home-job-internship-at-kodenative-technology-private-limited1666951094","name":"WordPress Development","company":"Kodenative Technology Private Limited","location":"Work From Home","duration":"6 Months","stipend":"6,000 /month","applications":"76 applicants","skills":["CSS","HTML","JavaScript","PHP","Search Engine Optimization (SEO)","WordPress"],"perks":["Certificate","Letter of recommendation","Flexible work hours"],"openings":"1"},{"url":"/internship/detail/web-development-work-from-home-job-internship-at-tanishq-harjani1666901591","name":"Web Development","company":"Tanishq Harjani","location":"Work From Home","duration":"1 Month","stipend":"2,000 /month","applications":"98 applicants","skills":["Email Marketing","Sales and Marketing","WordPress"],"perks":["Certificate","Flexible work hours"],"openings":"1"},{"url":"/internship/detail/social-media-marketing-work-from-home-job-internship-at-growth-best1666874559","name":"Social Media Marketing","company":"Growth Best","location":"Work From Home","duration":"3 Months","stipend":"2,000-3,000 /month","applications":"53 applicants","skills":[],"perks":["Certificate","Letter of recommendation","Flexible work hours","5 days a week"],"openings":"4"},{"url":"/internship/detail/wordpress-development-work-from-home-job-internship-at-akash-yadav1666793679","name":"WordPress Development","company":"Akash Yadav","location":"Work From Home","duration":"1 Month","stipend":"2,500 /month","applications":"122 applicants","skills":["Search Engine Optimization (SEO)","WordPress"],"perks":["Flexible work hours"],"openings":"1"},{"url":"/internship/detail/web-development-work-from-home-job-internship-at-doctor-promoter1666752988","name":"Web Development","company":"Doctor Promoter","location":"Work From Home","duration":"3 Months","stipend":"2,000 /month","applications":"171 applicants","skills":["CSS","HTML","MySQL","WordPress"],"perks":["Certificate","Letter of recommendation"],"openings":"3"},{"url":"/internship/detail/content-writing-work-from-home-job-internship-at-crazeenews1666670631","name":"Content Writing","company":"Crazeenews","location":"Work From Home","duration":"3 Months","stipend":"1,500 /month","applications":"107 applicants","skills":["Blogging","Content Writing","WordPress"],"perks":["Certificate","Letter of recommendation","Flexible work hours"],"openings":"3"},{"url":"/internship/detail/wordpress-development-work-from-home-job-internship-at-techax-labs-llp1666720815","name":"WordPress Development","company":"Techax Labs LLP","location":"Work From Home","duration":"3 Months","stipend":"1,000-2,000 /month","applications":"70 applicants","skills":["CSS","HTML","WordPress"],"perks":["Certificate","Letter of recommendation","Flexible work hours"],"openings":"1"},{"url":"/internship/detail/web-development-work-from-home-job-internship-at-sarvadigi-digital-media1666647207","name":"Web Development","company":"SarvaDigi Digital Media","location":"Work From Home","duration":"3 Months","stipend":"2,000 /month","applications":"120 applicants","skills":["Bootstrap","CSS","HTML","JavaScript","MySQL","PHP","WordPress"],"perks":["Certificate","Letter of recommendation","Flexible work hours"],"openings":"5"},{"url":"/internship/detail/web-development-work-from-home-job-internship-at-one-stop-pet-shop1666421429","name":"Web Development","company":"One Stop Pet Shop","location":"Work From Home","duration":"2 Months","stipend":"1,000-2,000 /month","applications":"136 applicants","skills":["Google Workspace","MS-Excel","WordPress"],"perks":["Certificate","Letter of recommendation","Flexible work hours"],"openings":"3"},{"url":"/internship/detail/wordpress-development-internship-in-gurgaon-at-variety-innovation-venture-private-limited1665573821","name":"WordPress Development","company":"Variety Innovation Venture Private Limited","location":"Gurgaon","duration":"6 Months","stipend":"15,000-20,000 /month","applications":"130 applicants","skills":["CSS","HTML","MySQL","PHP","WordPress"],"perks":["Certificate","Letter of recommendation","Informal dress code","Free snacks & beverages","Job offer"],"openings":"1"}]}